1,0.184,-12.823,G,15.5,1.0,0.3,142,,
,0.018,12.408,G,14.8,0.9,0.7,53,,
,0.022,17.901,G,14.1,1.2,0.8,12,,
,0.069,-27.029,G,14.6,1.0,0.7,9,,
,0.022,6.267,G,14.6,1.2,1.1,146,,
,-0.000,13.871,G,14.6,0.9,0.6,174,,
,0.002,-13.817,G,15.2,0.8,0.3,129,,
,0.012,-10.900,G,15.4,0.6,0.5,122,,
,0.009,73.426,G,10.3,6.8,6.0,129,,
1,-0.000,-61.957,G,15.1,1.0,0.3,20,,
,0.001,10.353,G,14.9,1.3,0.5,162,,
1,0.127,-7.761,G,15.9,0.4,0.4,91,,
,0.003,-13.033,G,15.2,0.6,0.3,62,,
,0.006,15.743,G,14.8,0.7,0.5,102,,
,0.001,-14.236,G,15.0,1.1,0.4,29,,
,0.002,-0.054,G,15.2,0.8,0.7,30,,
,-0.000,-1.369,G,14.9,0.9,0.8,18,,
,0.008,12.846,G,15.5,0.5,0.5,6,,
,0.007,-8.917,G,14.7,0.8,0.4,45,,
,0.021,-3.639,G,15.1,0.8,0.8,20,,
1,0.006,12.313,G,15.3,0.9,0.4,34,,
1,0.032,-12.965,G,15.8,0.6,0.3,148,,
,0.000,-0.084,G,15.6,0.3,0.2,85,,
,0.018,11.278,G,15.8,0.7,0.5,160,,
,0.001,0.093,G,15.2,0.7,0.4,23,,
,0.003,14.353,G,15.6,1.2,0.2,90,,
,0.010,-14.410,G,16.1,0.6,0.4,1,,
,0.001,0.004,G,15.3,0.8,0.6,123,,
,0.008,11.262,G,13.8,2.8,1.1,156,,
,0.035,1.234,G,15.0,0.9,0.7,18,,
,0.002,-25.799,G,15.5,0.3,0.3,60,,
,0.013,0.082,G,16.2,0.7,0.4,158,,
,0.001,-0.061,G,15.0,0.8,0.6,65,,
1,0.012,17.876,G,15.0,1.1,0.4,14,,
,0.005,-16.630,G,15.2,0.7,0.5,162,,
,0.024,-1.254,G,15.4,0.8,0.5,56,,
,0.021,45.070,G,13.2,1.3,1.1,87,,
2,0.010,-2.389,G,14.3,0.8,0.6,82,,
,-0.001,-40.994,G,16.1,0.4,0.2,100,,
,0.011,5.554,G,13.2,1.1,0.9,172,,
,0.006,10.037,G,13.8,1.3,1.0,77,,
,0.036,-11.353,G,14.7,1.0,0.9,169,,
,0.005,-3.939,G,13.8,1.7,1.1,55,,
,0.034,17.534,G,15.3,0.9,0.4,96,,
,0.038,6.508,G,15.3,0.9,0.6,94,,
1,0.017,-2.881,G,15.0,0.6,0.3,175,,
,-0.004,-20.563,G,15.1,0.8,0.7,116,,
,0.055,24.685,G,15.5,1.0,1.0,10,,
,0.004,-25.519,G,15.5,0.8,0.5,105,,
,0.041,74.822,RfN,,10.0,5.0,,,
,-0.023,-74.502,G,15.8,1.0,0.8,48,,
,0.017,20.865,G,15.2,1.3,1.3,175,,
,0.027,4.301,G,15.0,0.8,0.5,25,,
,0.012,49.104,HII,13.3,10.0,3.0,,,
,-0.001,-33.853,G,14.0,1.0,0.7,148,,
,0.025,20.623,G,13.6,2.6,0.7,154,,
,-0.006,-16.885,G,14.1,1.2,0.4,124,,
2,0.014,0.244,G,14.7,0.8,0.4,71,,
,-0.005,-30.990,G,16.8,0.4,0.2,147,,
2,0.063,4.716,G,15.4,0.6,0.5,149,,
,0.018,-0.677,G,15.6,0.6,0.5,5,,
,0.021,6.747,G,15.0,0.7,0.5,31,,
,0.017,-15.392,G,15.4,0.8,0.4,116,,
,0.008,-10.866,G,15.0,0.5,0.4,90,,
,0.002,-0.424,G,15.2,1.8,0.8,126,,
,0.000,-0.104,G,14.9,1.2,0.9,158,,
,0.000,0.541,GPair,,1.2,,,,
,0.009,13.712,G,14.5,1.2,0.9,145,,
,-0.004,-14.304,G,14.8,0.9,0.8,93,,
,0.023,17.689,G,15.2,0.7,0.5,114,,
,0.015,-0.049,G,15.2,0.7,0.4,12,,
1,0.035,-17.882,G,15.3,0.7,0.3,142,,
,0.013,17.007,G,15.4,0.7,0.6,66,,
,0.004,0.027,G,18.1,0.5,0.4,129,,
1,0.033,-8.769,G,14.8,1.2,1.1,146,,
,0.036,10.531,G,16.5,0.7,0.3,64,,
1,0.006,-19.614,G,13.6,1.2,0.6,171,,
1,0.005,4.486,G,16.2,0.6,0.5,54,,
,0.021,42.191,G,14.7,0.8,0.3,44,,
1,0.006,-42.222,G,16.3,0.7,0.6,55,,
,0.025,-0.348,G,15.8,0.6,0.5,54,,
,0.008,8.310,G,14.5,1.0,0.8,88,,
,0.020,14.574,G,15.0,1.2,0.6,124,,
,0.005,-0.044,G,15.6,0.8,0.4,111,,
,0.003,-7.843,G,15.4,0.9,0.7,128,,
1,0.003,0.031,G,15.6,0.6,0.3,47,,
1,0.011,12.790,G,14.2,1.6,1.3,6,,
,-0.013,-27.501,G,15.5,1.3,0.4,4,,
,0.009,14.702,G,14.9,0.8,0.6,70,,
2,0.014,9.377,G,14.2,0.7,0.4,127,,
,0.006,7.749,G,,0.3,0.3,160,,
,-0.000,-9.282,G,15.6,1.4,0.6,154,,
,0.008,9.305,G,14.0,0.8,0.8,80,,
,-0.001,-24.197,G,14.6,0.9,0.6,125,,
1,0.013,-0.015,G,15.8,0.7,0.6,31,,
,0.005,2.957,G,15.2,1.2,0.6,77,,
,0.005,0.124,G,15.1,0.9,0.3,138,,
,0.003,4.429,G,14.2,1.0,0.6,108,,
,-0.003,-17.352,G,16.0,0.7,0.3,14,,
,0.011,17.285,G,15.2,0.7,0.5,44,,
1,0.007,-15.726,G,16.2,0.6,0.6,53,,
,0.009,11.296,G,15.7,0.9,0.8,30,,
,-0.000,-4.996,G,9.2,1.7,0.5,110,,
,0.026,-5.644,G,15.3,0.8,0.6,165,,
,0.002,-0.030,G,15.3,1.2,0.6,63,,
,-0.000,-2.938,G,15.5,0.8,0.6,27,,
,0.029,46.345,HII,12.5,0.3,,,,
,0.000,0.193,HII,14.8,0.7,0.6,,,
,0.000,-0.058,HII,18.4,0.5,0.5,,,
1,0.017,-0.268,HII,,0.4,,,,
2,-0.020,-31.310,G,14.7,1.1,0.7,23,,
2,-0.003,-14.125,G,14.3,1.2,0.9,5,,
,0.017,45.573,HII,14.2,0.5,,,,
,0.005,0.018,HII,11.4,0.3,,,,
,0.058,-44.091,G,15.7,0.7,0.7,46,,
,0.016,14.056,G,15.4,0.7,0.5,6,,
1,0.023,-15.604,G,15.2,0.8,0.4,58,,
,0.040,28.840,G,13.8,1.8,0.6,45,,
,0.000,-30.277,G,14.4,1.3,0.4,82,,
,0.009,20.500,G,14.9,0.9,0.5,137,,
3,0.039,6.449,G,14.8,1.2,0.2,66,,
1,0.003,-0.096,G,14.9,1.5,1.3,105,,
1,0.007,-17.489,G,15.9,0.7,0.5,140,,
,0.009,-1.701,G,14.2,1.4,0.8,28,,
,0.001,-4.611,G,14.9,1.3,0.9,85,,
,0.037,23.756,G,14.3,0.9,0.5,67,,
,0.003,0.014,G,14.5,1.3,1.3,85,,
,0.006,10.189,G,13.3,1.6,0.7,90,,
,-0.002,-24.615,G,14.0,1.6,1.4,167,,
1,0.054,65.757,OCl,11.7,7.5,,,,
,-0.021,-39.940,G,13.3,1.6,0.9,107,,
,-0.011,-30.436,G,14.8,1.1,0.4,104,,
,0.003,-4.157,G,15.8,0.7,0.5,76,,
,0.022,4.162,G,15.3,0.8,0.6,92,,
,0.054,43.800,G,13.7,2.3,1.9,107,,
,-0.005,-34.471,G,14.7,0.5,0.4,95,,
,0.018,0.474,G,14.1,0.9,0.7,90,,
,0.005,2.477,G,14.5,1.5,1.0,97,,
,0.001,-2.430,G,15.7,0.5,0.5,9,,
,0.009,-3.351,G,14.9,1.8,0.4,94,,
,0.002,1.929,G,15.5,0.5,0.5,11,,
,0.032,36.765,G,13.3,0.9,0.8,159,,
,0.021,1.346,G,12.6,1.1,0.9,111,,
,-0.003,-14.417,G,15.3,0.8,0.3,150,,
,0.001,0.055,G,15.8,0.6,0.5,55,,
,-0.003,-16.247,G,14.5,1.1,0.7,36,,
,-0.005,-12.759,G,14.9,1.2,0.4,98,,
,0.005,-1.493,G,13.9,1.1,0.6,178,,
,0.004,5.312,G,15.7,0.8,0.3,82,,
,0.005,-0.024,GTrpl,,1.1,,,,
,0.018,28.033,G,13.8,2.2,0.7,70,,
,0.005,0.066,G,14.4,0.5,0.3,46,,
,0.001,-2.996,G,14.8,0.8,0.7,86,,
,0.004,-0.001,G,15.0,0.2,0.2,95,,
1,0.007,-7.536,G,14.8,0.9,0.7,148,,
,-0.000,-4.921,G,14.6,1.4,1.0,154,,
,0.009,-8.479,G,15.2,1.9,0.3,14,,
,0.011,12.095,G,13.2,1.5,0.7,135,,
,0.002,0.030,G,14.1,2.5,0.7,9,,
,0.004,-11.952,G,14.2,1.0,0.5,54,,
,0.033,6.509,G,14.8,1.0,0.6,51,,
,0.004,-0.069,G,15.3,1.3,0.6,24,,
,-0.014,21.948,G,12.8,1.4,1.1,92,,
,0.030,-22.060,G,16.8,0.5,0.5,60,,
,0.004,0.053,G,15.2,1.4,0.4,131,,
,-0.000,-0.045,G,16.9,0.6,0.5,10,,
,-0.001,-10.553,G,15.8,0.6,0.4,155,,
,0.000,-0.661,G,14.8,0.9,0.8,40,,
,0.035,-4.877,G,14.3,1.2,0.4,130,,
,0.002,0.046,G,14.5,1.8,0.5,98,,
,-0.020,13.317,G,14.7,1.3,1.1,168,,
,0.009,-13.454,G,13.8,1.5,1.0,82,,
,0.008,-2.621,G,13.8,2.4,0.7,66,,
,0.028,13.532,G,14.1,1.7,0.8,56,,
,0.041,12.742,G,15.8,0.8,0.5,84,,
,0.008,-0.138,G,13.2,1.4,1.0,148,,
,-0.000,-11.283,G,14.2,0.6,0.5,65,,
,0.001,-11.979,G,15.6,0.8,0.2,78,,
,0.029,4.791,G,15.9,0.5,0.3,25,,
,0.005,-9.912,G,15.1,2.0,0.5,35,,
,0.015,13.209,G,15.6,0.9,0.3,75,,
,0.026,-8.185,G,14.4,1.6,1.2,177,,
,0.009,-5.879,G,15.1,0.7,0.3,34,,
,0.058,41.039,G,13.8,1.5,1.2,16,,
,0.002,-16.619,G,15.1,0.8,0.7,42,,
,-0.013,-32.384,G,14.1,1.1,0.6,143,,
,0.046,8.182,G,15.0,0.9,0.6,130,,
,0.028,13.725,G,14.8,1.0,0.9,158,,
,0.022,27.048,G,16.0,0.8,0.7,55,,
,0.005,-0.034,G,15.4,2.0,1.8,80,,
2,0.012,-39.006,G,15.5,0.6,0.4,87,,
,0.019,12.010,G,15.1,0.7,0.3,162,,
,0.021,0.087,G,14.3,1.1,0.7,154,,
,0.008,1.544,G,15.5,0.3,0.3,100,,
,-0.001,-2.950,G,15.2,0.7,0.3,158,,
,0.020,20.781,G,14.3,0.4,0.3,35,,
,0.002,-20.772,G,16.0,0.7,0.4,23,,
,0.010,1.271,G,14.7,0.5,0.5,11,,
,0.031,11.698,G,14.0,1.4,0.8,35,,
,0.018,26.132,G,11.2,4.2,4.0,75,,
1,0.024,-36.642,G,14.5,0.9,0.6,152,,
1,0.010,-9.230,G,15.5,1.2,0.7,20,,
,0.015,9.631,G,15.3,0.7,0.5,176,,
,-0.008,-17.035,G,15.0,1.1,0.3,25,,
,0.026,16.785,G,15.4,0.7,0.6,48,,
,-0.006,-14.213,G,14.7,0.9,0.6,45,,
,0.022,29.546,G,14.3,1.0,0.7,147,,
1,-0.009,-31.126,G,15.1,0.9,0.7,178,,
,0.005,-1.644,G,15.0,0.8,0.7,96,,
,0.009,0.110,G,15.3,1.0,0.6,26,,
,0.006,-0.199,G,14.9,0.9,0.7,162,,
,-0.001,-0.060,G,14.9,0.3,0.2,55,,
,0.083,31.395,G,15.7,0.6,0.4,45,,
,0.044,30.667,G,14.3,0.5,0.3,30,,
,0.001,0.021,G,12.7,1.9,1.2,154,,
,0.000,-5.924,G,15.5,1.5,1.2,170,,
,-0.001,0.003,G,15.4,0.7,0.5,130,,
,0.022,5.900,G,15.1,1.5,0.8,170,,
1,0.012,-4.127,G,14.7,2.1,1.7,36,,
,-0.034,-42.898,G,14.7,0.7,0.4,168,,
,-0.015,-0.039,G,16.9,0.5,0.4,28,,
,0.099,41.764,G,15.5,0.7,0.6,60,,
,0.006,0.607,G,15.7,0.7,0.3,136,,
,-0.021,-29.413,G,13.1,1.9,0.7,170,,
,0.027,-26.952,G,15.3,1.0,0.6,68,,
,0.000,0.036,G,15.3,1.2,0.3,126,,
,0.005,-0.141,G,14.1,1.8,1.4,51,,
,0.004,2.200,G,14.7,1.1,0.6,131,,
,0.002,-2.179,G,14.9,1.0,0.7,30,,
,0.018,16.962,G,14.3,1.5,0.5,32,,
1,0.063,41.573,GTrpl,,1.0,,,,
,-0.038,-60.051,G,14.0,1.7,0.6,62,,
,0.019,18.474,G,13.1,1.0,0.9,44,,
,0.028,34.995,G,14.7,2.2,2.2,125,,
,-0.005,-21.557,G,15.2,0.5,0.5,166,,
3,0.044,-16.413,G,17.9,0.7,0.5,5,,
,0.039,42.576,G,11.6,4.3,2.1,14,,
,-0.035,-54.387,G,15.0,1.4,0.4,117,,
1,0.015,-0.055,G,15.4,0.8,0.6,9,,
,0.043,54.458,G,14.9,1.0,0.3,41,,
,0.046,18.929,PN,13.2,0.6,,,,
,-0.010,-20.343,G,15.4,1.2,0.3,129,,
,-0.038,-53.561,G,14.7,1.2,0.5,91,,
,0.046,53.353,G,13.5,1.2,0.7,73,,
,0.012,0.371,G,15.5,1.1,0.8,108,,
,0.002,-0.515,G,15.5,1.5,1.2,106,,
3,0.005,-39.307,GPair,,0.8,,,,
,-0.005,-14.425,G,15.8,0.9,0.7,30,,
,0.054,55.525,G,16.1,0.7,0.6,115,,
,0.009,-0.192,G,14.9,1.3,1.1,177,,
,-0.033,-37.516,G,12.9,1.8,1.2,22,,
,-0.003,-16.397,G,16.2,0.6,0.5,47,,
,0.039,49.572,G,14.7,1.1,0.7,29,,
,0.001,-0.022,G,15.6,0.8,0.6,74,,
,-0.034,-49.576,G,15.5,0.7,0.6,79,,
,0.012,11.475,G,14.5,1.6,0.6,67,,
,0.042,41.422,G,14.2,1.2,0.9,4,,
,-0.003,-0.376,G,14.8,1.0,0.9,30,,
,0.011,0.520,G,12.7,1.5,1.4,25,,
,0.001,-1.321,G,15.7,1.0,1.0,100,,
,0.022,1.750,G,14.6,1.2,0.6,125,,
,0.047,0.140,G,14.8,1.3,0.9,42,,
1,-0.030,-37.855,G,15.5,0.7,0.3,45,,
,0.037,37.892,GPair,,0.8,,,,
,-0.041,-54.671,G,14.9,0.9,0.7,58,,
,0.031,-1.828,G,14.7,1.1,0.5,134,,
1,0.087,55.357,G,15.3,1.1,0.9,99,,
,-0.025,-55.774,G,14.8,1.0,0.9,25,,
,0.025,18.666,G,15.3,0.8,0.4,6,,
2,0.081,-10.728,G,15.6,0.8,0.7,80,,
,-0.004,-7.379,G,15.4,1.1,0.8,101,,
,0.009,-0.266,G,15.2,0.8,0.5,70,,
,0.001,0.054,G,14.6,0.7,0.5,16,,
,0.014,14.917,G,15.1,1.0,0.5,63,,
,0.002,0.074,G,15.0,1.0,0.3,73,,
,0.003,-0.070,G,14.8,0.9,0.9,105,,
,0.005,1.100,G,15.3,1.0,0.5,44,,
1,0.211,75.255,G,11.5,2.3,1.9,58,,
,-0.163,-111.085,G,13.0,2.6,0.8,83,,
,0.041,57.810,Neb,,,,,,
1,-0.006,-20.244,G,14.9,0.8,0.7,176,,
1,0.031,-16.234,G,14.8,1.6,0.6,90,,
,0.024,35.075,Neb,,134.9,,,,
,0.098,46.136,G,9.7,19.8,18.8,0,,
,-0.111,-86.539,G,13.2,1.5,0.7,113,,
,0.023,13.777,G,14.9,0.9,0.5,42,,
,-0.006,-13.648,G,14.7,0.9,0.7,37,,
,0.010,0.047,G,12.6,1.9,1.5,69,,
,0.013,13.968,G,14.0,1.4,1.0,138,,
,0.034,36.462,Cl+N,,10.0,10.0,,omi Per Cloud,
,0.029,-8.223,RfN,,25.7,,,Barnard's Merope Nebula,
,-0.028,-35.741,G,14.9,1.1,0.8,165,,
,0.049,46.848,PN,11.9,0.1,,,,
,0.001,-43.779,G,15.7,0.7,0.5,119,,
,0.090,34.580,Neb,,182.0,30.2,,,
,0.015,-2.701,Neb,,128.8,,,,
,-0.003,-3.173,G,15.4,0.7,0.6,161,,
,0.234,49.838,G,10.2,4.0,3.7,90,,
,-0.068,-47.653,G,14.6,0.9,0.6,147,,
,-0.000,-2.264,G,15.2,1.2,0.3,63,,
,0.146,7.807,G,15.4,1.3,1.3,105,,
,-0.057,-1.571,Neb,,180.0,100.0,,,
,0.163,32.118,OCl,11.7,7.2,,,,
,-0.036,-70.449,G,14.2,1.8,1.0,5,,
,0.037,15.233,G,15.2,0.3,0.3,25,,
,0.004,0.156,G,15.3,0.8,0.5,72,,
,0.002,0.159,G,14.8,0.9,0.6,34,,
,0.007,-0.988,G,15.7,0.3,0.2,20,,
,0.017,-17.141,G,14.5,1.7,0.6,140,,
,0.034,2.166,G,15.1,1.0,0.8,164,,
,0.012,0.825,G,15.4,0.8,0.8,35,,
,0.009,2.395,G,14.9,1.0,0.9,123,,
1,0.101,4.385,G,15.3,1.0,0.5,30,,
,0.011,0.140,G,15.0,1.0,0.8,109,,
,0.030,21.504,G,15.8,0.2,0.2,80,,
,-0.024,-29.608,G,15.2,0.8,0.5,59,,
,0.002,0.541,G,16.1,0.6,0.5,50,,
,0.001,-0.022,G,14.8,1.0,0.8,99,,
,0.003,0.155,G,15.6,0.8,0.5,69,,
,0.007,5.062,G,14.7,0.9,0.8,35,,
,-0.003,-5.689,G,15.2,0.8,0.5,75,,
1,0.104,3.408,G,13.5,2.0,1.2,173,,
,0.017,19.412,G,15.6,0.6,0.6,36,,
,0.006,-17.732,G,15.1,0.5,0.5,94,,
,0.004,0.742,G,15.4,1.1,0.6,107,,
1,0.037,0.011,G,13.0,1.6,1.1,84,,
,0.002,-0.220,GPair,,1.0,,,,
,0.002,-0.005,G,15.1,1.1,0.8,20,,
,0.001,0.105,G,15.5,1.1,0.4,35,,
,0.255,85.395,G,12.7,1.4,1.3,25,,
,-0.182,-74.683,G,13.5,1.4,1.0,168,,
,0.024,-19.031,G,14.9,0.8,0.8,7,,
2,0.168,83.848,G,13.1,2.4,1.4,86,,
1,0.004,-76.103,G,,1.2,0.3,2,,
,0.059,3.491,G,14.8,0.5,0.5,81,,
,0.034,-11.530,G,16.7,1.6,0.2,117,,
,0.009,5.742,G,13.9,1.8,0.6,55,,
,0.032,0.970,G,14.4,1.3,0.6,146,,
1,0.118,18.862,G,15.5,0.7,0.5,130,,
,0.053,24.601,Neb,10.0,50.0,30.0,,Flaming Star Nebula,
1,0.020,-49.879,G,14.2,1.9,0.4,164,,
,0.034,-9.541,G,13.8,1.9,1.0,162,,
,-0.003,28.382,GPair,,0.9,0.7,19,,
,0.052,30.049,Neb,,40.0,30.0,,,
,-0.039,-58.692,G,14.1,1.4,1.0,129,,
,0.027,28.811,G,14.6,1.2,0.7,0,,
,0.000,-0.004,G,14.7,1.1,0.8,140,,
,-0.001,-0.140,G,14.4,0.6,0.4,140,,
,-0.009,-18.885,G,15.4,0.8,0.6,148,,
,0.043,-1.717,G,13.9,1.4,0.7,71,,
,0.069,51.684,HII,,13.0,10.0,,,
,-0.010,-47.121,PN,9.4,0.2,,,,
1,0.078,8.192,Neb,,6.0,,,,
,-0.000,-3.413,G,12.6,3.0,2.2,108,,
,0.002,-9.306,G,,1.0,0.9,130,,
,0.018,16.609,Neb,,6.0,3.5,90,,
,0.004,0.202,Neb,,2.5,1.7,,,
1,0.049,0.115,Neb,,10.0,3.0,,,
,-0.004,-6.318,Neb,,,,,,
,0.002,0.164,Neb,,,,,,
,0.032,-0.589,Neb,,,,,,
,0.004,-0.042,Neb,14.4,11.0,,,,
,0.028,5.620,RfN,,8.0,5.0,,,
,0.011,-0.044,RfN,,10.0,10.0,,,
,-0.007,-10.159,G,,1.4,1.1,138,,
,0.009,9.212,HII,11.0,90.0,30.0,,Flame Nebula,
,0.033,0.141,RfN,,4.0,3.0,,,
1,0.143,-10.252,G,15.2,1.0,0.5,7,,
,0.023,-5.311,G,12.1,2.8,1.8,63,,
1,0.437,97.944,G,14.2,1.8,1.0,36,,
,-0.275,-92.567,G,14.4,1.2,1.1,40,,
,0.558,95.467,G,14.0,1.2,1.2,5,,
,-0.326,-60.436,SNR,12.0,50.0,40.0,,Gem A,
,0.032,0.781,RfN,7.0,8.0,4.0,,,
,0.314,44.547,G,14.3,0.9,0.7,20,,
,-0.105,-57.401,Cl+N,,5.0,4.0,,,
,-0.001,-0.562,HII,7.7,25.0,20.0,,,
,0.029,-2.508,HII,,15.0,10.0,,,
,0.215,63.955,G,13.7,1.8,1.3,83,,
,0.109,3.083,G,14.1,1.4,0.8,130,,
,0.011,0.054,G,14.8,1.3,1.1,144,,
2,-0.029,-61.559,G,14.5,1.7,0.9,138,,
,0.731,72.615,G,14.3,1.1,0.7,78,,
,-0.578,-115.701,G,13.0,2.3,1.6,4,,
1,0.171,80.283,G,14.4,0.9,0.4,173,,
,0.001,0.058,G,15.8,0.6,0.5,1,,
,0.002,0.025,G,15.3,0.8,0.5,178,,
,0.000,-0.121,G,15.7,0.6,0.5,36,,
1,0.005,0.037,G,,0.3,0.2,95,,
,0.001,0.019,G,14.7,0.8,0.4,60,,
1,-0.041,-54.455,HII,12.1,1.0,,,,
,0.361,84.191,G,12.6,2.0,0.9,73,,
1,0.428,5.286,G,13.5,2.4,0.9,88,,
1,-0.206,-35.491,G,14.2,0.7,0.7,23,,
,0.004,-0.054,G,14.3,1.6,1.1,166,,
1,0.038,-23.109,G,14.9,1.3,0.4,113,,
,0.017,3.984,G,14.8,0.8,0.5,133,,
,0.002,-3.538,G,15.4,0.6,0.5,99,,
,0.081,-3.468,G,15.4,1.1,1.1,30,,
,0.026,3.010,G,15.3,0.7,0.5,12,,
,0.011,0.516,G,15.0,0.6,0.5,171,,
,0.017,-0.266,G,15.0,1.8,0.3,167,,
,0.061,-2.582,G,15.1,0.9,0.3,4,,
,0.012,1.196,G,15.0,0.6,0.5,151,,
1,0.004,1.309,G,15.3,0.9,0.4,43,,
,0.005,0.035,G,15.3,1.2,0.2,154,,
,0.001,-0.087,G,13.2,0.9,0.7,138,,
3,0.050,-0.803,G,15.7,0.6,0.5,95,,
,0.009,0.710,G,15.3,0.7,0.3,115,,
,0.029,-0.353,G,17.2,1.0,0.8,31,,
,0.030,-1.034,G,14.8,0.8,0.6,18,,
,-0.017,-24.098,G,14.3,1.3,0.6,48,,
,0.032,7.978,G,15.5,0.5,0.4,88,,
,0.023,16.868,G,15.4,0.6,0.4,30,,
,0.006,-0.960,G,14.3,0.8,0.4,177,,
,-0.010,-19.641,G,14.6,1.2,1.1,66,,
,0.597,80.459,G,13.8,1.9,0.9,77,,
,-0.544,-101.791,G,,1.8,0.7,54,,
,0.102,40.588,G,15.5,0.7,0.6,125,,
,0.055,-15.784,G,15.4,0.6,0.5,62,,
,0.002,-5.485,G,14.1,1.3,1.0,110,,
,0.008,0.994,G,14.2,1.5,1.1,139,,
,0.011,0.110,G,14.6,1.4,1.0,144,,
,0.003,-0.073,G,14.7,1.2,0.9,171,,
1,0.081,20.826,G,14.7,0.8,0.7,97,,
,0.061,-1.114,G,13.2,1.0,0.9,57,,
,0.002,-26.173,GPair,,0.8,,,,
,0.145,75.649,G,14.4,1.2,0.5,142,,
,0.383,12.015,G,13.1,1.7,1.3,174,,
,-0.513,-97.858,G,14.6,1.5,1.0,39,,
,0.039,10.309,G,15.3,0.6,0.3,160,,
,0.002,0.146,G,15.6,1.0,0.6,34,,
,0.005,0.030,G,15.9,0.6,0.3,65,,
,0.009,-0.185,G,15.4,0.6,0.3,29,,
1,0.070,4.667,G,15.4,0.5,0.5,28,,
,0.219,70.880,G,11.8,2.1,1.6,175,,
,-0.116,-70.954,G,14.8,0.9,0.7,80,,
,0.131,54.630,G,13.9,1.2,1.0,165,,
,-0.024,-48.019,G,15.0,0.9,0.6,95,,
,0.084,-28.340,G,15.1,0.9,0.6,21,,
,0.053,17.338,G,15.0,0.9,0.3,10,,
,0.022,12.696,G,14.9,0.8,0.5,41,,
,0.117,26.760,G,14.7,1.4,1.1,71,,
,-0.006,-21.806,G,15.0,1.4,0.6,162,,
,0.153,57.963,G,12.3,3.2,1.5,142,,
,-0.054,-61.873,G,14.2,1.9,0.3,87,,
,0.042,-12.164,G,14.8,0.8,0.4,60,,
1,0.043,-3.714,G,15.7,0.9,0.3,155,,
,0.014,7.143,G,15.1,1.2,0.3,148,,
,0.017,-4.191,G,15.8,0.7,0.5,5,,
,0.040,26.150,G,15.1,1.1,0.2,24,,
,0.012,-37.502,G,14.2,1.3,1.2,160,,
1,0.063,9.843,G,14.3,1.0,0.7,130,,
,0.017,10.452,G,14.7,1.1,0.3,171,,
1,0.015,-21.084,G,15.0,1.2,0.4,95,,
1,0.080,38.076,G,15.4,0.8,0.2,24,,
,0.003,0.054,G,14.8,0.6,0.4,44,,
,-0.020,-41.333,G,14.8,1.3,0.7,103,,
1,0.058,25.830,G,15.3,0.8,0.2,166,,
,0.040,-5.486,G,15.0,0.6,0.4,180,,
,-0.004,-10.906,G,14.7,1.1,0.7,34,,
,0.008,13.882,G,14.6,0.8,0.5,155,,
,0.005,3.711,G,14.4,1.1,0.6,2,,
,-0.009,-16.082,G,14.4,1.1,0.8,118,,
,0.020,17.731,G,14.4,1.3,0.6,18,,
2,0.035,-1.308,G,14.7,1.1,0.6,38,,
,0.016,18.464,G,13.9,0.9,0.7,165,,
,-0.004,-19.837,G,14.8,1.1,0.9,87,,
,0.019,-9.883,G,14.4,1.4,0.5,20,,
,0.001,3.413,G,15.1,0.5,0.4,6,,
,0.002,-7.116,G,15.0,1.2,0.3,162,,
,0.004,7.017,G,14.8,1.0,0.4,111,,
,0.001,0.025,G,14.2,1.6,0.5,68,,
,0.024,12.782,GPair,,1.0,,,,
,0.035,-16.084,G,15.3,0.6,0.5,84,,
1,0.020,15.961,G,14.7,1.1,0.6,106,,
,0.006,-4.810,G,15.3,0.8,0.5,164,,
,0.006,4.836,G,16.0,0.5,0.3,61,,
,0.011,0.019,G,15.3,0.7,0.5,133,,
,0.001,0.052,G,14.8,0.5,0.5,130,,
1,0.032,-22.780,G,14.8,1.1,0.9,4,,
,0.001,0.095,G,14.3,1.5,1.2,50,,
,0.010,17.898,G,15.5,0.6,0.5,168,,
,0.015,-0.541,G,14.6,0.6,0.6,117,,
,0.004,-0.013,G,14.7,1.2,0.5,66,,
,0.006,-24.261,G,15.2,1.1,0.4,132,,
1,0.026,29.722,G,14.9,1.0,0.7,129,,
,0.013,1.870,G,14.6,1.0,0.9,85,,
,0.002,0.004,G,15.2,0.9,0.2,113,,
,-0.000,-7.460,G,15.0,0.5,0.4,149,,
,0.011,2.628,G,14.8,1.2,0.9,123,,
,0.001,-19.912,G,15.2,0.8,0.7,55,,
,0.054,4.523,G,14.3,1.2,0.6,106,,
,-0.016,5.458,G,14.2,0.9,0.5,164,,
,0.038,-8.737,G,15.3,0.7,0.5,20,,
,0.024,6.312,GPair,,0.9,,,,
,0.027,11.641,G,14.1,0.9,0.6,164,,
,0.009,-14.771,G,14.2,0.9,0.8,26,,
,0.005,-0.030,G,14.4,0.8,0.6,97,,
,0.004,1.860,G,14.8,1.1,0.6,131,,
,0.019,11.667,G,15.2,0.8,0.6,172,,
,0.014,-0.958,G,15.1,1.0,0.3,18,,
,-0.005,-16.941,G,15.7,0.5,0.2,170,,
,0.043,50.045,G,13.7,1.6,0.4,7,,
,0.007,-48.775,G,15.1,1.2,0.3,36,,
,0.066,2.131,G,13.7,1.9,1.0,13,,
,0.018,10.537,G,15.4,0.5,0.2,37,,
,0.001,0.010,G,13.6,1.0,0.5,173,,
,0.019,-12.705,G,14.9,1.3,0.8,174,,
1,0.049,6.854,G,14.6,0.8,0.5,9,,
1,0.029,15.544,G,14.7,1.3,1.0,87,,
,0.004,-22.781,G,14.8,0.9,0.5,108,,
,0.021,3.824,G,14.3,1.4,0.4,19,,
,0.014,22.443,G,14.6,1.9,0.3,28,,
1,0.011,-9.173,G,15.4,0.4,0.2,174,,
,0.000,-0.044,G,15.0,0.8,0.7,12,,
,-0.004,-14.476,G,14.8,0.8,0.5,18,,
,0.008,14.545,G,15.3,1.2,0.4,143,,
,0.091,4.781,G,14.6,0.9,0.8,160,,
2,0.017,-2.983,G,14.8,0.8,0.7,177,,
,-0.005,-1.007,G,15.3,0.7,0.6,88,,
,-0.003,-9.255,G,15.2,0.9,0.6,82,,
1,0.033,0.942,G,14.9,0.9,0.3,151,,
,0.015,-11.892,G,14.3,2.4,0.6,39,,
,0.107,-15.602,G,13.8,2.2,0.5,105,,
,-0.095,16.912,G,15.2,1.2,0.9,137,,
,0.006,3.666,G,14.6,0.7,0.6,175,,
,0.005,8.962,G,14.8,0.9,0.7,120,,
1,0.016,-12.775,G,13.0,2.1,1.7,150,,
,0.007,0.119,G,16.2,0.7,0.6,147,,
,0.003,6.643,G,14.2,1.0,0.6,30,,
,0.004,0.020,G,14.6,0.7,0.3,103,,
,0.025,6.381,G,15.1,1.0,0.4,116,,
,0.014,9.651,G,15.1,1.1,0.3,7,,
,0.001,-11.312,G,14.9,0.9,0.4,49,,
,0.009,11.029,G,15.3,0.8,0.5,17,,
,0.024,0.535,G,15.5,0.8,0.4,2,,
,0.034,1.035,G,14.8,1.4,0.4,180,,
2,0.038,1.259,G,13.9,1.4,1.4,19,,
,0.022,-5.988,G,15.1,1.3,0.5,73,,
1,0.012,-18.244,G,15.4,0.5,0.4,59,,
,0.024,61.509,G,15.4,0.8,0.4,147,,
,-0.017,-68.321,G,15.8,0.7,0.4,62,,
,0.007,25.142,G,14.9,0.9,0.7,158,,
,-0.002,-11.123,GPair,,0.7,,,,
,-0.003,-14.606,G,14.9,0.9,0.7,10,,
,0.005,11.292,G,13.1,0.7,0.7,20,,
1,0.019,1.589,G,14.1,2.1,0.7,57,,
,0.028,-11.165,G,15.1,1.2,0.4,133,,
,0.009,11.361,G,15.3,1.0,0.3,48,,
1,0.059,-4.540,G,15.3,1.1,0.4,169,,
,0.006,13.147,G,14.6,1.1,0.8,43,,
,-0.003,-14.503,G,15.4,1.2,0.9,60,,
,0.006,7.644,G,15.5,0.8,0.5,31,,
,0.007,0.268,G,15.3,0.8,0.6,31,,
,0.008,-0.052,G,15.6,0.8,0.6,71,,
,0.021,8.838,G,15.4,0.8,0.6,172,,
,0.003,0.116,G,14.7,1.9,1.3,53,,
,-0.005,-24.420,G,15.2,1.0,0.3,148,,
,0.013,24.348,G,15.2,0.6,0.3,147,,
,0.089,4.608,G,15.6,0.7,0.6,32,,
,0.001,-0.048,G,15.4,0.7,0.4,95,,
,0.010,-8.739,G,14.3,1.1,0.7,169,,
,0.004,0.412,G,14.6,1.1,1.0,65,,
,0.000,-5.931,G,14.6,1.2,0.9,21,,
,0.009,-13.267,G,,0.8,0.3,155,,
,0.023,12.386,G,14.7,1.3,0.6,168,,
,0.028,43.731,G,14.4,1.4,0.4,121,,
1,0.026,-34.577,G,13.4,1.9,1.3,0,,
,0.021,3.245,G,13.7,1.4,0.6,45,,
,0.003,-5.724,G,15.4,0.8,0.5,141,,
,0.042,-20.549,G,15.4,0.5,0.4,125,,
,0.022,12.026,G,14.6,0.8,0.6,154,,
,0.010,-10.194,G,14.8,0.9,0.5,35,,
1,0.050,14.892,G,15.5,0.7,0.5,175,,
1,0.009,15.001,G,16.3,0.7,0.4,176,,
,0.017,-12.108,G,15.6,0.5,0.3,42,,
,0.020,42.203,G,14.9,1.1,1.0,121,,
,-0.010,-57.644,G,15.0,1.0,0.5,98,,
1,0.011,1.454,G,15.3,1.2,0.5,170,,
,0.040,67.497,G,13.7,1.1,0.7,148,,
,-0.014,-49.168,G,14.2,0.8,0.6,118,,
,0.015,-14.991,G,14.7,1.0,0.5,90,,
,0.027,63.582,G,18.2,0.2,0.2,51,,
,-0.008,-70.293,G,15.3,0.7,0.2,85,,
,0.012,20.814,G,14.5,0.9,0.8,16,,
,-0.002,-10.729,G,15.4,0.7,0.5,131,,
,0.008,10.742,G,14.4,1.0,0.5,147,,
,0.001,-0.123,G,14.5,1.2,0.3,12,,
,0.003,11.596,GGroup,,1.1,,,,
,0.029,-0.116,G,14.6,0.7,0.6,77,,
,-0.002,-25.391,G,15.6,0.8,0.4,130,,
2,0.034,55.164,G,15.1,0.8,0.5,34,,
,0.005,-63.580,G,15.0,1.5,0.3,111,,
,0.008,34.718,G,13.8,0.7,0.5,5,,
,0.004,27.682,G,14.1,1.5,1.0,140,,
,0.005,-0.019,G,15.0,1.1,0.9,25,,
,0.003,-23.167,G,15.7,0.8,0.5,180,,
,0.006,23.080,G,15.2,0.9,0.8,27,,
,0.000,0.122,G,14.4,3.0,0.9,91,,
2,0.035,-57.455,GPair,,1.0,,,,
,0.036,8.171,G,14.8,1.6,0.3,123,,
1,0.014,9.081,G,14.6,1.1,0.6,180,,
,0.007,0.135,G,13.8,1.2,0.4,52,,
,0.034,-0.242,GPair,,1.3,,,,
,0.002,-17.108,G,15.2,1.6,0.3,99,,
,0.004,17.314,G,14.8,0.9,0.6,76,,
,0.004,-17.307,G,14.6,0.8,0.6,149,,
,0.010,17.275,G,13.7,2.4,0.7,59,,
,-0.001,-10.610,G,14.9,0.7,0.7,125,,
,0.004,35.060,G,15.9,0.9,0.8,103,,
,0.012,-22.608,G,14.9,1.6,0.3,161,,
,0.006,-12.385,G,14.5,1.2,0.6,63,,
,0.008,34.937,G,15.3,0.6,0.2,4,,
1,0.000,16.234,G,15.8,0.7,0.4,83,,
,0.012,-29.127,GPair,,1.1,,,,
,-0.001,-28.599,G,16.1,0.7,0.2,90,,
,0.002,-0.112,GPair,,1.1,,,,
,0.036,21.477,G,14.9,1.2,0.7,154,,
,0.002,-0.492,G,15.6,0.7,0.6,82,,
,0.002,0.010,G,14.8,0.8,0.7,108,,
,0.007,-17.409,G,14.9,0.8,0.5,99,,
,0.044,28.545,G,14.9,1.1,0.8,151,,
1,-0.017,-28.699,G,15.0,1.0,0.5,136,,
,0.009,25.636,G,13.9,1.1,0.9,121,,
,0.039,-34.065,G,15.2,1.2,0.3,144,,
,0.011,36.457,G,15.9,0.6,0.4,52,,
,0.002,-23.055,G,13.5,0.8,0.8,10,,
,0.023,25.752,G,14.5,1.0,0.5,169,,
,0.025,-34.181,G,15.3,0.7,0.3,40,,
,0.006,15.753,G,15.1,0.8,0.7,78,,
,0.019,35.273,G,12.3,2.1,1.7,159,,
,0.005,-0.012,G,11.8,2.1,1.0,40,,
,0.000,-0.152,G,14.4,1.1,0.4,30,,
,0.007,-0.003,G,15.3,0.6,0.4,91,,
,-0.001,-43.091,G,14.4,1.1,0.7,24,,
,0.003,-1.131,G,14.3,1.0,0.7,29,,
1,0.059,6.501,G,17.5,1.7,0.7,99,,
1,0.021,57.659,G,14.2,1.8,0.8,28,,
1,0.028,-91.797,G,13.5,1.8,0.5,149,,
,0.000,16.619,G,15.4,1.0,0.4,108,,
,0.039,38.430,G,14.8,0.8,0.5,144,,
,0.001,0.054,G,15.4,0.9,0.5,86,,
,0.033,-55.548,G,12.4,4.8,1.1,177,,
1,0.011,17.082,G,14.9,1.8,0.3,168,,
,0.002,24.759,G,14.4,0.9,0.7,75,,
,0.013,0.040,G,14.5,1.3,0.6,112,,
,0.012,-0.020,G,13.4,2.2,1.5,37,,
,0.008,-16.677,G,16.0,0.5,0.4,40,,
,0.037,17.738,G,14.7,0.7,0.6,92,,
,0.000,10.773,G,15.4,0.8,0.4,96,,
,0.048,-17.818,G,14.5,0.8,0.7,9,,
,0.012,-12.907,G,15.7,0.8,0.5,142,,
,0.001,19.680,G,13.3,1.1,0.8,11,,
,0.002,-4.057,G,14.3,1.1,0.6,93,,
,0.006,19.454,G,14.5,0.8,0.4,144,,
1,0.004,1.573,G,15.0,1.0,0.9,50,,
,0.006,-4.111,G,14.4,1.2,0.8,8,,
,0.001,-10.810,G,14.2,1.3,1.2,30,,
,0.026,-9.196,G,14.3,1.1,0.6,61,,
,0.001,9.979,G,14.1,1.2,1.1,100,,
,0.014,-20.398,G,14.1,2.1,0.6,96,,
,0.009,-8.571,G,14.7,1.1,0.5,70,,
,0.002,0.019,G,14.0,1.0,0.9,176,,
,0.038,29.329,G,14.9,1.1,0.4,180,,
1,0.015,-8.664,G,14.8,1.0,0.6,140,,
1,0.011,15.180,G,14.4,1.1,1.0,78,,
,0.002,-6.315,G,14.8,1.0,0.5,56,,
1,0.017,-4.232,G,13.5,1.3,0.9,103,,
,0.006,11.212,G,15.2,0.7,0.3,155,,
,0.016,-6.900,G,13.8,1.5,0.5,145,,
,0.041,-1.281,G,13.6,1.1,0.8,105,,
,0.011,0.291,G,14.3,0.9,0.9,36,,
1,0.023,-0.060,G,13.7,1.5,1.1,151,,
,-0.004,36.900,G,14.7,1.1,0.9,55,,
1,0.098,-35.667,GGroup,,1.2,,,,
,0.028,-21.597,G,14.5,1.0,0.5,64,,
1,0.014,-12.340,G,15.5,0.9,0.6,107,,
,0.001,-0.055,G,14.6,1.1,0.7,67,,
1,-0.001,29.158,G,13.7,1.0,0.9,4,,
,0.001,0.843,G,14.3,1.6,0.6,167,,
1,0.044,-17.032,G,14.8,0.9,0.6,118,,
,0.006,27.471,G,13.4,0.9,0.7,21,,
,0.006,-31.128,G,15.8,0.8,0.3,170,,
,0.014,19.969,G,15.4,0.8,0.7,138,,
,0.007,-2.026,G,14.9,1.1,0.7,34,,
,0.002,0.006,G,14.9,0.7,0.7,91,,
,-0.003,19.878,G,15.1,0.9,0.2,47,,
2,0.012,0.053,G,13.8,1.0,0.9,121,,
,0.005,0.289,G,15.4,0.7,0.6,98,,
2,0.043,-35.440,G,15.5,0.6,0.5,79,,
,0.017,36.423,G,14.7,0.7,0.5,62,,
,0.009,-14.777,G,14.9,0.9,0.4,103,,
,0.006,-24.416,G,15.0,0.7,0.3,145,,
,0.003,-7.386,G,13.5,0.4,0.4,105,,
,-0.019,69.215,G,14.2,1.2,0.6,164,,
,0.024,-27.226,G,15.2,0.9,0.4,96,,
,0.021,-0.026,G,14.9,0.8,0.7,2,,
,0.044,-33.177,G,16.7,0.4,0.3,138,,
,-0.005,33.092,G,15.1,0.9,0.5,96,,
,0.009,0.129,G,14.9,0.8,0.7,144,,
,-0.016,37.124,G,14.5,1.2,0.2,74,,
,0.027,-37.100,G,15.5,0.9,0.3,12,,
,0.011,-0.085,G,15.4,0.7,0.6,4,,
,0.001,1.699,G,14.6,0.5,0.3,84,,
,0.007,-17.510,G,15.0,0.8,0.7,161,,
,0.018,11.197,G,15.1,1.0,0.6,130,,
,0.015,7.206,G,13.9,1.1,0.6,56,,
1,0.044,-59.540,G,13.7,1.8,0.5,100,,
,0.028,42.600,G,15.3,0.8,0.6,129,,
,0.006,11.017,G,15.1,0.7,0.6,154,,
1,0.028,-7.089,G,15.4,0.7,0.5,165,,
,0.010,-16.949,G,14.1,1.0,0.9,91,,
,0.004,0.074,G,15.0,0.9,0.3,68,,
,0.012,21.918,G,13.9,1.1,0.4,152,,
,-0.016,39.107,G,14.8,1.2,1.0,24,,
,0.018,-7.383,G,13.6,1.0,1.0,14,,
,0.019,-28.196,G,14.3,0.9,0.7,122,,
,0.013,-29.063,G,14.8,0.7,0.6,15,,
,0.001,25.022,G,15.2,0.7,0.2,64,,
,0.053,-3.461,G,14.6,1.0,0.7,100,,
,0.017,0.151,G,14.7,1.6,1.1,100,,
,0.001,-0.002,G,15.2,0.7,0.6,142,,
,0.002,7.394,G,14.5,1.0,0.6,19,,
,0.001,9.710,G,15.6,0.8,0.6,76,,
,0.019,-14.281,G,15.3,0.5,0.5,80,,
,0.016,-37.302,G,14.3,1.1,0.8,45,,
,-0.001,37.946,G,17.0,0.6,0.3,23,,
,0.007,-26.526,G,15.3,0.7,0.6,40,,
,-0.005,26.525,G,15.5,0.7,0.4,34,,
,0.001,-0.053,G,14.9,1.3,0.9,18,,
,0.002,-0.026,G,14.8,0.8,0.7,9,,
,0.001,0.069,GPair,,1.0,,,,
,-0.000,-0.081,G,15.2,0.8,0.5,45,,
,0.008,-16.197,G,14.5,1.6,0.8,70,,
,-0.016,1.954,G,15.1,1.2,0.9,117,,
,0.021,-1.893,G,15.2,0.9,0.9,120,,
,0.012,-32.093,G,13.5,1.3,1.1,56,,
,-0.032,85.168,G,13.0,1.6,1.1,149,,
,0.025,-53.053,G,14.6,0.9,0.8,174,,
2,0.018,-31.915,G,14.1,0.8,0.3,136,,
1,0.004,43.280,G,14.6,1.5,0.3,12,,
,0.003,0.047,G,14.8,0.8,0.7,66,,
,0.008,18.241,G,14.7,0.8,0.5,152,,
1,0.032,-12.823,G,14.5,1.0,0.9,170,,
,0.024,-25.711,G,16.0,0.7,0.5,58,,
2,0.045,16.264,G,15.2,0.9,0.8,13,,
,0.030,-27.961,G,15.2,1.2,0.5,146,,
,0.026,16.397,G,14.6,0.8,0.7,30,,
,0.029,-3.018,G,14.3,1.6,0.8,19,,
,0.001,0.101,G,14.8,1.0,0.2,52,,
,0.005,19.661,G,16.4,1.1,0.5,79,,
1,0.035,-12.181,G,14.9,1.0,0.7,29,,
,0.002,12.980,G,15.6,0.8,0.3,56,,
,-0.003,-4.567,G,15.5,0.6,0.4,163,,
,0.014,-21.373,G,15.1,0.8,0.7,91,,
,-0.004,17.429,G,13.1,1.3,0.8,29,,
,0.016,3.994,G,15.2,0.7,0.5,91,,
,0.005,36.630,G,14.5,2.2,0.6,162,,
,0.041,-50.189,G,13.6,1.6,0.6,178,,
,0.001,0.768,G,14.2,1.1,0.5,129,,
,0.025,22.603,G,14.9,0.9,0.7,130,,
,0.002,0.198,G,15.5,0.8,0.3,145,,
,-0.013,27.710,G,14.3,1.1,0.2,20,,
,0.033,-55.395,G,14.4,0.9,0.6,82,,
,-0.008,28.817,G,14.7,0.7,0.7,2,,
,0.005,-1.191,G,15.1,0.7,0.6,120,,
,0.004,-0.035,G,15.4,0.6,0.4,99,,
,0.001,-0.002,G,15.2,0.7,0.3,100,,
,0.001,-0.078,G,15.5,0.7,0.5,63,,
,0.003,0.022,G,15.2,0.8,0.7,165,,
,0.029,-40.522,G,15.1,0.5,0.4,110,,
,-0.013,41.798,G,15.4,0.9,0.8,85,,
1,-0.000,31.065,G,18.0,0.6,0.2,102,,
,0.002,-0.009,G,15.7,0.5,0.3,25,,
,0.044,-68.095,G,14.3,0.9,0.8,10,,
,-0.038,68.225,G,,0.3,0.2,104,,
,-0.003,-0.047,G,18.1,0.8,0.5,120,,
,0.005,-0.001,G,16.4,0.6,0.5,101,,
,0.039,-68.058,G,15.2,0.8,0.5,77,,
,-0.039,68.071,G,17.5,0.5,0.2,106,,
,0.007,0.016,G,17.5,0.3,0.2,94,,
,0.037,-68.097,G,15.4,0.9,0.7,75,,
,-0.035,68.033,G,18.7,0.3,0.2,11,,
,-0.001,0.066,G,17.8,0.5,0.4,81,,
,0.000,0.013,G,17.1,0.4,0.3,99,,
,0.001,-0.023,G,,0.2,0.2,61,,
,0.001,0.023,G,18.1,0.5,0.2,64,,
,0.023,-32.428,G,14.5,1.2,0.8,150,,
,-0.023,32.438,G,17.4,0.4,0.3,174,,
1,0.005,0.049,G,17.4,0.4,0.2,93,,
,0.005,-0.076,G,17.5,0.5,0.5,114,,
,0.001,-0.003,G,16.5,0.8,0.3,156,,
,0.053,-52.216,G,14.4,1.0,0.9,121,,
,0.004,0.039,G,15.3,0.7,0.4,124,,
,0.011,20.565,G,15.2,0.9,0.5,112,,
,-0.015,32.607,G,15.2,1.0,0.7,96,,
,0.047,-53.428,G,14.7,0.9,0.8,1,,
,0.017,10.898,G,14.5,1.5,0.7,107,,
,-0.073,57.978,G,15.1,1.0,0.6,118,,
,0.083,-57.954,G,14.3,0.9,0.7,104,,
,0.008,-13.298,G,13.8,1.7,1.1,65,,
,-0.003,13.273,G,14.2,1.2,0.7,151,,
,-0.003,8.431,G,15.2,1.3,0.4,137,,
,0.003,-8.032,GPair,,0.8,,,,
,-0.011,36.488,G,14.3,1.1,1.0,5,,
,0.032,-47.601,G,14.7,1.2,0.5,94,,
1,-0.063,67.788,G,14.4,1.0,0.5,80,,
1,0.079,-50.444,GPair,,0.8,,,,
2,0.023,-7.215,G,14.3,1.5,0.9,2,,
,-0.001,4.000,GPair,,1.8,,,,
,-0.003,8.334,G,15.5,0.8,0.7,10,,
,0.024,-13.819,G,14.0,0.8,0.8,85,,
,0.003,5.387,G,15.2,0.6,0.5,5,,
,0.004,0.101,G,15.4,0.6,0.6,134,,
,0.002,0.002,G,15.2,0.8,0.6,64,,
,0.008,-12.103,G,14.8,0.9,0.8,155,,
,0.002,9.049,G,14.7,1.0,0.4,26,,
,0.037,-17.365,GPair,,1.1,,,,
,0.020,-1.272,G,15.9,0.6,0.4,176,,
,0.013,18.733,G,14.6,1.3,0.3,54,,
,0.022,-24.694,G,12.9,2.3,1.3,129,,
,0.009,-7.087,PN,13.9,0.7,,,,
2,0.045,32.546,G,15.5,0.8,0.6,174,,
,0.026,-16.480,G,14.0,1.5,0.6,174,,
,0.000,-1.840,G,15.2,0.7,0.5,132,,
,0.004,0.028,G,15.2,1.0,0.5,25,,
,0.010,17.806,G,14.4,1.1,0.7,172,,
,0.014,-22.175,G,15.2,0.8,0.7,64,,
,0.001,3.172,G,15.0,0.9,0.4,73,,
,-0.008,21.867,G,14.5,0.9,0.9,35,,
,0.002,0.038,G,12.0,2.3,2.0,125,,
,0.001,0.631,G,14.4,1.9,0.5,36,,
,0.023,-21.585,G,14.6,0.8,0.4,58,,
,-0.001,4.507,G,14.7,0.8,0.8,52,,
,0.001,17.885,G,15.4,0.6,0.4,79,,
,0.050,-15.982,G,14.7,0.6,0.4,41,,
,0.006,-0.059,G,13.1,1.0,0.8,72,,
,0.016,36.667,G,15.3,0.5,0.4,54,,
,0.033,-53.671,G,13.8,1.6,1.0,104,,
,0.007,14.764,G,14.8,0.9,0.7,114,,
,0.001,10.325,G,15.4,0.8,0.5,169,,
,0.001,-0.021,G,14.6,1.5,0.6,13,,
,-0.031,46.615,G,14.5,1.7,0.4,147,,
,0.014,-0.180,G,14.6,1.4,0.2,153,,
,0.044,-62.081,GPair,,1.5,,,,
,0.006,0.035,G,15.7,0.9,0.3,55,,
,-0.013,22.291,G,14.6,0.8,0.7,144,,
,0.002,-0.020,G,14.5,1.0,0.5,20,,
,0.016,-12.428,G,15.0,0.8,0.3,94,,
,0.001,0.059,G,15.4,0.6,0.2,90,,
,0.013,-0.413,G,15.3,1.0,0.3,36,,
,-0.007,12.628,G,15.8,0.9,0.6,180,,
1,0.032,6.093,G,15.1,0.9,0.6,99,,
,0.027,-19.235,G,15.0,0.8,0.6,86,,
,-0.015,23.789,GPair,,0.8,,,,
,0.043,-15.995,G,15.2,0.9,0.5,69,,
,0.018,-11.327,G,14.6,1.5,1.3,169,,
,0.012,-0.020,G,14.7,0.8,0.6,114,,
,-0.015,29.942,G,14.7,1.1,0.7,112,,
,0.013,-5.082,G,16.6,0.9,0.4,136,,
,0.006,-12.086,G,13.9,2.0,1.1,82,,
,-0.000,1.640,GTrpl,,1.0,,,,
1,-0.003,10.449,G,14.6,1.1,0.6,129,,
,0.001,-0.038,G,16.1,0.6,0.5,179,,
,0.000,0.116,G,15.1,0.6,0.4,134,,
,0.010,0.085,G,14.9,1.1,0.2,175,,
,0.008,-5.377,G,15.0,0.6,0.3,133,,
,0.013,-16.882,G,15.2,1.0,0.3,163,,
,0.039,-39.577,OCl,,5.1,,,,
,-0.016,38.813,G,14.0,1.1,0.5,29,,
,0.001,4.055,G,15.3,0.6,0.4,130,,
1,-0.028,46.901,G,15.2,1.4,1.1,180,,
,0.058,-12.315,G,14.7,1.0,0.6,15,,
,-0.014,8.255,G,11.3,2.8,0.5,151,,
1,0.032,-1.868,G,15.4,0.8,0.6,57,,
,0.005,-0.069,G,15.7,0.7,0.6,93,,
,0.000,-0.030,G,15.0,1.1,1.0,0,,
,0.042,-33.273,G,15.6,0.6,0.5,5,,
,0.016,-5.329,G,14.9,1.1,0.9,150,,
,0.004,8.775,G,15.7,0.6,0.3,43,,
,0.000,0.073,G,14.8,1.0,0.7,107,,
,0.018,-6.255,G,15.4,0.6,0.5,171,,
,0.017,-8.496,G,15.7,0.7,0.3,41,,
,-0.002,6.043,G,15.4,0.5,0.5,153,,
,0.004,-6.099,G,14.9,0.9,0.6,52,,
,0.001,0.093,G,14.7,1.1,1.1,98,,
,0.001,-0.096,G,15.8,0.7,0.4,19,,
,0.012,6.057,G,14.8,1.5,0.8,1,,
1,-0.059,59.583,G,14.7,0.8,0.5,86,,
,0.074,-49.822,G,15.5,0.7,0.6,9,,
,0.010,-14.303,G,13.9,2.1,0.5,163,,
,-0.057,57.114,G,14.7,0.9,0.8,66,,
,0.076,-43.990,G,15.2,0.8,0.4,31,,
,0.002,1.007,G,15.4,0.7,0.6,54,,
,0.000,1.594,G,15.4,1.0,0.3,31,,
,0.025,-3.667,G,15.2,0.6,0.3,27,,
,0.013,-15.672,G,14.8,1.0,0.8,10,,
,0.015,-14.991,G,13.1,2.3,0.8,5,,
,-0.026,64.110,G,14.3,1.5,0.9,22,,
1,0.056,-33.373,G,14.9,1.5,0.4,115,,
,0.025,-17.897,G,15.2,0.9,0.8,120,,
,0.018,-6.357,G,15.1,1.2,0.7,93,,
,-0.009,25.991,G,16.0,0.5,0.4,146,,
,0.001,-0.071,G,15.3,0.9,0.8,114,,
,0.015,-14.005,G,14.9,0.7,0.6,145,,
1,-0.047,58.589,G,13.7,0.9,0.7,95,,
,0.061,-59.975,G,14.1,1.2,0.7,69,,
,0.001,0.036,G,13.5,1.8,1.5,128,,
,0.007,-0.255,G,14.6,0.9,0.7,138,,
,-0.046,51.334,G,14.9,1.5,0.8,50,,
,0.052,-50.926,G,15.9,0.8,0.3,121,,
,0.005,1.265,G,14.5,1.1,0.7,153,,
,0.001,0.092,G,15.3,0.9,0.5,152,,
,-0.000,-0.048,G,15.5,0.5,0.4,159,,
,-0.038,46.471,G,15.1,0.9,0.3,116,,
,0.048,-33.159,G,14.9,1.2,0.5,155,,
,0.003,-0.069,G,13.7,0.9,0.5,9,,
,0.039,-37.251,G,13.5,1.3,1.1,61,,
,-0.015,28.569,G,14.7,1.0,0.8,19,,
,0.002,0.015,G,14.7,1.5,0.8,81,,
,0.024,-16.093,G,15.0,1.2,0.9,33,,
,0.015,-12.516,G,14.8,1.7,0.6,153,,
,-0.001,26.246,G,15.3,0.9,0.7,43,,
,-0.055,61.402,G,15.2,0.7,0.6,94,,
,0.095,-75.884,G,14.2,0.9,0.6,156,,
,0.024,24.728,G,14.9,0.9,0.8,24,,
,0.013,-0.139,G,15.3,0.7,0.5,165,,
,0.054,-13.337,G,15.5,0.7,0.3,74,,
1,0.012,3.340,G,15.2,1.0,0.6,140,,
1,0.013,-18.258,G,14.3,1.1,0.8,132,,
,-0.010,20.499,G,15.0,1.0,1.0,72,,
,-0.000,5.190,G,15.0,1.0,0.7,90,,
,0.001,0.077,GTrpl,,0.8,,,,
,0.015,-0.954,G,15.3,0.7,0.6,82,,
,-0.004,5.521,G,15.7,0.6,0.4,76,,
,0.003,-0.008,G,14.8,0.9,0.4,55,,
1,-0.027,37.325,G,14.8,1.1,0.8,4,,
1,0.067,-50.764,G,15.3,1.2,0.6,25,,
,0.003,-1.451,G,15.5,1.0,0.6,18,,
,0.008,14.914,G,15.8,0.9,0.5,178,,
1,0.028,-14.920,G,14.9,0.9,0.5,92,,
,0.011,0.423,G,15.1,0.9,0.4,34,,
,0.004,0.003,G,15.9,0.7,0.6,142,,
1,0.048,0.542,G,15.4,0.8,0.7,52,,
,-0.083,62.107,G,14.8,1.3,0.5,76,,
1,0.095,-60.145,G,15.1,1.0,0.6,124,,
,0.008,5.271,G,15.3,0.9,0.8,17,,
2,0.061,-4.065,G,14.5,1.1,0.7,3,,
,0.041,7.065,G,15.7,0.7,0.3,117,,
,0.011,-2.044,G,14.9,1.2,1.2,73,,
,0.012,-17.101,GPair,,1.0,,,,
,0.007,22.528,G,16.2,0.7,0.3,32,,
,0.026,-12.068,G,15.4,1.1,0.8,54,,
,0.028,0.813,G,15.6,0.6,0.6,55,,
1,0.010,16.021,G,14.4,1.1,0.4,77,,
,0.052,-25.266,G,14.3,1.6,0.9,153,,
3,-0.018,69.874,G,13.5,1.0,0.9,3,,
,0.095,-51.002,G,15.6,0.7,0.5,37,,
,0.019,-5.163,G,14.7,0.8,0.7,153,,
,0.021,8.600,G,14.4,1.1,1.0,48,,
,0.018,-5.108,G,14.7,1.3,0.4,131,,
,0.063,1.389,G,15.4,0.9,0.5,164,,
,0.010,0.738,G,15.1,0.8,0.3,63,,
,0.033,-19.245,G,15.2,0.8,0.7,50,,
,0.016,10.133,G,14.7,0.9,0.8,115,,
,-0.005,17.618,G,15.3,1.0,0.2,41,,
,-0.313,56.378,G,15.6,0.7,0.3,54,,
1,0.339,-70.185,G,14.5,0.5,0.5,69,,
,0.011,5.741,G,15.0,1.0,0.8,160,,
,-0.325,64.316,G,14.6,1.4,1.4,150,,
,0.340,-39.038,G,14.7,0.7,0.5,107,,
,-0.120,29.013,G,15.1,1.4,0.4,168,,
,0.070,-3.045,G,14.7,1.3,0.9,90,,
,0.031,0.174,G,15.5,0.5,0.5,125,,
1,0.132,-57.490,G,14.1,1.1,0.8,164,,
1,0.007,5.371,G,12.9,2.2,0.9,32,,
,-0.031,30.654,G,14.2,1.1,1.0,19,,
,0.006,0.073,G,13.6,1.2,1.0,0,,
,-0.076,22.207,G,14.7,1.8,1.1,142,,
,0.135,-54.689,G,14.3,0.8,0.7,11,,
,0.000,4.037,G,13.4,1.1,1.0,10,,
,0.006,-4.197,G,15.6,0.8,0.4,135,,
,0.010,-13.818,G,13.1,1.9,0.9,134,,
,-0.009,13.712,G,15.7,0.8,0.5,30,,
,0.000,0.075,G,15.6,0.8,0.5,143,,
,0.004,0.150,G,15.2,0.7,0.5,96,,
,0.000,2.033,G,14.7,0.7,0.6,161,,
,0.004,-2.174,G,14.9,0.8,0.7,11,,
1,0.011,0.190,GPair,,0.9,,,,
,-0.000,10.633,GPair,,0.6,,,,
,0.029,-11.381,G,15.5,0.6,0.6,117,,
,0.000,-0.044,G,15.6,1.3,0.6,169,,
,0.005,-1.158,G,14.1,1.1,0.7,10,,
,0.005,3.977,G,17.4,0.5,0.3,84,,
2,0.012,-0.298,G,14.6,0.9,0.5,63,,
,0.004,-2.398,G,14.4,1.0,0.8,51,,
2,-0.002,3.290,G,16.2,0.5,0.4,164,,
,0.004,-0.714,G,13.9,1.3,0.7,145,,
2,-0.000,-0.007,G,14.8,1.0,0.7,58,,
,0.001,0.208,G,14.7,0.8,0.7,80,,
2,0.002,-0.085,G,13.8,0.7,0.5,8,,
,-0.000,-0.355,G,14.7,0.8,0.5,5,,
,-0.110,53.195,G,15.4,0.3,0.2,100,,
,0.116,-53.097,GPair,,0.7,,,,
,0.002,0.723,G,14.4,0.8,0.6,179,,
,-0.006,0.038,G,14.7,1.3,0.3,119,,
,0.010,0.047,GPair,,0.7,,,,
,0.001,-0.492,G,14.9,0.9,0.4,114,,
,-0.000,-0.062,G,14.4,0.8,0.7,2,,
,0.002,0.047,G,14.3,0.6,0.5,20,,
,0.000,-0.569,G,14.8,0.6,0.4,13,,
,0.022,-6.412,G,14.7,1.0,0.5,5,,
,0.005,-3.242,G,14.4,2.6,0.5,57,,
,0.005,4.793,G,14.9,0.8,0.4,111,,
,0.033,-2.291,G,14.5,1.2,0.4,158,,
1,-0.081,59.554,G,15.6,0.7,0.2,114,,
2,0.026,0.337,G,15.3,0.7,0.3,65,,
,0.117,-60.394,G,14.6,0.7,0.6,110,,
,0.016,1.760,G,14.8,1.1,0.6,2,,
1,0.009,25.230,G,15.0,1.2,0.3,95,,
,0.048,-20.969,G,14.9,1.4,0.9,3,,
,-0.069,46.979,G,14.6,1.4,0.4,169,,
,0.039,-9.531,G,13.8,1.3,1.2,65,,
,-0.022,11.219,G,15.3,0.8,0.7,5,,
1,0.011,1.744,G,14.9,1.1,0.4,17,,
,-0.010,2.429,G,13.7,0.9,0.7,163,,
,0.005,-0.048,G,14.9,0.8,0.6,49,,
1,0.012,-0.147,G,15.3,0.9,0.9,60,,
,0.131,-48.720,G,15.1,1.3,0.5,122,,
,0.086,-11.032,G,14.7,1.2,1.2,142,,
,0.084,37.941,G,14.6,1.0,0.9,35,,
,0.008,-0.178,G,13.4,1.5,1.1,49,,
,0.009,3.007,G,15.3,0.8,0.6,20,,
,0.121,-29.967,G,15.4,1.3,0.8,87,,
,-0.101,48.375,G,15.4,1.4,0.5,71,,
,0.070,-21.625,G,15.3,0.6,0.5,53,,
1,0.017,19.581,G,14.4,1.3,0.7,122,,
,0.048,-14.277,G,16.0,0.4,0.2,106,,
,0.000,-0.048,GPair,,0.9,0.6,159,,
,0.033,7.163,G,13.2,1.9,0.9,153,,
3,0.085,4.693,G,15.0,0.8,0.5,13,,
,0.107,-43.075,G,13.6,1.2,1.1,146,,
,-0.037,34.985,G,14.6,2.0,0.6,22,,
3,0.087,8.665,G,13.7,1.2,0.9,59,,
,0.120,-59.641,G,14.9,0.8,0.5,120,,
1,0.031,32.253,G,14.5,1.1,1.1,130,,
,0.034,1.717,G,14.9,1.9,1.0,126,,
2,-0.016,21.976,G,14.6,0.8,0.6,17,,
,0.055,-24.476,G,14.8,0.2,0.2,147,,
,-0.008,21.897,G,15.9,0.6,0.3,70,,
,-0.071,14.993,G,14.3,1.2,0.6,67,,
,0.094,-15.043,G,15.6,1.1,0.3,141,,
1,-0.071,15.035,G,13.9,0.9,0.5,38,,
,0.192,-59.707,G,14.2,1.0,0.5,11,,
,0.011,13.792,G,13.6,1.3,0.8,93,,
,0.056,-33.580,GCl,,3.3,,,,
,0.003,65.578,G,14.4,0.9,0.7,65,,
,0.002,0.032,GPair,,0.9,,,,
,0.002,-0.041,G,15.7,0.4,0.3,138,,
,-0.069,12.788,GPair,,1.1,,,,
,0.161,-27.504,G,13.7,1.6,0.8,84,,
,0.001,0.062,G,14.7,1.6,0.7,178,,
,0.003,-0.193,G,15.5,1.4,1.2,60,,
,0.056,-1.541,G,14.0,1.9,0.8,78,,
,0.149,-88.178,PN,11.2,0.2,,,,
,-0.114,105.463,G,13.4,1.4,0.9,55,,
,0.198,-42.164,G,15.2,0.7,0.5,90,,
,0.024,4.361,G,12.8,1.3,0.8,135,,
1,0.219,-45.981,Neb,,,,,,
2,0.077,0.763,HII,,20.0,5.0,,,
,0.005,-0.113,Neb,,,,,,
,0.010,16.553,GCl,,9.6,,,,
,-0.005,38.211,G,14.9,1.0,0.7,21,,
1,0.014,5.005,G,14.4,2.3,0.6,159,,
1,0.006,-0.016,GPair,,1.3,,,,
1,0.094,-55.754,HII,,15.0,15.0,,,
,0.006,0.090,Neb,7.7,17.0,15.1,,,
1,-0.023,75.263,G,14.7,1.4,0.4,86,,
,0.253,-66.387,RfN,6.1,20.0,10.0,,,
,-0.034,50.509,G,14.2,1.1,0.6,5,,
,0.011,0.251,G,15.3,0.7,0.3,145,,
1,0.064,9.315,G,13.0,1.3,1.1,17,,
3,0.345,-58.106,PN,12.5,1.5,,,,
,-0.021,41.894,G,15.3,1.0,0.5,69,,
,0.401,-72.680,PN,10.7,0.1,,,,
1,0.088,60.353,OCl,14.0,2.0,1.0,,,
1,0.064,29.385,G,14.2,1.4,0.7,19,,
,0.073,-14.340,G,13.3,0.9,0.5,50,,
,0.010,0.092,G,14.8,1.2,0.7,104,,
4,0.226,-50.597,HII,,,,,,
,0.299,-2.512,G,15.1,0.9,0.6,58,,
,0.117,52.201,Cl+N,,15.0,3.0,,,
,0.013,6.205,OCl,13.1,6.3,,,,
1,0.132,-58.120,G,15.0,1.6,1.0,26,,
3,0.076,17.611,G,13.7,0.8,0.6,98,,
1,0.046,-19.169,G,14.8,0.8,0.5,8,,
,0.006,21.414,G,14.4,1.1,0.6,87,,
,0.030,-21.202,G,15.2,1.1,0.7,96,,
,0.032,3.064,G,15.5,1.1,0.6,114,,
1,0.035,6.172,G,14.3,1.2,1.1,55,,
2,0.058,9.050,G,14.9,0.9,0.9,15,,
,0.104,-19.627,G,14.9,0.9,0.4,50,,
1,0.072,5.610,G,,1.2,0.4,109,,
,0.026,4.027,G,14.7,1.8,0.5,85,,
,0.067,-3.716,G,15.9,1.2,0.7,64,,
,0.007,-2.574,G,15.5,1.4,0.7,83,,
1,0.014,-0.049,G,16.0,0.9,0.6,16,,
,0.033,-1.704,G,15.3,0.9,0.5,44,,
,0.030,1.453,G,14.7,0.8,0.6,16,,
,0.001,0.093,G,15.6,0.8,0.5,6,,
,0.016,-1.450,G,14.2,1.5,0.9,49,,
,-0.029,48.991,SNR,,25.1,19.9,,,
,0.069,-45.024,G,15.2,0.9,0.5,61,,
,0.002,-0.520,G,,1.1,0.4,74,,
,0.010,-0.908,G,15.2,1.0,0.4,173,,
,0.004,2.024,G,14.6,1.1,0.5,50,,
,0.002,-0.018,G,15.6,0.5,0.4,158,,
,0.004,-0.563,G,14.9,1.2,0.6,98,,
,0.002,0.648,G,15.6,1.4,0.7,2,,
,-0.000,-0.045,G,15.6,0.4,0.3,155,,
,0.002,0.092,G,15.5,0.7,0.4,51,,
,0.000,-0.587,G,14.8,0.9,0.6,160,,
,0.000,0.651,G,15.7,0.7,0.2,25,,
,0.001,-0.182,G,16.4,0.5,0.3,30,,
,0.000,0.111,G,16.4,0.5,0.3,134,,
1,0.001,0.100,G,15.7,0.4,0.3,50,,
,0.015,-2.639,G,15.2,0.8,0.6,163,,
,0.051,5.096,G,15.8,1.3,0.5,38,,
,0.009,-5.488,G,15.7,0.5,0.2,38,,
,0.037,28.688,G,14.7,1.2,0.5,171,,
,0.036,-7.413,G,15.4,0.8,0.4,20,,
,0.010,-0.017,G,15.4,0.8,0.6,48,,
,0.007,-2.725,G,15.9,0.6,0.5,167,,
,-0.020,44.541,OCl,,,,,,
,0.046,-44.100,G,13.4,1.1,0.8,124,,
,0.008,-0.205,GGroup,,1.0,,,,
,0.004,-0.789,G,15.8,0.8,0.4,23,,
,0.000,1.218,G,15.5,0.7,0.5,152,,
,0.001,-0.816,G,14.3,1.4,0.5,47,,
,-0.034,45.590,OCl,,5.1,,,,
,0.051,-45.576,G,15.1,0.7,0.5,54,,
,0.084,-7.069,G,15.0,1.4,0.8,13,,
,0.000,-0.728,G,15.0,0.8,0.6,127,,
,0.006,6.697,G,15.3,0.9,0.6,38,,
,0.007,0.621,G,15.8,0.6,0.4,113,,
,-0.001,2.272,G,15.2,0.6,0.4,125,,
1,0.074,0.329,G,14.8,0.7,0.6,118,,
1,0.010,-1.217,G,15.7,0.6,0.5,132,,
,0.019,-0.379,G,15.7,0.7,0.6,145,,
,0.006,-3.907,G,15.5,0.9,0.6,69,,
1,0.002,0.087,G,15.9,0.6,0.2,126,,
,0.004,-0.267,G,15.4,0.8,0.6,63,,
,0.016,0.299,G,18.2,0.6,0.5,141,,
,0.013,-20.126,G,13.1,1.0,0.8,131,,
,-0.001,19.845,G,15.0,0.5,0.5,15,,
,0.005,0.720,G,15.0,0.8,0.4,137,,
,0.038,-17.387,G,15.5,0.8,0.5,119,,
,0.004,16.155,G,15.1,0.7,0.6,102,,
,0.043,1.352,G,15.8,0.6,0.5,84,,
,0.009,35.909,G,12.9,1.5,1.2,73,,
,0.079,-57.809,G,15.6,0.7,0.5,175,,
,-0.001,37.044,G,14.8,1.2,1.1,37,,
,0.025,-10.528,G,15.4,0.7,0.7,85,,
,-0.046,53.384,Cl+N,,14.0,4.0,,,
,0.085,-62.374,G,15.3,0.8,0.5,172,,
,0.030,14.360,G,15.3,0.8,0.4,70,,
,0.005,-5.073,G,15.6,0.7,0.5,162,,
1,0.014,-2.689,G,13.7,1.7,0.6,180,,
1,0.058,-4.429,G,16.4,0.5,0.3,153,,
,0.008,-6.551,G,14.6,1.0,0.8,47,,
,-0.002,11.288,G,15.1,0.9,0.6,117,,
,0.004,-0.034,G,15.6,0.6,0.5,65,,
,0.022,1.440,G,15.1,0.8,0.6,84,,
,0.013,-16.774,G,14.9,1.0,0.5,33,,
,0.003,5.847,G,15.6,0.7,0.4,28,,
,0.045,4.600,G,15.5,0.8,0.5,132,,
,-0.001,1.383,G,14.4,0.9,0.6,36,,
,0.039,-15.659,G,14.6,1.3,0.7,102,,
,0.002,14.074,G,15.7,0.9,0.3,74,,
,-0.002,11.526,G,15.2,0.5,0.4,5,,
2,0.034,-21.571,G,14.0,1.6,0.5,110,,
,0.027,17.531,G,15.2,0.9,0.9,160,,
,0.017,-14.305,G,16.1,0.5,0.3,164,,
,-0.008,29.671,GPair,,1.3,,,,
,0.009,-29.728,G,15.4,0.6,0.6,5,,
,-0.001,12.577,G,15.8,0.5,0.3,142,,
,0.004,1.699,G,14.8,0.9,0.4,40,,
1,0.003,-1.703,G,15.1,0.8,0.6,98,,
1,0.003,12.512,G,15.2,1.1,0.8,103,,
,0.014,-12.476,G,15.6,0.7,0.4,61,,
1,0.051,-16.212,G,15.6,0.6,0.5,55,,
,0.003,0.068,G,15.3,0.8,0.7,20,,
,0.040,17.203,G,16.8,0.4,0.3,30,,
,0.035,-16.455,GTrpl,,1.0,,,,
,-0.025,65.615,OCl,,4.8,,,,
,0.046,-74.947,G,13.9,1.1,0.7,9,,
,0.007,11.905,G,16.1,0.6,0.4,57,,
,0.031,12.258,G,14.8,1.1,0.9,52,,
,0.013,-23.497,G,12.8,2.3,2.2,119,,
,0.003,-0.055,G,14.8,1.2,0.7,28,,
,-0.002,5.470,G,14.9,1.7,0.5,76,,
,-0.021,53.317,G,15.4,1.1,0.6,38,,
,0.012,16.690,OCl,9.1,4.2,,,,
,0.051,-74.931,G,13.5,1.6,1.2,42,,
,0.055,26.079,G,15.8,0.6,0.4,5,,
,0.052,-22.382,G,12.7,1.4,1.1,87,,
,0.060,16.058,G,15.5,0.8,0.5,29,,
,0.015,-3.935,G,13.7,1.5,0.8,95,,
1,0.085,-3.645,G,15.2,0.6,0.3,48,,
1,0.184,-1.604,G,15.0,0.9,0.9,46,,
1,0.013,-3.081,G,15.1,0.8,0.7,158,,
,-0.075,93.892,PN,14.0,0.5,,,,
,0.189,-79.070,G,14.6,1.0,0.6,40,,
,0.026,-14.104,G,15.9,0.9,0.2,125,,
2,0.031,-23.730,G,10.5,4.6,3.2,43,,
,-0.002,41.139,G,14.3,0.6,0.5,158,,
,0.025,10.496,G,15.0,0.6,0.6,12,,
2,0.077,-24.164,GPair,,1.2,,,,
1,0.008,6.216,G,14.6,0.6,0.5,124,,
,0.019,-0.455,G,14.8,0.8,0.4,3,,
,0.005,0.025,G,15.2,1.1,0.5,171,,
,0.023,-10.332,G,,0.5,0.4,105,,
,-0.022,73.781,HII,11.5,1.8,1.8,90,,
,0.060,-72.883,G,14.6,1.1,0.7,169,,
,0.006,29.898,G,15.2,1.0,0.6,60,,
,0.033,12.384,G,14.2,1.7,0.8,176,,
,0.029,-23.837,G,13.9,1.0,0.5,149,,
1,0.024,24.745,G,15.5,0.9,0.9,165,,
2,0.075,-40.950,G,14.6,1.2,1.0,25,,
1,0.011,16.305,G,14.4,0.7,0.7,45,,
,0.023,-4.167,G,15.1,0.8,0.6,135,,
1,0.031,9.645,G,17.8,0.6,0.3,49,,
3,0.049,3.970,G,15.7,1.1,0.2,172,,
,0.015,-27.871,G,15.1,0.5,0.5,25,,
,0.544,8.390,G,14.5,1.4,0.8,83,,
,-0.496,-12.190,G,15.0,0.8,0.4,150,,
,0.020,13.277,G,14.4,1.5,1.1,32,,
,-0.002,17.499,G,16.6,0.5,0.3,135,,
,0.005,-27.184,G,15.8,0.7,0.3,125,,
,0.000,-0.760,G,13.0,1.3,0.8,25,,
,0.002,10.551,G,14.4,1.6,1.2,65,,
1,0.017,-2.073,G,14.0,2.2,0.6,3,,
1,0.021,9.560,G,15.2,0.5,0.4,20,,
,0.025,-7.706,G,14.6,1.5,0.7,133,,
,0.028,78.801,G,14.7,1.0,0.6,51,,
,0.035,-70.847,G,14.3,0.9,0.4,71,,
,0.048,-0.784,G,14.4,1.6,0.5,92,,
,0.005,-7.582,G,14.7,0.6,0.6,150,,
,0.053,8.301,G,15.5,0.9,0.6,135,,
,0.012,-3.047,G,14.7,1.3,0.5,130,,
,0.006,10.373,G,13.4,0.8,0.4,169,,
,0.023,-27.368,G,15.2,1.3,0.2,11,,
,0.054,17.379,GGroup,,1.0,,,,
2,0.049,9.245,G,15.0,1.1,0.4,106,,
1,0.043,-12.307,G,14.4,1.3,1.1,4,,
,0.001,0.072,G,14.1,1.2,1.0,3,,
,0.004,0.611,G,14.6,1.0,0.8,172,,
,0.013,12.771,G,15.9,0.5,0.4,88,,
,0.000,-0.007,G,15.9,0.6,0.5,140,,
,0.013,-26.497,G,14.7,0.6,0.6,20,,
,0.018,6.892,G,15.0,0.9,0.6,108,,
,0.001,8.867,G,15.2,0.8,0.3,13,,
,0.001,5.153,G,16.3,0.4,0.3,15,,
1,0.003,40.017,G,13.2,1.8,1.2,26,,
,-23.963,-35.544,G,15.1,0.7,0.5,136,,
,0.014,-7.256,G,15.4,0.9,0.7,132,,
,0.046,-11.183,G,13.6,2.1,0.8,73,,
,0.002,-4.410,G,14.5,1.1,0.9,22,,
1,0.073,-20.774,G,13.5,1.9,1.3,124,,
,0.005,-32.095,G,14.8,1.8,0.5,73,,
1,0.064,112.523,G,15.1,1.0,0.4,70,,
,0.004,0.007,G,15.2,1.0,0.3,170,,
,0.006,-0.015,G,15.5,0.8,0.5,172,,
3,0.091,-24.370,G,14.9,1.0,0.4,28,,
,0.004,-1.773,G,15.6,0.7,0.3,36,,
,0.011,0.592,G,15.0,0.5,0.4,70,,
,0.004,-0.726,G,14.2,0.8,0.7,36,,
,0.006,1.225,G,14.1,1.1,0.8,143,,
,0.001,-1.108,G,16.7,0.5,0.4,14,,
2,0.009,0.023,G,15.6,0.7,0.4,78,,
,0.016,-15.042,G,15.0,1.4,1.4,150,,
,0.027,31.222,G,15.0,0.9,0.9,150,,
,0.052,-29.309,G,14.9,2.4,0.7,3,,
,0.035,12.600,G,15.3,0.9,0.3,126,,
,0.049,-47.085,G,14.4,1.4,0.3,15,,
,0.008,-6.650,G,13.8,1.4,0.8,27,,
,0.024,2.240,G,14.3,1.3,0.7,129,,
,0.008,20.650,G,15.2,0.8,0.3,40,,
,0.009,6.492,G,15.5,0.7,0.2,116,,
,0.003,-22.498,G,12.5,2.8,1.5,143,,
2,0.046,1.034,G,15.2,1.4,0.5,103,,
,0.001,0.066,G,13.6,1.5,1.4,49,,
1,0.008,30.295,G,14.8,1.0,0.5,84,,
,0.006,0.713,G,14.5,1.8,1.8,20,,
,0.002,0.081,G,15.4,0.9,0.7,125,,
1,0.007,0.034,G,15.7,1.1,0.9,76,,
,0.008,-0.129,G,15.7,0.7,0.6,12,,
,0.002,0.033,G,16.4,0.6,0.3,4,,
,0.001,-7.084,G,14.6,1.1,0.8,14,,
1,0.026,-23.261,G,16.7,1.3,0.2,68,,
,0.015,1.345,G,13.9,1.8,0.7,176,,
,0.008,18.129,G,14.8,0.9,0.8,140,,
,0.011,-20.991,G,15.6,0.8,0.5,143,,
1,0.004,0.032,G,15.3,0.8,0.4,18,,
,0.018,-1.488,G,14.8,1.0,0.5,6,,
1,0.004,0.645,G,16.2,1.0,0.2,48,,
,0.008,1.641,G,15.8,1.2,0.3,47,,
,0.015,47.353,G,15.3,0.6,0.5,28,,
,0.002,4.754,G,15.0,1.4,1.2,95,,
,-0.001,-4.774,G,15.1,0.8,0.6,110,,
,0.012,-0.681,G,14.7,0.3,0.2,20,,
,0.013,-45.935,G,15.6,1.2,0.4,30,,
,0.037,0.004,G,16.4,0.7,0.3,153,,
1,0.032,80.201,Cl+N,,6.3,,,,
1,0.010,-50.873,G,15.4,0.9,0.7,167,,
1,0.005,-53.417,G,15.2,1.2,0.4,129,,
,0.000,2.460,G,15.4,1.4,0.3,12,,
,0.016,66.710,G,15.0,1.9,0.8,118,,
,-0.020,-79.630,G,15.0,1.6,0.4,152,,
,0.020,63.881,G,15.0,1.0,0.5,3,,
,-0.003,-29.269,G,15.5,1.2,0.3,107,,
,0.009,-0.030,G,15.5,0.8,0.5,92,,
,0.008,-0.628,G,14.5,0.9,0.4,116,,
,0.005,14.167,G,15.4,1.1,0.8,149,,
,0.019,-35.427,G,14.6,1.4,0.6,112,,
1,0.010,-3.490,G,12.9,1.7,1.4,143,,
1,0.020,49.490,G,14.4,0.9,0.8,138,,
,0.010,-34.916,G,13.7,2.0,0.7,171,,
,0.006,-6.005,G,13.7,1.1,1.0,44,,
,0.032,24.766,G,13.9,1.6,1.4,110,,
,-0.031,-56.764,OCl,12.0,1.5,1.5,,,
,0.003,-0.039,OCl,12.3,1.2,0.8,20,,
,0.080,74.489,G,9.5,18.3,17.1,50,,
,0.005,31.072,G,17.6,0.6,0.5,60,,
,-0.016,-84.323,G,14.3,1.3,0.6,148,,
,0.013,23.704,G,12.9,1.6,1.5,5,,
,-0.011,-23.604,G,14.6,1.4,0.5,124,,
,0.028,83.445,G,15.6,0.9,0.5,156,,
,0.024,0.655,G,15.2,0.8,0.6,93,,
,-0.002,-19.112,G,14.6,1.0,0.7,87,,
,-0.015,-60.681,G,14.6,1.4,0.4,3,,
,0.021,29.187,G,14.6,0.7,0.6,160,,
,0.003,0.032,GPair,,1.2,,,,
,-0.041,-54.536,OCl,12.4,0.9,0.9,,,
,0.040,25.135,G,12.1,1.8,1.4,9,,
,-0.025,-26.388,OCl,13.8,1.0,1.0,,,
,0.032,27.202,G,13.7,1.6,0.6,139,,
,0.011,17.512,G,12.5,1.6,1.5,112,,
,0.008,31.149,G,16.0,0.8,0.6,56,,
,-0.017,-49.321,G,15.2,1.6,0.3,64,,
,0.008,0.278,G,14.2,0.8,0.5,85,,
,0.033,64.159,G,16.5,0.2,0.2,5,,
,-0.014,-63.614,G,11.4,2.9,2.2,97,,
,0.019,63.594,G,15.7,0.8,0.7,153,,
,0.000,-0.011,G,15.6,1.1,0.7,148,,
,0.009,15.713,G,15.0,0.6,0.4,103,,
,-0.009,-63.804,G,12.9,1.7,1.3,90,,
,0.022,63.804,G,14.9,0.8,0.7,105,,
,-0.010,-34.029,G,14.4,0.8,0.7,100,,
,0.002,0.034,G,15.4,0.2,0.2,20,,
,-0.037,-71.139,OCl,15.0,0.8,0.7,40,,
1,0.041,71.359,G,15.2,0.9,0.7,79,,
,-0.048,-72.784,HII,11.7,0.8,0.7,40,,
,0.054,88.944,G,14.4,0.9,0.8,11,,
,0.004,-0.042,G,15.1,0.7,0.6,17,,
,0.009,23.177,G,15.1,0.9,0.4,40,,
,0.007,-5.667,G,15.1,0.4,0.4,155,,
,-0.031,-89.075,G,14.7,1.9,0.3,136,,
,0.008,5.455,G,13.6,1.3,0.7,62,,
1,0.044,82.350,G,14.2,1.3,0.2,170,,
1,0.004,-1.753,G,14.5,1.0,0.5,50,,
,-0.055,-101.526,OCl,14.0,1.7,1.5,50,,
1,0.037,38.680,G,13.1,2.3,0.5,170,,
1,0.033,63.000,G,14.6,0.8,0.7,18,,
,-0.058,-102.111,OCl,13.5,1.1,1.1,,,
1,-0.001,-1.695,OCl,14.0,1.2,1.2,,,
3,0.122,105.924,G,14.3,0.9,0.9,73,,
,-0.019,-49.517,G,15.4,1.0,0.7,45,,
,0.003,50.223,G,15.8,0.3,0.2,50,,
,0.020,0.012,G,15.7,0.8,0.3,5,,
,-0.021,-49.988,GPair,,3.0,,,,
1,0.030,46.502,G,13.9,1.4,1.0,138,,
,0.002,3.346,G,14.8,0.5,0.5,70,,
,-0.024,-84.009,G,14.9,0.5,0.3,23,,
,0.028,85.213,G,14.3,0.7,0.2,58,,
,-0.000,-3.990,G,15.6,0.6,0.4,179,,
,0.002,2.957,G,15.2,0.7,0.3,129,,
,-0.001,-27.655,G,15.3,0.3,0.2,145,,
,0.011,27.933,G,15.5,0.6,0.5,46,,
,0.002,-0.212,G,14.9,0.7,0.5,103,,
,-0.008,-33.192,G,14.9,1.0,0.5,101,,
,0.014,33.170,G,14.3,0.9,0.4,119,,
,0.007,1.177,G,14.1,1.3,0.6,173,,
,0.004,-1.023,G,15.8,0.7,0.5,124,,
,0.004,-0.225,G,,0.4,0.3,165,,
1,0.004,0.086,G,14.8,0.7,0.5,0,,
,0.002,-0.192,G,16.4,0.4,0.3,64,,
,0.006,-0.028,G,14.8,0.6,0.4,171,,
,0.000,0.101,G,15.0,0.5,0.3,130,,
,0.010,0.251,G,16.3,0.5,0.4,122,,
,0.004,-0.171,G,15.6,0.5,0.4,144,,
,-0.010,-34.893,G,16.0,0.7,0.3,162,,
,0.012,3.264,G,14.8,1.1,0.7,4,,
,0.006,7.092,G,15.3,1.8,1.1,86,,
,-0.004,-10.316,G,13.6,0.8,0.8,16,,
,0.002,2.061,G,15.0,0.8,0.5,104,,
,0.006,14.395,G,14.8,1.9,0.8,117,,
2,0.008,3.345,G,15.3,0.8,0.6,92,,
,0.001,-1.582,G,14.4,1.1,0.7,172,,
1,0.021,-1.826,G,14.3,1.1,0.8,162,,
,-0.007,-18.277,G,14.4,0.6,0.5,107,,
,0.013,18.321,G,15.6,0.5,0.5,85,,
1,-0.043,-86.004,OCl,14.3,1.2,1.2,,,
2,0.099,88.373,G,14.7,2.5,0.5,42,,
2,0.033,-30.214,G,16.6,0.6,0.5,94,,
,0.011,25.610,G,14.5,0.7,0.5,95,,
2,0.082,20.782,G,15.0,0.7,0.4,120,,
,-0.014,-67.291,G,14.0,1.5,1.1,173,,
,0.046,5.011,G,13.8,1.2,0.9,155,,
,0.017,37.439,G,14.6,1.1,0.5,100,,
,0.027,-42.714,G,14.8,1.5,0.4,51,,
,0.004,43.077,G,14.1,2.5,0.5,28,,
,-0.002,-43.131,G,14.2,1.3,0.5,126,,
,0.034,56.019,G,15.3,0.5,0.5,60,,
,0.002,-17.158,G,14.6,0.3,0.3,35,,
,0.037,22.714,G,11.6,6.5,2.4,150,,
,0.004,-60.935,G,13.3,1.3,0.8,6,,
,0.003,6.710,G,12.5,2.2,1.2,142,,
,0.034,48.904,G,15.6,0.8,0.5,64,,
,0.004,5.184,G,14.1,1.4,0.8,134,,
,0.010,8.737,G,14.8,1.3,0.4,61,,
,-0.002,-2.851,G,13.0,1.5,1.4,70,,
,-0.024,-65.825,G,12.9,1.6,1.5,21,,
,0.027,65.835,G,15.1,0.8,0.7,157,,
,0.000,-14.789,G,14.9,1.0,0.3,35,,
1,0.004,-28.095,G,14.7,0.9,0.7,76,,
,-0.010,-24.264,G,14.8,0.9,0.6,86,,
1,0.024,17.268,G,15.5,1.1,0.6,168,,
,0.021,39.509,G,15.2,0.7,0.5,48,,
2,-0.004,-39.390,G,16.1,0.8,0.3,138,,
,0.024,21.473,G,15.0,1.6,0.5,95,,
,0.053,58.518,PN,12.0,0.2,,,,
,-0.024,-45.681,G,14.7,0.7,0.5,122,,
,0.000,-10.896,G,14.7,1.1,0.7,150,,
,0.002,-2.669,G,15.3,1.0,0.2,64,,
1,0.016,24.537,G,16.3,0.6,0.3,123,,
,0.001,-0.024,G,14.9,0.8,0.6,140,,
,-0.008,-24.563,G,15.4,0.9,0.9,80,,
,0.006,10.524,G,14.7,1.5,0.4,155,,
,-0.002,-15.018,G,15.6,1.3,0.2,154,,
,0.002,-0.006,G,16.7,0.4,0.2,55,,
,-0.005,-16.068,G,15.2,0.6,0.2,50,,
,0.017,-16.445,G,13.9,1.5,1.3,11,,
,-0.008,0.999,G,16.6,0.6,0.4,172,,
,0.024,32.556,G,15.5,0.6,0.3,47,,
,-0.017,-33.808,G,14.3,1.7,0.6,43,,
,0.023,5.429,G,14.6,1.1,0.9,45,,
,0.019,52.392,G,14.4,1.2,0.9,10,,
2,-0.006,-35.660,G,14.8,1.7,0.6,75,,
,0.014,-13.948,G,14.8,1.4,1.2,47,,
,0.001,-6.893,G,15.5,0.9,0.3,76,,
,0.022,41.901,G,15.3,1.4,1.4,50,,
,0.001,-0.012,G,15.3,0.8,0.8,175,,
,0.007,-2.223,G,,0.7,0.7,0,,
1,0.021,7.572,G,13.6,1.4,0.7,127,,
,0.022,-1.812,G,15.5,0.8,0.7,167,,
,-0.000,-7.399,G,14.3,1.3,1.0,172,,
,0.014,9.102,G,15.4,0.9,0.9,130,,
1,0.005,-11.503,G,15.2,0.4,0.3,105,,
,0.007,11.016,G,15.5,0.6,0.4,9,,
,0.001,-15.240,G,15.9,0.7,0.5,126,,
1,0.053,-32.422,G,12.5,2.0,0.8,4,,
,0.102,65.589,G,13.1,1.4,0.7,94,,
,0.003,0.018,G,15.6,0.8,0.4,146,,
,-0.005,-27.522,G,15.5,0.7,0.4,154,,
1,-0.004,-36.346,G,12.4,2.5,1.1,28,,
,0.034,63.597,G,14.7,1.9,0.4,30,,
,-0.004,-19.887,G,15.7,0.8,0.3,63,,
,0.001,-0.038,G,14.5,1.1,1.1,95,,
,0.022,21.991,G,14.9,1.4,1.0,26,,
,0.042,-1.918,G,14.8,1.3,0.6,36,,
,-0.001,-16.782,G,15.0,0.9,0.7,90,,
,0.084,46.280,HII,,12.0,12.0,,,
,-0.062,-103.413,G,13.7,1.1,0.7,86,,
,0.044,61.766,G,15.2,1.0,0.4,142,,
,0.014,-6.964,G,,0.3,0.2,100,,
,0.041,32.540,G,14.9,0.8,0.4,40,,
1,-0.009,-26.388,G,14.0,1.2,0.5,30,,
,0.017,3.500,G,13.4,1.0,0.8,105,,
,0.010,0.026,G,15.7,0.5,0.5,35,,
,0.001,-0.012,G,15.8,1.0,0.9,136,,
,0.047,38.360,Cl+N,6.5,60.0,60.0,,,
,-0.052,-38.514,G,15.7,0.6,0.5,156,,
,0.016,0.007,G,15.6,0.6,0.5,24,,
1,0.019,-0.033,G,15.0,0.8,0.5,50,,
,-0.037,-65.993,G,14.2,1.4,1.0,150,,
,0.020,8.812,G,14.4,1.1,0.7,7,,
,-0.019,-8.547,G,12.2,2.1,1.6,35,,
,0.022,8.590,G,14.3,1.1,0.8,100,,
1,0.058,66.650,G,14.3,1.4,1.2,123,,
,-0.041,-69.101,G,14.3,1.3,1.2,125,,
,0.033,47.875,GPair,,0.9,,,,
,0.005,-22.244,G,15.3,0.8,0.7,78,,
,0.026,15.093,G,15.0,2.0,0.6,25,,
,0.003,1.989,G,15.2,0.5,0.3,65,,
,0.009,7.739,GPair,,1.0,,,,
1,0.037,18.290,G,13.3,1.4,0.8,78,,
1,0.005,-22.973,G,14.8,1.1,0.8,22,,
,0.002,-36.540,G,12.8,2.1,1.8,107,,
,0.012,29.001,G,14.4,1.1,0.2,154,,
1,0.013,12.740,G,15.8,0.9,0.7,26,,
1,0.056,48.114,Neb,,120.2,,,,
,-0.033,-43.382,G,15.2,0.7,0.7,140,,
,-0.005,-47.201,G,14.1,1.4,0.7,64,,
,0.019,31.255,G,15.2,0.7,0.6,16,,
,0.017,11.806,GGroup,,0.7,0.6,28,,
,-0.007,-11.785,G,15.6,0.6,0.5,42,,
1,0.022,16.350,G,15.2,0.6,0.2,175,,
,0.000,-4.215,G,15.2,1.0,0.4,96,,
1,0.015,3.689,G,15.1,0.6,0.5,50,,
,-0.003,-7.471,G,15.6,1.1,0.3,20,,
,-0.000,-8.577,G,14.2,1.0,0.6,74,,
,0.007,0.349,G,15.0,0.9,0.4,97,,
2,0.034,11.275,G,16.0,0.6,0.5,131,,
,0.055,45.897,Cl+N,6.5,40.0,10.0,,,
,-0.057,-51.045,G,15.4,0.8,0.5,90,,
3,0.005,-23.350,G,14.4,1.4,0.4,94,,
,0.021,33.297,G,14.8,0.5,0.4,154,,
,-0.004,-5.861,G,16.3,0.5,0.3,40,,
,-0.004,-14.210,G,14.4,1.1,0.5,56,,
,0.013,15.387,G,15.1,0.8,0.4,149,,
,-0.008,-45.910,G,14.2,1.9,0.9,174,,
,-0.001,0.117,G,14.3,1.3,0.8,15,,
,0.008,-0.016,G,12.6,2.6,1.8,4,,
,0.059,56.679,G,14.6,1.3,0.8,150,,
,-0.019,-58.830,G,14.6,2.7,0.6,4,,
,0.048,42.124,G,15.7,0.6,0.6,180,,
,-0.020,-42.982,G,12.7,1.3,0.8,63,,
,0.028,43.026,G,14.9,1.3,1.0,91,,
,-0.007,-24.481,G,15.2,1.0,0.8,84,,
,0.016,24.965,G,14.6,1.5,1.2,17,,
,0.004,0.067,G,15.9,0.4,0.4,35,,
,0.035,-3.542,G,15.6,0.7,0.3,124,,
,-0.005,-8.184,G,13.5,1.6,0.9,133,,
,-0.009,63.019,HII,,4.0,4.0,,,
1,0.109,-51.059,G,15.3,1.2,0.5,26,,
,0.041,26.402,G,14.7,0.9,0.7,85,,
,-0.040,-75.455,G,12.6,1.6,0.9,19,,
,0.010,11.979,G,14.1,1.2,1.1,7,,
,-0.023,-23.051,G,16.3,0.9,0.2,153,,
,0.008,-1.596,G,15.2,0.6,0.4,180,,
,0.004,-0.010,G,16.0,1.2,0.2,137,,
,0.043,42.387,G,14.9,1.9,1.1,34,,
1,0.022,12.879,G,15.0,1.1,0.4,22,,
2,-0.019,-36.012,G,14.9,1.4,0.5,137,,
,0.023,28.464,G,14.8,1.1,0.9,1,,
3,0.032,23.608,G,15.6,1.0,1.0,150,,
,0.004,0.399,G,16.6,0.4,0.3,44,,
,-0.029,-42.663,G,13.8,1.8,1.0,12,,
,0.030,42.673,G,17.1,0.4,0.2,54,,
,0.003,-0.010,G,15.8,0.8,0.5,3,,
,-0.014,-44.861,G,13.3,1.4,1.1,164,,
,-0.029,-28.960,G,15.8,0.8,0.3,18,,
,0.048,43.418,G,14.7,1.0,0.6,31,,
,-0.007,-11.609,G,13.6,3.7,0.7,73,,
,0.032,-2.900,G,14.4,1.3,0.4,161,,
,0.061,62.459,G,13.9,0.8,0.7,92,,
,0.002,-0.042,G,16.8,0.9,0.3,164,,
,0.003,0.065,G,15.6,0.7,0.4,67,,
,-0.050,-87.747,GPair,,1.9,,,,
,0.030,19.862,G,14.4,1.4,0.6,102,,
1,0.018,-3.653,G,14.5,1.2,0.5,64,,
1,-0.017,-20.459,G,14.1,1.2,0.7,68,,
,0.038,21.130,G,14.5,1.2,0.7,60,,
2,-0.010,-16.965,G,15.8,1.1,0.2,6,,
,0.047,18.190,G,14.4,2.0,0.4,149,,
,-0.002,-17.135,G,13.0,1.9,1.4,112,,
,0.007,-1.091,G,16.2,0.6,0.5,29,,
,0.007,1.649,G,15.4,0.9,0.6,81,,
,0.032,-4.143,G,16.2,0.8,0.5,12,,
,0.068,57.726,G,15.6,0.6,0.2,150,,
,-0.004,-37.436,G,13.8,1.7,1.1,84,,
,-0.027,-19.819,G,16.0,0.6,0.4,148,,
1,0.005,1.973,G,16.9,0.4,0.3,31,,
1,0.007,-0.962,G,16.7,0.7,0.3,76,,
1,0.003,0.002,G,16.6,0.6,0.2,81,,
1,0.036,30.141,G,14.1,1.8,0.5,30,,
,-0.034,-29.707,G,14.2,0.9,0.6,139,,
,0.056,55.651,G,15.8,0.8,0.6,14,,
,0.003,-2.633,G,15.4,0.8,0.8,78,,
,-0.051,-53.094,G,14.6,0.9,0.4,15,,
,-0.004,-1.443,G,12.6,2.3,1.2,54,,
,0.093,95.578,G,16.0,1.0,0.5,135,,
,-0.084,-92.802,G,14.3,1.0,0.7,67,,
,0.004,-1.313,G,16.0,0.6,0.3,146,,
,0.006,2.620,G,14.9,0.9,0.5,58,,
,0.006,-4.307,G,15.5,0.8,0.6,82,,
1,0.009,0.871,G,14.8,1.0,0.9,37,,
1,0.003,-0.538,GPair,,0.7,,,,
1,0.029,4.681,G,15.8,0.5,0.4,15,,
,-0.006,-4.631,G,15.3,0.8,0.3,127,,
,0.001,0.008,G,14.4,0.9,0.5,64,,
,0.020,2.280,G,14.8,0.6,0.5,131,,
,0.005,2.374,G,15.7,0.8,0.6,162,,
,0.001,-0.014,G,13.2,1.2,0.9,16,,
,0.003,-2.454,G,14.5,1.6,0.4,153,,
,-0.002,-2.693,G,17.1,0.5,0.2,56,,
,0.041,29.413,G,13.5,2.6,0.6,140,,
,0.005,2.234,G,12.0,2.3,1.2,125,,
,-0.037,-30.426,G,11.6,3.0,1.7,60,,
,-0.001,-5.337,G,15.8,0.7,0.6,176,,
,0.069,62.309,G,15.5,1.3,0.5,33,,
,-0.056,-57.524,G,16.5,1.0,0.2,33,,
,0.009,1.015,G,16.0,0.5,0.3,79,,
,0.007,1.028,G,12.8,3.0,0.7,148,,
,-0.011,-6.793,G,15.2,1.1,0.3,111,,
,0.017,8.256,G,15.5,0.6,0.4,19,,
,0.035,27.657,G,14.8,2.2,0.5,1,,
1,-0.036,-31.879,G,16.6,0.6,0.3,92,,
,-0.005,-3.381,G,15.1,1.0,0.6,117,,
,0.015,5.232,G,15.6,0.6,0.2,114,,
,0.062,54.593,G,14.9,0.8,0.4,64,,
,-0.053,-53.922,G,16.2,0.5,0.3,97,,
,0.027,5.471,G,14.9,1.3,0.3,39,,
,0.005,1.223,G,12.4,3.0,0.8,75,,
,-0.010,-8.694,G,15.9,0.8,0.4,173,,
,0.007,0.683,G,16.4,0.7,0.2,152,,
,-0.000,-0.026,G,16.7,0.5,0.2,10,,
,0.006,2.444,G,15.9,0.8,0.4,159,,
,0.039,34.050,G,15.6,0.4,0.4,65,,
,-0.032,-31.938,G,15.8,0.8,0.6,128,,
,0.060,65.179,G,14.6,0.8,0.6,180,,
,-0.061,-67.892,G,15.7,1.2,0.2,8,,
1,-0.002,-7.823,G,14.9,1.3,0.4,21,,
1,0.012,0.198,G,15.7,0.5,0.4,61,,
1,0.036,10.700,G,16.4,0.8,0.2,139,,
1,0.012,1.720,G,14.6,1.3,0.2,102,,
,-0.006,-9.699,GGroup,,1.4,,,,
1,0.029,4.097,G,14.6,1.4,0.8,132,,
,0.088,75.292,Neb,,,,,,
,-0.041,-75.857,G,16.2,0.8,0.3,40,,
1,0.039,17.813,G,11.9,2.8,2.5,57,,
,-0.020,-17.933,G,16.0,0.7,0.2,4,,
,0.073,77.224,Neb,,2.0,2.0,90,,
,-0.086,-82.906,G,16.3,0.9,0.2,102,,
,-0.004,-1.813,G,13.5,1.0,0.7,76,,
,0.111,60.328,G,15.7,0.8,0.6,12,,
,-0.064,-58.142,G,15.1,0.8,0.7,148,,
,0.024,8.094,G,12.4,4.9,0.8,82,,
2,0.120,82.733,PN,11.4,0.1,,,,
,-0.076,-83.295,G,15.0,0.9,0.7,46,,
,0.098,86.207,G,15.8,0.3,0.2,47,,
,-0.053,-72.754,G,11.3,2.4,2.0,35,,
,0.015,7.809,G,13.7,1.3,0.6,48,,
1,-0.030,-20.831,G,14.9,1.5,1.0,66,,
,-0.027,-10.940,G,13.7,1.2,0.5,71,,
1,0.016,1.278,GPair,,0.7,,,,
1,0.041,1.905,G,15.7,0.6,0.5,18,,
,0.047,16.357,G,15.7,0.6,0.4,102,,
,0.063,60.629,G,15.7,0.5,0.2,2,,
,-0.089,-79.635,G,15.0,1.1,0.7,21,,
,0.021,6.614,G,14.8,0.8,0.6,137,,
,0.067,58.420,G,15.2,0.8,0.5,64,,
,-0.051,-59.697,G,15.6,0.7,0.5,58,,
,0.009,1.401,G,15.8,0.7,0.5,123,,
,-0.012,-6.387,G,16.1,1.1,0.2,1,,
,0.017,6.363,G,15.9,0.6,0.4,43,,
,0.006,-0.690,G,15.6,1.1,0.3,30,,
,0.005,0.305,G,15.3,1.2,0.2,124,,
1,0.105,90.182,G,16.0,0.9,0.8,100,,
,-0.089,-89.823,G,14.2,0.9,0.5,54,,
,-0.000,-0.094,G,15.7,1.0,0.4,180,,
1,0.082,47.149,G,15.8,0.6,0.5,103,,
,0.014,-49.672,G,14.7,1.1,0.4,75,,
,0.003,1.643,G,15.0,1.2,0.5,127,,
,-0.011,-4.280,G,15.9,1.4,0.2,119,,
,0.041,12.443,G,11.8,1.4,1.2,84,,
,0.014,5.829,G,14.4,1.1,0.7,84,,
,-0.026,-19.062,G,14.8,1.7,0.3,90,,
,0.009,2.761,G,14.7,1.9,0.5,155,,
,0.003,-0.022,G,14.3,1.1,0.9,124,,
,0.066,23.459,G,13.7,1.4,0.7,68,,
,-0.007,-0.264,G,14.7,1.1,0.7,136,,
1,-0.024,-20.870,G,14.5,1.4,0.3,12,,
,0.001,-0.846,G,16.5,0.6,0.4,54,,
,0.056,41.358,G,15.5,0.9,0.7,126,,
,-0.053,-41.498,G,15.2,0.8,0.6,104,,
2,0.011,-3.884,G,14.7,1.1,0.8,10,,
,0.031,5.082,G,13.8,1.2,0.8,36,,
,-0.365,-30.356,G,11.2,2.9,1.7,68,,
,0.383,29.495,G,15.4,1.1,0.4,165,,
,0.015,4.978,G,15.3,0.5,0.5,73,,
,-0.141,-28.895,G,16.4,0.5,0.4,115,,
1,0.149,18.046,G,11.9,1.9,1.6,14,,
,0.093,64.256,G,15.2,0.6,0.5,65,,
,-0.068,-59.982,G,13.8,3.4,0.5,18,,
,0.043,24.208,G,14.0,1.3,0.6,170,,
,-0.043,-24.891,G,13.9,1.2,0.8,158,,
2,0.080,40.955,G,14.8,0.9,0.5,174,,
,0.013,-0.024,G,15.8,0.5,0.5,47,,
,-0.033,-40.248,G,14.6,1.2,0.4,36,,
,0.034,1.200,G,15.3,0.9,0.6,133,,
,0.122,90.179,Neb,11.5,,,,,
,-0.070,-77.540,G,14.3,1.3,0.9,171,,
1,-0.034,-15.887,G,14.5,1.4,0.7,88,,
,0.027,4.829,GGroup,,1.2,,,,
1,0.006,-0.035,G,13.7,1.4,0.6,50,,
5,0.032,-0.551,G,14.0,1.4,0.4,125,,
,0.056,47.981,G,15.8,0.8,0.5,15,,
,-0.047,-47.857,G,13.3,1.0,0.8,75,,
,0.001,-0.213,GPair,,1.4,,,,
,0.027,-0.154,G,14.9,0.9,0.5,102,,
1,0.011,-0.436,G,13.2,2.5,0.5,112,,
,0.003,0.769,G,15.7,0.6,0.6,141,,
,0.141,79.390,Neb,,4.0,4.0,,,
,-0.149,0.865,Neb,,,,,,
,0.029,-102.146,G,15.1,1.0,0.9,36,,
4,0.260,70.186,G,15.8,1.0,0.3,71,,
,0.006,0.228,G,16.1,1.5,0.2,55,,
1,0.027,0.044,G,15.3,1.2,0.3,116,,
,0.006,-0.338,G,14.7,2.5,0.3,96,,
2,0.016,-0.812,G,14.4,1.8,0.4,152,,
,0.003,1.279,G,14.5,1.3,1.1,65,,
,-0.202,-71.885,G,14.7,2.0,0.3,88,,
,0.276,61.039,G,13.8,2.1,1.1,100,,
,-0.115,-53.403,Cl+N,11.3,0.7,0.6,170,,
,0.119,40.697,G,13.8,1.8,1.0,156,,
4,-0.079,-40.888,Cl+N,,0.7,0.6,130,,
,0.144,73.779,G,15.4,0.3,0.2,26,,
3,-0.053,-70.776,HII,14.2,0.6,0.6,,,
,-0.001,-2.052,Cl+N,,1.0,0.9,110,,
1,0.160,48.096,G,14.7,1.2,0.6,54,,
2,0.203,-16.744,G,13.9,1.8,1.5,66,,
2,0.091,10.073,G,14.5,1.0,0.8,126,,
2,-0.029,-41.045,Cl+N,11.1,4.8,3.6,40,,
,0.152,44.916,G,13.8,1.8,0.9,103,,
2,0.010,9.218,G,14.2,1.9,0.6,175,,
1,-0.156,-61.520,GCl,13.9,1.4,1.4,,,
,0.169,39.048,G,13.3,3.2,0.7,110,,
1,0.019,12.866,G,13.9,1.3,0.8,83,,
2,-0.017,-51.842,GCl,13.5,2.3,2.3,,,
1,-0.003,-2.644,G,15.5,0.9,0.5,27,,
,0.228,59.293,G,13.4,1.9,0.9,99,,
,0.056,42.598,HII,,1.0,1.0,0,,
,-0.163,-93.542,Neb,12.0,0.2,,,,
,-0.044,-5.113,GCl,12.4,3.3,3.3,,,
,0.094,44.288,G,13.6,1.6,1.3,86,,
,-0.071,-45.067,GCl,14.2,1.3,1.3,,,
,0.287,121.667,PN,10.8,0.1,,,,
,-0.085,-84.425,G,12.9,2.9,0.8,83,,
,0.022,20.533,G,14.2,1.2,0.6,93,,
,0.088,-5.394,G,13.5,1.6,1.1,50,,
,0.036,-10.739,GPair,,1.0,,,,
1,0.010,-0.077,G,16.5,0.4,0.2,3,,
,0.070,58.155,OCl,,,,,,
,-0.001,-0.087,OCl,8.4,2.7,,,,
,0.008,-51.928,G,12.9,1.4,1.1,115,,
,0.078,48.288,Neb,,,,,,
,-0.241,-97.351,G,13.1,1.8,0.9,108,,
,0.032,1.781,GCl,14.2,1.6,1.6,,,
,0.261,93.119,HII,,4.0,4.0,,,
,0.056,-39.356,G,11.1,3.4,0.9,103,,
,-0.159,-53.989,G,14.6,1.1,1.0,122,,
,0.247,62.378,PN,10.5,0.1,,,,
,0.087,72.067,G,12.4,2.2,1.1,116,,
4,0.292,-77.012,G,15.2,1.6,0.3,91,,
2,0.411,93.285,G,13.6,0.8,0.8,125,,
1,-0.026,-42.883,G,15.1,0.9,0.8,180,,
,-0.049,-42.941,RfN,,20.0,20.0,,,
,0.050,42.983,G,16.0,0.6,0.3,140,,
,0.132,32.414,G,12.5,0.8,0.8,95,,
,-0.070,-38.554,G,15.0,0.9,0.8,10,,
,0.031,-7.376,G,14.8,1.0,0.6,140,,
,0.016,-0.051,G,14.9,1.5,0.8,103,,
1,0.254,53.184,GGroup,,1.1,,,,
,-0.102,-39.634,G,14.9,0.6,0.4,125,,
,-0.008,-10.966,G,16.1,0.3,0.2,30,,
,-0.001,-0.046,G,15.1,0.2,0.2,175,,
,-0.000,0.030,G,15.1,1.1,0.7,112,,
1,0.119,15.939,G,14.7,0.9,0.6,19,,
,0.007,-13.124,G,15.2,0.8,0.5,20,,
,0.051,7.033,G,15.6,0.5,0.4,134,,
,0.001,0.123,G,14.6,1.5,1.0,87,,
,0.004,-0.150,G,15.0,1.5,0.4,50,,
1,0.008,0.072,G,13.9,1.7,0.9,153,,
,0.005,0.016,G,17.1,0.5,0.3,138,,
,-0.004,-7.456,G,15.3,0.7,0.6,60,,
,0.012,7.310,G,13.6,1.0,0.6,26,,
,-0.110,-93.629,G,13.2,1.3,0.8,59,,
,0.133,95.476,G,14.9,1.2,0.3,66,,
,-0.140,-100.697,G,13.6,2.2,0.7,164,,
,0.211,101.804,G,14.6,0.9,0.7,154,,
,0.012,0.002,G,16.3,0.9,0.8,138,,
,0.094,-7.360,G,15.0,0.7,0.3,52,,
1,0.049,7.090,G,15.2,1.7,0.3,124,,
,0.038,-6.478,G,15.2,0.4,0.3,12,,
,0.068,32.820,G,13.8,0.8,0.8,145,,
1,0.026,-27.746,G,14.6,0.8,0.5,139,,
,0.020,0.054,G,15.7,0.7,0.6,103,,
,0.002,-5.148,G,15.4,0.7,0.6,71,,
,0.013,5.827,G,14.4,0.9,0.8,40,,
2,0.016,-5.791,G,14.3,0.6,0.4,87,,
,0.013,-3.068,G,15.6,0.8,0.3,19,,
,0.016,3.005,G,14.4,1.2,0.6,176,,
,-0.096,-86.563,RfN,,5.0,,,Toby Jug Nebula,
,0.139,96.577,G,16.2,0.6,0.5,23,,
,0.001,0.022,G,15.4,0.8,0.4,121,,
,0.010,-0.013,G,16.3,0.5,0.3,71,,
1,-0.006,-1.513,G,14.8,1.1,0.8,87,,
,0.012,-23.404,G,13.4,1.1,0.8,142,,
,0.016,23.690,G,14.2,1.1,0.6,30,,
2,0.063,-10.548,G,15.7,0.6,0.5,159,,
,0.002,-20.598,G,14.9,1.7,1.7,120,,
1,0.049,40.655,G,12.6,2.9,0.4,172,,
,-0.002,-10.249,G,16.0,0.5,0.5,124,,
4,0.004,-11.627,G,15.2,0.8,0.7,140,,
7,0.031,-0.666,G,14.0,1.8,0.3,149,,
,0.002,-0.066,G,15.0,0.8,0.5,52,,
,0.008,1.360,G,16.5,0.3,0.2,122,,
,-0.000,-0.861,G,16.6,0.4,0.3,122,,
2,0.000,-2.223,G,14.7,0.9,0.6,168,,
,0.003,3.370,G,15.3,0.7,0.4,119,,
1,0.003,-0.603,G,15.1,0.8,0.4,8,,
10,0.018,0.558,G,15.2,1.9,0.2,152,,
,0.002,0.061,G,15.5,0.4,0.4,90,,
,0.000,-1.748,G,15.6,1.0,0.2,30,,
1,0.003,1.479,G,15.4,0.4,0.3,150,,
10,0.016,0.266,G,13.9,0.9,0.8,45,,
5,0.002,-1.046,G,15.6,0.5,0.3,68,,
1,-0.002,-4.434,G,15.3,0.6,0.4,149,,
2,0.005,2.081,G,14.4,0.9,0.7,125,,
13,0.019,-1.953,G,15.4,0.8,0.4,162,,
,0.001,-0.079,GTrpl,,0.6,0.3,93,,
,-0.001,-0.964,G,16.0,0.8,0.2,6,,
1,-0.032,-43.768,G,11.5,2.1,2.0,47,,
,0.035,43.881,GPair,,0.7,,,,
14,0.010,-15.342,G,13.9,1.2,0.4,169,,
1,0.014,16.247,G,14.9,2.0,0.4,116,,
5,0.013,-0.008,G,16.8,0.5,0.3,164,,
1,0.004,-0.873,G,16.1,0.5,0.3,46,,
,0.003,2.803,G,14.8,0.6,0.4,32,,
,0.001,0.010,G,14.0,0.9,0.5,61,,
,-0.001,-2.599,G,14.4,1.1,0.7,160,,
,0.003,2.686,G,14.6,1.2,0.6,3,,
6,0.011,-0.902,G,15.0,0.7,0.3,91,,
12,0.023,7.342,G,14.8,1.6,0.5,78,,
1,0.000,-8.426,G,14.9,0.8,0.7,5,,
1,0.009,8.391,G,14.5,1.2,0.8,44,,
1,-0.035,-46.616,G,12.1,2.5,1.3,60,,
5,0.044,39.141,G,14.9,0.6,0.5,160,,
,0.026,10.078,G,15.3,0.5,0.5,161,,
,-0.034,-43.746,G,,2.2,0.3,84,,
,0.035,43.711,G,14.6,0.9,0.6,64,,
,-0.033,-43.714,G,14.8,1.1,0.6,21,,
,0.034,43.737,G,13.2,1.3,0.9,23,,
,-0.034,-43.724,G,,1.0,0.5,35,,
,0.038,43.698,G,14.2,0.8,0.7,162,,
1,0.000,-8.352,G,14.6,0.9,0.6,165,,
,0.016,8.635,G,14.4,0.6,0.5,93,,
,0.078,1.747,G,15.4,0.9,0.7,73,,
,0.013,4.831,G,15.1,0.8,0.5,27,,
1,0.057,-6.467,G,14.7,1.2,0.5,18,,
,0.023,-11.154,G,15.8,0.6,0.3,150,,
,0.133,53.894,G,13.3,1.3,0.3,125,,
1,-0.123,-126.574,OCl,2.5,29.1,,,omi Vel Cluster,
,0.066,71.321,G,14.6,0.6,0.5,5,,
,0.038,9.885,G,14.3,1.2,0.8,27,,
,0.005,0.066,G,15.1,0.7,0.6,98,,
,-0.077,-76.388,OCl,4.6,6.0,,,,
2,0.071,65.906,G,15.3,0.6,0.3,6,,
,0.018,1.157,G,15.7,0.5,0.5,3,,
,0.003,19.158,G,15.1,0.9,0.4,112,,
,0.003,-0.315,G,14.9,1.1,0.7,101,,
,-0.003,-5.969,G,15.4,0.8,0.8,120,,
,-0.031,-47.143,G,15.4,0.7,0.4,120,,
,0.034,44.848,G,14.8,0.8,0.6,109,,
,0.009,7.728,G,14.9,0.8,0.6,7,,
,-0.011,-19.517,G,14.2,1.6,0.8,173,,
,0.002,-0.091,G,15.1,1.2,0.2,86,,
1,0.004,0.720,G,14.3,0.9,0.7,148,,
4,0.024,0.461,G,15.7,0.6,0.4,46,,
3,0.026,-0.847,G,16.4,0.4,0.3,111,,
1,0.002,-14.844,G,14.8,0.8,0.7,141,,
,0.047,29.580,G,13.3,1.4,0.9,53,,
,0.001,-12.456,G,15.7,0.7,0.6,130,,
,0.006,-0.005,G,14.6,0.8,0.6,114,,
2,0.062,-17.295,G,15.2,0.6,0.4,119,,
,0.042,34.950,G,15.6,0.7,0.6,98,,
,0.037,-7.284,G,14.6,1.6,0.4,76,,
,0.008,-1.295,G,14.6,0.6,0.4,146,,
,0.011,-1.343,G,14.4,1.0,0.5,40,,
,0.003,-13.359,GGroup,,1.0,,,,
,0.002,-9.082,G,15.6,0.8,0.3,131,,
,0.013,17.090,G,15.2,0.8,0.4,109,,
,0.030,14.613,G,14.5,1.3,0.6,19,,
,-0.007,-10.940,G,15.0,0.9,0.4,116,,
1,-0.021,-45.482,G,12.9,1.8,1.2,119,,
1,0.051,51.800,G,16.1,1.4,0.4,31,,
1,0.023,-9.740,GPair,,0.9,,,,
,0.001,-0.015,G,15.3,0.8,0.8,155,,
,0.024,5.989,G,14.2,0.7,0.6,12,,
,0.022,1.385,G,15.2,0.8,0.7,48,,
,0.006,1.596,G,15.2,0.8,0.4,18,,
,0.005,-2.856,G,13.6,1.5,0.6,147,,
1,-0.107,-98.894,PN,10.4,0.1,,,,
1,0.167,95.371,G,13.9,1.4,0.7,156,,
,-0.022,-1.933,G,15.8,0.9,0.7,105,,
,0.003,-0.024,G,15.7,0.7,0.3,132,,
,-0.001,-2.543,G,15.4,0.7,0.4,62,,
,0.002,-3.108,G,14.4,1.0,0.7,100,,
1,0.023,16.853,G,15.7,0.6,0.5,54,,
,-0.006,-14.580,G,16.2,0.6,0.4,75,,
1,0.033,14.768,G,15.8,0.7,0.4,118,,
1,0.016,2.329,G,14.8,2.4,0.5,143,,
,0.049,-14.505,G,16.1,0.7,0.2,62,,
,0.001,-0.067,G,15.8,0.5,0.4,103,,
,0.007,0.011,G,15.2,0.8,0.5,147,,
,0.002,1.816,G,15.1,1.0,0.6,89,,
,0.004,0.072,G,15.4,0.8,0.5,92,,
,0.019,13.834,G,14.8,0.9,0.9,45,,
,0.002,-0.008,G,16.1,0.5,0.5,60,,
,-0.033,-70.794,G,11.1,5.8,1.2,37,,
,0.044,55.812,G,15.2,1.0,0.9,105,,
,-0.008,-30.192,G,14.4,1.1,0.5,151,,
,0.023,28.215,G,15.5,0.6,0.5,4,,
,0.014,9.056,G,14.7,1.1,0.7,92,,
,-0.004,-7.407,G,15.8,0.6,0.2,96,,
,0.012,6.758,G,15.6,1.0,0.3,111,,
,-0.000,0.194,G,14.2,1.3,1.0,40,,
,0.007,-0.280,G,14.7,0.6,0.4,172,,
,-0.005,0.331,G,15.6,0.6,0.4,140,,
,0.001,-0.046,G,15.5,0.6,0.3,152,,
1,-0.010,-26.061,G,14.5,0.8,0.5,161,,
,-0.008,-16.039,G,13.9,2.8,1.8,145,,
,0.040,43.104,G,15.6,0.7,0.5,103,,
2,0.015,-4.354,G,15.0,0.9,0.6,135,,
,-0.002,-6.550,G,14.1,1.8,0.5,164,,
,-0.042,-77.098,OCl,7.4,7.2,,,,
1,0.090,86.935,G,14.6,1.0,0.7,177,,
,0.036,4.804,G,14.9,0.9,0.6,74,,
,-0.033,-72.598,G,15.7,0.8,0.3,48,,
,0.051,75.230,G,14.8,1.0,0.7,1,,
1,0.030,-9.306,G,14.7,0.7,0.3,11,,
,0.011,6.669,G,15.4,0.7,0.4,33,,
,0.038,0.006,G,15.8,0.7,0.4,115,,
,0.005,-6.619,G,15.3,0.8,0.3,25,,
,0.001,-0.219,G,16.2,0.6,0.3,125,,
,0.016,8.455,G,14.9,1.4,0.4,164,,
,-0.060,-96.442,PN,10.4,0.0,,,,
,0.075,95.253,G,15.6,0.6,0.5,75,,
,0.000,0.045,G,16.5,0.4,0.3,100,,
1,0.031,-7.937,G,15.8,0.8,0.6,18,,
,0.002,-0.017,G,15.7,0.6,0.4,79,,
,-0.011,-59.042,G,13.3,1.7,0.9,48,,
,0.042,65.298,G,15.8,0.7,0.4,19,,
1,0.010,-66.345,G,15.5,1.6,0.9,148,,
,0.028,-0.002,G,13.1,4.2,0.8,43,,
1,0.011,-0.044,G,13.3,3.4,0.7,63,,
1,0.077,70.292,G,14.9,1.1,0.4,174,,
,0.002,0.278,G,14.9,1.0,0.9,13,,
,-0.032,-71.429,G,15.4,0.7,0.6,98,,
,0.052,70.898,G,15.8,0.7,0.5,110,,
,0.000,-3.119,G,15.5,0.3,0.2,90,,
,0.006,-6.809,G,14.3,0.9,0.7,57,,
,0.015,6.748,G,15.6,0.6,0.6,15,,
,-0.035,-67.113,G,12.0,2.3,1.7,180,,
,0.000,-0.073,G,13.6,1.4,0.9,30,,
,0.040,66.830,G,14.8,0.7,0.4,64,,
,0.015,3.482,G,15.8,0.7,0.6,55,,
,-0.023,-69.359,G,13.7,2.1,0.7,56,,
,0.051,70.429,G,15.6,0.6,0.5,123,,
2,0.023,-0.968,G,15.0,1.0,0.9,20,,
,-0.026,-66.821,G,12.2,6.5,0.6,74,,
,0.002,-4.611,G,14.0,2.0,1.1,36,,
,0.008,2.983,G,12.0,2.0,1.4,180,,
,0.016,-2.867,G,13.4,1.8,1.2,98,,
,0.051,72.118,G,14.8,0.8,0.7,75,,
,-0.018,-71.956,G,14.6,1.9,0.4,45,,
,0.006,6.379,G,12.2,2.6,1.8,17,,
,0.002,-7.237,G,15.0,1.5,0.8,180,,
,0.005,3.445,G,14.1,2.0,0.6,25,,
,0.042,62.839,G,15.2,0.9,0.6,158,,
,-0.016,-48.911,G,13.9,1.5,0.6,4,,
,0.034,51.750,G,14.5,1.0,0.8,171,,
,0.009,3.528,GPair,,0.8,,,,
,0.002,-4.497,G,15.3,0.5,0.4,65,,
1,-0.024,-66.607,G,15.6,0.8,0.6,95,,
,0.050,69.763,G,15.6,0.8,0.4,121,,
,-0.036,-71.732,G,14.0,2.2,1.4,70,,
,0.037,71.695,G,15.9,0.5,0.3,143,,
,0.005,-8.509,G,14.5,0.9,0.7,109,,
,0.004,-3.542,G,14.5,0.8,0.6,36,,
,0.001,-59.259,G,12.1,1.9,1.7,89,,
,-0.023,-27.769,PN,10.3,0.1,,,,
,-0.009,-4.417,G,11.7,3.3,1.3,8,,
1,0.063,32.302,G,14.3,1.8,0.9,119,,
,0.058,72.838,G,15.6,0.6,0.4,95,,
,-0.022,-72.448,G,13.7,1.0,0.6,17,,
,-0.000,0.280,G,14.4,1.7,0.5,17,,
,0.026,0.495,G,12.1,3.5,1.7,46,,
,0.047,68.239,G,14.8,0.9,0.6,14,,
,-0.004,-18.519,G,15.0,0.7,0.4,166,,
,-0.001,-48.753,G,15.6,0.9,0.4,110,,
,0.044,69.049,G,15.8,0.7,0.6,50,,
,-0.003,-8.522,G,15.1,0.7,0.4,70,,
,0.017,8.653,G,14.7,1.0,0.6,6,,
,-0.006,-11.928,G,15.4,0.8,0.6,57,,
,0.009,11.944,G,14.9,1.1,0.6,93,,
,0.007,-11.993,G,15.5,0.7,0.6,146,,
,-0.022,-58.229,G,16.1,0.8,0.4,172,,
1,0.059,61.718,G,15.5,0.9,0.4,26,,
,-0.027,-63.551,G,15.4,1.5,0.3,2,,
,0.081,103.868,G,10.5,12.9,5.6,48,Coddington's Nebula,
,-0.050,-101.048,G,15.9,0.6,0.6,55,,
,0.010,-0.267,G,14.9,0.9,0.6,42,,
,0.034,65.667,G,15.3,0.7,0.4,103,,
,-0.011,-66.641,G,15.1,1.5,0.3,143,,
1,0.016,2.359,G,12.7,2.0,1.8,128,,
,-0.014,-26.099,OCl,4.3,6.0,,,,
,0.028,27.275,G,12.9,1.3,1.2,150,,
,0.034,56.397,G,14.9,0.6,0.5,124,,
,-0.022,-60.967,G,12.7,1.4,0.6,134,,
1,0.019,6.195,G,12.5,1.5,1.2,85,,
,-0.000,-5.846,G,12.3,2.0,1.5,36,,
,0.014,4.178,G,12.5,1.6,1.3,154,,
,0.008,6.347,G,14.3,0.8,0.4,11,,
,0.066,51.000,G,14.7,1.0,1.0,10,,
,0.006,8.091,G,14.4,1.0,0.6,134,,
1,-0.007,-47.779,G,15.5,0.9,0.6,88,,
,-0.003,-11.597,G,13.5,1.7,1.4,112,,
1,-0.031,-48.917,G,13.9,1.3,0.8,179,,
,0.060,46.158,G,11.7,2.6,1.7,8,,
,0.032,53.810,G,15.3,0.7,0.4,152,,
,-0.038,-85.461,HII,,20.0,20.0,,,
,0.153,131.053,G,15.6,0.6,0.5,115,,
,0.010,0.003,G,15.5,0.3,0.3,165,,
,-0.071,-136.717,OCl,,48.0,,,tet Car Cluster,
1,0.108,97.167,G,14.9,1.2,1.0,40,,
1,0.014,5.183,G,14.6,1.1,0.4,112,,
,0.001,0.038,G,15.3,0.8,0.5,63,,
,-0.001,-5.226,G,15.4,0.8,0.3,121,,
3,0.056,-0.000,G,15.8,0.8,0.6,108,,
1,0.132,6.036,G,16.5,0.2,0.2,16,,
,0.008,-0.859,G,15.4,0.4,0.3,80,,
,0.001,0.842,G,15.3,0.7,0.5,69,,
,0.000,-0.123,G,14.8,0.9,0.5,97,,
1,0.003,-0.698,G,15.7,0.3,0.2,67,,
,0.002,0.539,G,14.2,1.0,0.9,110,,
,-0.034,-103.754,PN,11.2,0.1,,,,
1,0.058,45.156,G,13.5,1.1,0.7,64,,
2,0.087,46.997,G,15.8,0.8,0.3,50,,
,0.014,-50.630,G,12.0,2.4,1.7,43,,
,0.029,35.848,G,15.7,0.8,0.7,110,,
,0.016,-0.017,G,16.2,0.7,0.3,28,,
1,-0.045,-88.719,Neb,,,,,,
,0.053,88.287,G,17.1,0.4,0.4,55,,
,0.001,-0.072,G,16.5,0.6,0.4,17,,
,0.006,-1.115,G,15.0,0.9,0.8,110,,
1,0.001,0.970,G,16.6,0.7,0.4,73,,
,0.004,-1.870,G,14.2,1.0,0.9,62,,
,0.001,0.977,G,15.0,1.0,0.7,100,,
,0.001,-0.920,G,16.4,0.6,0.4,100,,
,0.003,1.355,G,16.6,0.4,0.3,105,,
3,0.007,-0.230,G,16.5,0.6,0.4,76,,
,-0.000,1.119,G,15.7,0.8,0.3,92,,
,0.002,0.642,G,16.9,0.5,0.3,2,,
1,0.002,-2.304,G,16.1,0.6,0.5,16,,
,0.000,0.903,G,15.3,0.8,0.7,74,,
,0.002,2.724,G,16.7,0.5,0.4,21,,
,-0.000,-1.612,G,16.3,0.5,0.4,84,,
,-0.000,0.208,G,16.3,0.7,0.6,45,,
1,0.003,0.051,G,16.9,0.4,0.3,93,,
,0.000,-0.335,G,17.4,0.4,0.3,68,,
,0.000,0.215,G,16.9,0.6,0.3,128,,
,0.001,1.316,G,17.3,0.3,0.2,131,,
2,0.006,-1.258,G,16.8,0.4,0.3,158,,
,0.000,1.172,G,15.8,0.7,0.3,110,,
3,0.003,-1.885,G,17.5,0.6,0.2,103,,
,0.001,2.058,G,14.3,1.1,0.7,167,,
,0.000,-1.665,G,16.7,0.6,0.5,173,,
,-0.003,-26.288,G,14.6,1.6,0.5,140,,
1,0.008,25.954,G,16.6,0.5,0.3,166,,
2,0.001,-1.620,G,15.3,0.8,0.6,35,,
,0.001,0.886,G,15.4,1.1,0.7,23,,
1,0.003,-1.227,G,17.7,0.1,0.1,155,,
,0.000,2.394,G,18.2,0.2,0.2,10,,
,0.001,-0.267,G,16.4,0.7,0.3,121,,
,0.000,0.066,G,15.7,0.9,0.6,23,,
,0.001,-2.208,G,15.9,0.8,0.3,132,,
2,0.008,2.292,G,17.0,0.4,0.3,87,,
,0.002,1.001,G,17.0,0.8,0.6,171,,
4,0.005,-0.140,G,16.9,0.7,0.2,31,,
,0.000,0.015,G,18.0,0.3,0.3,47,,
1,0.004,-2.207,G,16.6,0.5,0.4,100,,
1,0.001,2.608,G,15.6,0.8,0.4,86,,
,0.003,0.352,G,16.5,0.5,0.4,58,,
2,0.001,-1.842,G,15.8,0.7,0.5,43,,
1,0.000,0.168,G,17.0,0.4,0.3,120,,
,0.001,-0.936,G,17.2,0.4,0.2,78,,
,0.000,-1.706,G,17.0,0.4,0.3,117,,
,0.002,8.238,G,15.8,0.9,0.8,19,,
,0.000,-5.196,G,15.7,0.7,0.4,70,,
2,0.008,-2.979,G,16.5,0.5,0.4,148,,
,0.001,3.236,G,15.1,0.9,0.8,63,,
,0.002,-0.149,G,17.5,0.5,0.4,153,,
2,0.003,-2.935,G,16.6,0.5,0.4,44,,
,0.005,2.538,G,16.3,0.6,0.6,40,,
,-0.029,-74.890,OCl,8.2,7.2,,,,
,0.030,74.677,G,21.0,0.7,0.4,100,,
,0.000,-0.253,G,17.7,0.4,0.2,81,,
1,0.001,0.323,G,15.8,0.6,0.3,99,,
,0.004,0.038,G,17.9,0.2,0.2,83,,
,0.001,0.017,G,15.6,0.8,0.6,24,,
1,0.002,1.886,GTrpl,,0.7,,,,
,0.001,-1.930,G,17.4,0.5,0.2,104,,
,0.000,-1.316,G,16.8,0.5,0.4,85,,
,0.003,2.712,G,17.2,0.5,0.4,116,,
1,0.000,-1.396,G,16.7,0.4,0.4,70,,
1,0.002,1.376,G,17.6,0.4,0.2,177,,
2,0.002,-1.005,G,17.2,0.4,0.3,114,,
1,0.003,0.039,G,16.5,0.8,0.3,12,,
,0.011,21.901,G,15.1,1.2,0.2,100,,
2,0.005,0.013,G,15.1,0.8,0.8,144,,
,-0.003,-22.442,G,16.9,0.4,0.3,65,,
,0.002,-3.163,G,17.4,0.4,0.3,57,,
,-0.000,0.400,G,16.6,0.4,0.3,122,,
,0.000,1.295,G,17.5,0.3,0.2,38,,
1,0.007,23.916,G,14.8,1.1,0.7,38,,
,-0.003,-20.936,G,15.2,0.6,0.2,70,,
,0.001,-1.690,G,16.7,0.5,0.3,166,,
1,0.002,-2.932,G,16.6,0.5,0.4,91,,
,0.001,-0.230,G,15.8,0.6,0.3,84,,
,0.001,1.083,G,17.4,0.4,0.2,43,,
,0.005,24.708,G,15.4,0.6,0.5,133,,
,-0.002,-20.241,G,16.7,0.6,0.2,100,,
,-0.000,-4.247,G,16.7,0.3,0.3,80,,
,0.000,4.266,G,17.0,0.5,0.2,82,,
1,-0.000,-4.184,G,17.1,0.5,0.2,101,,
,0.000,-1.566,G,15.2,0.7,0.5,79,,
,0.001,-0.580,G,15.4,0.7,0.2,34,,
,0.002,16.503,G,15.1,0.7,0.7,178,,
,0.000,-11.652,G,17.4,0.5,0.3,108,,
,0.001,1.513,G,16.8,0.4,0.3,175,,
,0.001,-1.455,G,15.8,0.9,0.3,145,,
,-0.000,0.342,G,14.9,1.4,0.4,98,,
,0.079,-42.045,G,12.3,2.2,1.2,179,,
,-0.078,43.179,G,17.2,0.3,0.2,90,,
,0.000,-1.296,G,17.1,0.5,0.3,149,,
,0.000,0.175,G,17.0,0.9,0.3,90,,
,0.000,-0.549,G,17.3,0.4,0.3,46,,
,0.001,1.667,G,15.9,0.4,0.3,166,,
,-0.000,-4.975,G,16.6,0.4,0.4,169,,
,0.000,3.298,G,18.1,0.3,0.2,22,,
3,0.004,-0.007,G,17.7,0.3,0.2,60,,
,-0.000,0.819,G,15.2,0.9,0.4,160,,
,-0.000,-1.305,G,15.3,0.8,0.6,154,,
1,0.001,1.319,G,17.5,0.3,0.3,179,,
,0.001,-3.195,G,16.5,0.7,0.4,5,,
,0.001,2.195,G,17.2,0.4,0.3,146,,
,0.001,1.096,G,15.2,0.9,0.8,19,,
,-0.000,-4.557,G,16.4,0.7,0.3,162,,
,0.005,4.234,G,16.4,0.7,0.4,17,,
,0.001,0.273,G,15.5,0.9,0.7,2,,
,0.000,0.001,G,16.6,0.9,0.3,115,,
,0.001,0.238,G,15.5,0.8,0.7,34,,
,0.002,-0.932,G,18.1,0.4,0.2,156,,
,0.001,1.490,G,18.0,0.1,0.0,132,,
,0.001,-4.633,G,16.9,0.5,0.3,15,,
,0.001,3.341,G,17.1,0.6,0.4,156,,
,0.001,-1.491,G,17.1,0.5,0.3,82,,
,0.001,-1.955,GPair,,0.5,,,,
1,0.005,2.685,G,17.4,0.4,0.3,37,,
,0.001,-2.791,GPair,,0.6,,,,
,0.004,2.362,G,16.4,0.8,0.5,136,,
,0.001,0.710,G,16.9,0.8,0.3,173,,
,0.000,1.433,G,17.2,0.5,0.3,137,,
,0.001,-1.640,G,17.4,0.6,0.2,92,,
,0.000,-2.025,G,16.3,0.5,0.3,84,,
,0.000,2.025,G,17.8,0.3,0.2,61,,
,0.002,-2.359,G,17.3,0.4,0.2,65,,
,0.005,3.372,G,15.1,0.9,0.2,18,,
2,0.006,-1.692,G,17.5,0.3,0.2,30,,
2,0.008,3.147,G,15.2,1.0,0.4,33,,
,0.000,-5.506,G,16.7,0.7,0.3,89,,
,0.003,2.359,G,16.9,0.5,0.2,24,,
,0.003,-0.274,G,16.8,0.5,0.4,71,,
,0.001,-1.594,G,16.7,0.4,0.3,58,,
,0.002,3.142,G,17.1,0.5,0.3,116,,
,0.000,-2.167,G,16.6,0.7,0.3,180,,
1,0.003,2.284,G,17.3,0.5,0.3,94,,
,-0.000,0.924,G,16.1,0.6,0.3,59,,
,-0.000,-3.607,G,16.6,0.5,0.2,24,,
,0.002,3.725,G,16.8,0.2,0.2,32,,
,-0.000,-2.523,G,15.1,1.4,0.6,118,,
,0.003,1.408,G,15.8,0.9,0.3,12,,
2,0.006,0.391,G,15.2,0.7,0.7,56,,
1,0.001,-4.508,G,14.9,1.0,0.4,52,,
,0.001,1.591,G,15.7,0.9,0.5,175,,
,0.002,-2.508,G,15.5,0.5,0.4,58,,
3,0.003,5.756,G,17.5,0.5,0.4,17,,
,-0.000,-1.427,G,16.9,0.6,0.3,149,,
1,0.003,-1.830,G,16.5,0.4,0.4,39,,
,0.001,3.698,G,16.8,0.2,0.2,173,,
,-0.000,-3.191,G,17.1,0.5,0.2,0,,
,0.000,2.606,G,17.3,0.4,0.3,154,,
1,0.000,-3.774,G,17.1,0.5,0.2,63,,
,0.003,3.532,G,15.5,0.7,0.7,15,,
,0.000,-1.731,G,16.4,0.7,0.3,127,,
,0.001,1.077,G,16.8,0.7,0.5,81,,
,-0.000,-1.372,G,15.0,0.9,0.7,119,,
,0.001,2.772,G,17.2,0.2,0.1,15,,
,0.002,-0.900,G,17.1,0.5,0.4,9,,
1,0.000,-3.968,G,15.0,0.8,0.3,126,,
,0.001,2.332,G,17.3,0.4,0.2,46,,
,-0.000,-1.594,G,16.7,0.5,0.3,119,,
,-0.000,-0.653,G,14.5,0.9,0.4,172,,
1,0.003,0.541,G,18.5,0.3,0.2,121,,
,-0.003,-22.579,G,14.6,1.0,0.4,45,,
,0.004,21.995,G,15.3,1.8,0.3,160,,
,0.002,4.558,G,16.9,0.2,0.2,111,,
1,0.002,0.380,G,16.6,0.3,0.2,157,,
,0.004,24.809,G,15.3,0.8,0.7,113,,
,-0.004,-28.724,G,16.9,0.5,0.3,31,,
1,0.004,2.241,G,16.8,0.6,0.4,157,,
2,0.000,-3.279,G,15.9,0.5,0.4,88,,
2,0.004,2.777,G,18.0,1.1,0.9,0,,
,0.002,-3.264,G,15.2,0.9,0.7,81,,
,-0.020,-71.591,Neb,,15.1,6.0,,,
,0.022,76.207,GPair,,0.7,,,,
,-0.000,-2.589,G,16.9,0.5,0.3,50,,
1,0.002,-1.613,G,16.7,0.6,0.3,176,,
,0.001,3.837,G,16.1,0.6,0.5,110,,
,-0.000,-2.885,G,16.5,0.5,0.2,119,,
,0.002,-0.954,G,16.8,0.4,0.3,170,,
1,0.002,3.497,G,18.5,0.3,0.2,90,,
1,0.006,-1.600,G,17.2,0.3,0.3,94,,
2,0.003,0.652,G,17.1,0.3,0.2,15,,
2,0.001,-24.654,G,14.7,1.2,0.7,151,,
1,0.005,25.769,G,16.6,0.5,0.3,118,,
,0.001,-2.089,G,16.9,0.7,0.2,118,,
,0.001,2.802,GPair,,0.5,,,,
,0.001,-0.156,G,16.0,0.6,0.3,70,,
1,0.004,-0.885,G,16.6,0.5,0.3,159,,
1,0.002,0.986,G,16.6,0.5,0.3,146,,
1,0.003,-0.169,G,17.3,0.3,0.3,114,,
,0.001,-0.467,G,17.0,0.6,0.4,114,,
1,0.002,-0.057,G,16.8,0.4,0.3,34,,
5,0.003,-1.173,G,17.8,0.2,0.2,35,,
,0.001,-21.195,G,14.6,1.3,0.9,139,,
1,0.003,21.435,G,17.1,0.6,0.2,84,,
,-0.004,-42.121,G,13.8,1.0,0.8,143,,
,0.006,43.903,G,15.5,0.7,0.3,179,,
2,0.002,-2.547,G,18.0,0.3,0.2,38,,
1,0.004,3.244,G,15.9,0.6,0.3,45,,
1,0.004,-3.893,G,16.9,0.6,0.2,124,,
1,0.001,2.868,G,16.8,0.4,0.3,12,,
1,0.006,21.101,G,15.3,0.5,0.2,21,,
2,0.004,0.051,G,14.7,0.9,0.7,143,,
,0.001,-22.179,G,16.2,0.5,0.4,118,,
,0.003,-2.048,G,15.8,0.7,0.3,58,,
2,0.008,24.224,G,14.9,1.2,0.4,7,,
,0.002,-20.991,G,15.2,0.7,0.4,153,,
1,0.010,-0.313,G,16.5,0.4,0.3,109,,
1,0.011,0.672,G,15.3,0.9,0.6,130,,
2,0.010,-3.625,G,15.0,0.8,0.6,73,,
,0.000,1.760,G,16.2,0.7,0.3,68,,
,0.009,43.030,G,15.1,0.4,0.3,25,,
,-0.016,-117.866,Cl+N,4.5,7.2,,,lam Cen Nebula,
,0.022,75.947,GPair,,1.0,,,,
,0.007,19.325,G,15.0,0.5,0.3,154,,
,0.000,-0.890,G,14.2,0.8,0.6,3,,
,0.027,-94.806,Cl+N,,6.0,,,,
1,0.042,101.436,G,14.9,0.7,0.6,81,,
,0.029,-18.242,G,13.6,1.5,0.4,81,,
,0.015,13.601,G,15.8,0.3,0.3,161,,
2,0.013,-13.730,G,14.2,0.4,0.4,5,,
,0.004,7.146,G,14.8,0.9,0.8,56,,
,0.005,4.533,G,14.9,0.8,0.5,23,,
,0.002,1.854,G,15.7,0.7,0.6,55,,
1,0.010,1.850,G,15.4,0.8,0.7,104,,
,0.025,-3.659,G,15.7,0.5,0.3,21,,
4,0.040,-96.218,RfN,,3.0,2.0,130,,
,0.012,95.724,G,14.7,0.8,0.6,17,,
,0.026,-10.226,G,15.6,0.9,0.4,80,,
,0.000,-24.497,G,13.8,1.3,0.7,95,,
1,0.016,34.569,G,15.7,0.7,0.5,150,,
1,0.006,2.669,G,14.4,1.4,0.8,120,,
,-0.000,-38.534,G,14.0,2.2,0.5,100,,
2,0.024,-32.528,G,12.2,2.1,1.2,121,,
,0.019,69.735,G,15.4,1.0,0.4,130,,
,0.008,0.120,G,14.5,0.8,0.5,174,,
,0.010,-105.843,G,13.3,2.0,1.3,41,,
,-0.029,105.873,G,14.9,0.5,0.4,3,,
2,0.056,-1.492,G,15.5,0.7,0.5,77,,
,0.002,0.034,G,15.1,0.9,0.4,139,,
,0.010,0.113,G,14.8,1.0,0.9,15,,
,0.060,7.969,G,15.3,0.6,0.4,64,,
2,0.020,-27.763,G,15.1,0.7,0.3,15,,
,0.010,-0.410,G,15.8,0.7,0.2,35,,
,0.001,20.216,G,14.8,0.6,0.5,161,,
,0.006,1.966,G,16.0,0.3,0.3,6,,
,-0.003,-20.119,G,15.7,0.5,0.4,62,,
,0.005,-40.643,G,12.6,3.4,0.8,114,,
,0.001,-2.032,G,14.4,1.8,0.4,23,,
2,0.002,61.321,G,15.7,0.7,0.3,51,,
1,0.006,2.177,G,15.5,0.7,0.4,73,,
,0.013,-0.143,G,15.6,0.6,0.5,86,,
,0.008,-0.570,G,14.9,0.8,0.6,145,,
,-0.006,-19.565,G,15.8,0.6,0.4,24,,
,0.001,-43.273,G,13.8,2.4,0.7,160,,
1,0.004,61.373,G,15.6,0.7,0.4,75,,
,0.006,-17.771,G,14.7,0.9,0.5,22,,
1,0.002,-43.916,G,12.2,2.1,1.9,84,,
1,0.007,41.516,G,15.9,0.6,0.3,46,,
,0.000,-1.160,G,15.3,0.6,0.4,159,,
,0.004,28.815,G,14.5,0.8,0.6,20,,
,0.006,-70.352,G,13.2,0.7,0.2,164,,
,0.005,42.950,G,15.2,0.5,0.5,16,,
,0.001,2.188,G,16.4,0.6,0.3,50,,
,0.001,-0.044,G,15.9,0.7,0.2,176,,
,-0.001,0.418,G,14.0,1.3,1.0,130,,
,0.002,0.233,G,16.4,0.4,0.3,77,,
,0.007,-1.175,G,15.5,1.3,0.8,178,,
,0.002,25.690,G,14.3,0.2,0.2,179,,
,0.000,-24.373,G,15.9,1.0,0.6,138,,
,0.003,-2.041,G,15.1,0.9,0.3,168,,
,0.003,-2.137,G,14.9,0.7,0.4,102,,
2,0.004,1.572,G,15.7,0.6,0.3,152,,
,0.001,1.570,G,14.8,1.3,0.4,30,,
1,0.006,-0.023,G,17.0,0.6,0.2,31,,
,0.001,0.967,G,15.2,0.6,0.5,40,,
,0.001,-0.687,G,15.1,1.0,0.5,3,,
,0.011,0.613,G,16.2,0.7,0.2,150,,
1,0.007,-1.713,G,14.8,0.9,0.5,165,,
,0.002,-2.502,G,15.3,0.5,0.4,40,,
,0.003,1.367,G,15.3,0.4,0.3,106,,
,0.000,0.957,G,15.1,0.9,0.4,22,,
,0.001,-1.235,G,15.3,0.8,0.7,171,,
,0.002,1.688,G,17.0,0.6,0.2,60,,
1,0.001,-2.753,G,16.6,0.9,0.2,170,,
,0.000,3.966,G,14.3,1.3,0.5,70,,
1,0.006,-1.058,G,15.3,1.3,0.3,132,,
,0.002,0.080,G,16.5,0.6,0.3,37,,
1,0.005,1.482,G,15.7,0.9,0.6,0,,
2,0.004,-1.789,G,17.1,0.5,0.3,131,,
,0.001,1.532,G,15.3,0.6,0.3,4,,
,0.006,-0.680,G,16.3,0.7,0.5,158,,
,0.003,-1.452,GTrpl,,0.5,,,,
,0.004,0.721,G,14.8,1.3,0.5,62,,
1,0.003,1.284,G,16.3,0.5,0.3,127,,
,0.002,-0.635,G,14.3,1.7,1.4,3,,
,0.002,-0.914,G,14.8,0.7,0.5,178,,
,0.000,1.482,G,13.6,2.2,0.4,120,,
,0.000,-0.434,G,14.6,0.8,0.7,175,,
,0.001,-1.578,G,14.8,1.0,0.5,18,,
1,0.001,2.416,G,14.4,1.2,0.9,179,,
,0.002,-0.960,G,15.7,1.0,0.3,138,,
1,0.001,-1.962,G,16.5,0.5,0.2,44,,
,-0.000,-1.350,G,16.6,0.5,0.2,111,,
3,0.004,3.458,G,15.2,0.9,0.7,103,,
,0.003,-2.920,G,14.8,0.3,0.3,157,,
,0.002,12.897,G,15.1,0.9,0.6,62,,
1,0.001,-9.163,G,14.6,1.1,0.7,179,,
,0.001,-1.746,G,15.7,0.6,0.5,31,,
,0.001,-1.152,G,15.3,0.7,0.4,22,,
,-0.001,2.654,G,15.0,0.7,0.6,55,,
,0.002,-1.498,G,15.0,0.8,0.4,86,,
,0.001,11.151,G,15.9,0.7,0.2,8,,
,0.003,-11.314,G,17.1,0.5,0.4,21,,
,0.000,11.390,G,15.7,0.5,0.3,0,,
4,0.002,-0.090,G,15.7,0.7,0.7,58,,
1,-0.000,-9.816,G,14.5,1.1,0.5,125,,
,0.001,-3.966,G,16.4,0.4,0.3,159,,
,0.002,4.232,G,14.8,0.4,0.3,177,,
,0.004,-0.653,G,14.5,0.5,0.5,108,,
,0.000,10.333,G,15.8,0.5,0.4,77,,
,-0.001,-9.443,G,15.2,1.1,0.4,96,,
,0.003,-5.107,G,15.3,0.8,0.5,26,,
1,0.002,3.046,G,15.0,1.9,0.3,174,,
,-0.001,-0.164,G,15.1,1.4,0.4,58,,
,0.004,-0.347,G,15.8,0.6,0.5,37,,
2,0.024,-91.669,G,13.7,2.4,1.3,42,,
,-0.020,92.114,G,14.8,1.6,0.3,28,,
1,0.003,-1.543,G,14.3,1.2,0.6,130,,
,-0.001,2.535,G,14.8,0.8,0.2,93,,
,0.001,-0.209,G,14.9,0.7,0.5,160,,
,-0.000,24.229,G,16.4,0.3,0.2,44,,
,0.001,-28.970,G,15.0,0.6,0.3,18,,
,-0.000,17.601,G,15.0,1.1,0.6,174,,
3,0.002,-0.954,G,16.2,0.5,0.4,19,,
1,0.004,-15.577,G,14.7,1.3,0.5,171,,
,-0.001,15.188,G,15.4,0.6,0.5,146,,
,0.002,-10.939,G,15.8,0.6,0.5,134,,
,0.001,-0.492,GPair,,0.5,,,,
,0.001,11.960,G,14.6,1.3,0.6,150,,
3,0.004,-11.402,G,16.2,0.5,0.4,26,,
,-0.000,-1.945,G,15.3,0.5,0.5,24,,
,0.001,-0.136,GTrpl,,1.4,,,,
2,0.003,-3.872,G,14.1,1.0,1.0,50,,
2,0.002,1.100,G,14.7,0.8,0.3,169,,
,-0.001,18.530,G,17.1,0.3,0.2,117,,
,0.001,-21.308,G,14.9,1.2,0.5,33,,
,-0.001,6.286,G,16.9,0.7,0.2,43,,
,0.001,-0.026,GPair,,0.5,,,,
2,0.000,11.742,G,15.3,0.9,0.5,36,,
,0.002,-10.205,GPair,,1.4,,,,
,0.000,13.317,G,15.6,0.6,0.4,146,,
,0.001,-2.001,G,16.8,0.4,0.3,29,,
1,0.001,0.418,G,16.8,0.5,0.5,54,,
,0.002,-13.698,GPair,,1.0,,,,
,0.001,-4.147,G,15.6,0.6,0.4,42,,
,0.000,4.431,G,15.2,0.6,0.6,85,,
,0.002,-4.503,G,15.4,0.4,0.2,37,,
,0.001,1.616,G,14.8,0.9,0.4,115,,
,0.001,-35.559,G,12.4,1.7,1.4,41,,
,-0.000,31.543,G,15.0,0.5,0.5,44,,
,-0.001,20.188,G,16.0,0.6,0.4,105,,
,0.003,-19.580,G,14.4,1.0,0.5,34,,
,-0.000,3.143,G,14.7,0.7,0.5,64,,
,0.001,3.273,G,15.1,1.0,0.5,109,,
1,0.001,-0.748,G,16.6,0.5,0.3,29,,
5,0.004,16.301,G,14.8,1.0,0.6,9,,
1,0.004,-18.430,G,14.7,1.4,0.8,110,,
,-0.001,18.375,G,15.7,0.7,0.4,58,,
,0.001,-2.320,G,16.6,0.5,0.3,136,,
,0.002,-16.176,G,14.6,0.6,0.6,55,,
,-0.001,16.137,G,14.6,0.9,0.7,56,,
,0.000,2.258,G,16.3,0.7,0.5,6,,
,0.002,-16.478,G,15.3,0.7,0.5,85,,
,-0.000,-1.096,G,15.2,0.6,0.4,149,,
,0.001,-0.392,G,15.0,0.8,0.4,53,,
,-0.001,15.662,G,16.3,0.7,0.3,151,,
2,0.002,0.650,G,16.6,0.3,0.3,123,,
4,0.002,-1.249,G,15.6,0.8,0.4,42,,
,0.002,0.514,G,15.9,0.7,0.2,106,,
,0.001,-0.761,G,14.4,0.5,0.4,155,,
,-0.000,-13.507,G,15.5,0.7,0.4,101,,
,-0.000,-0.153,G,14.8,0.8,0.6,54,,
,-0.000,14.418,G,16.2,0.6,0.3,111,,
2,0.002,-13.672,G,16.1,0.6,0.5,170,,
,-0.001,16.144,G,15.7,1.0,0.4,132,,
,0.003,-2.765,G,16.4,0.6,0.4,172,,
,0.002,0.674,G,16.4,0.5,0.5,44,,
,0.002,-14.050,G,16.4,0.5,0.4,88,,
2,0.006,-1.162,G,15.0,1.0,0.5,2,,
,-0.003,16.165,G,16.5,0.5,0.4,6,,
,0.001,-1.035,G,17.1,0.4,0.2,111,,
,0.001,1.331,G,16.7,0.7,0.6,130,,
,0.001,-1.172,G,15.4,1.3,0.2,146,,
,0.001,-1.636,G,16.8,0.5,0.3,108,,
,0.000,2.092,G,15.6,0.6,0.5,113,,
,0.000,0.023,G,15.8,0.5,0.3,106,,
,0.001,-2.009,G,16.4,0.8,0.3,91,,
,0.000,-12.388,G,16.0,1.0,0.4,78,,
,0.003,-0.212,G,15.0,1.0,0.4,151,,
,-0.001,16.676,G,15.4,0.7,0.5,85,,
1,0.001,-0.245,G,15.5,0.7,0.7,110,,
,0.001,-4.316,G,15.5,0.5,0.3,175,,
1,0.001,2.182,G,15.5,1.3,0.3,93,,
,-0.000,-0.765,G,16.5,0.5,0.4,104,,
,0.000,1.101,G,17.5,0.4,0.2,40,,
,0.002,-19.460,G,15.7,0.6,0.6,74,,
,-0.001,19.023,G,16.4,0.8,0.2,5,,
,0.002,-15.349,G,15.9,1.1,0.5,4,,
,-0.001,14.682,G,17.1,0.6,0.3,128,,
,0.000,3.548,G,15.1,0.6,0.4,16,,
1,0.005,-16.674,G,16.3,0.4,0.3,51,,
,0.000,-5.481,G,14.4,0.9,0.4,34,,
1,-0.000,17.408,G,16.5,0.5,0.2,169,,
,0.001,0.245,G,16.2,1.1,0.2,141,,
,0.003,-17.650,G,15.2,1.2,0.4,43,,
,-0.003,21.067,G,16.4,0.4,0.3,101,,
,0.001,-2.927,G,,0.7,0.5,0,,
1,0.003,-12.253,G,16.6,0.7,0.3,90,,
,-0.001,15.546,G,16.9,0.4,0.4,82,,
,0.002,-14.567,G,16.6,0.6,0.3,146,,
,0.000,-3.445,G,16.5,0.4,0.2,132,,
,-0.000,18.393,G,15.9,0.5,0.3,67,,
,0.002,-14.036,G,14.7,0.7,0.5,11,,
,0.001,-2.732,G,16.2,0.8,0.3,147,,
,-0.001,-1.364,G,16.5,0.5,0.3,77,,
,0.001,16.543,G,16.3,0.7,0.5,17,,
,0.000,-0.656,G,16.5,0.6,0.4,158,,
,0.000,1.517,G,15.7,0.8,0.4,62,,
,0.001,-13.377,G,15.0,0.8,0.6,80,,
1,0.001,-1.337,G,16.3,0.5,0.5,43,,
,-0.001,15.842,G,15.4,1.9,0.3,174,,
1,0.001,-3.449,G,16.8,0.4,0.2,13,,
3,0.008,-60.067,G,12.1,3.0,1.2,24,,
1,-0.003,44.271,G,14.7,0.6,0.5,101,,
2,0.003,2.829,G,13.3,1.4,1.1,88,,
,0.001,-5.291,G,13.5,1.6,0.8,18,,
1,0.001,4.294,G,17.2,0.5,0.2,110,,
,-0.001,15.913,G,15.2,0.8,0.4,149,,
,0.000,0.806,G,14.4,0.6,0.6,57,,
,0.001,-2.643,G,16.7,0.6,0.4,145,,
2,0.004,-18.516,G,13.4,1.2,1.2,30,,
,0.000,-0.434,G,13.8,1.0,0.8,12,,
,-0.001,20.828,G,16.5,0.8,0.4,167,,
,0.001,0.143,G,16.3,0.6,0.5,128,,
,0.002,-19.625,G,14.6,0.8,0.7,102,,
,-0.001,15.332,G,16.8,0.5,0.2,153,,
2,0.002,-12.839,G,16.5,0.5,0.3,89,,
,-0.001,15.373,G,16.5,0.6,0.4,102,,
1,0.000,1.602,GTrpl,,0.9,,,,
1,0.003,-14.188,G,15.1,0.7,0.6,38,,
2,0.001,13.978,G,16.5,0.7,0.3,46,,
,0.002,-16.372,G,15.2,0.6,0.5,137,,
1,-0.000,12.909,G,16.1,0.5,0.4,69,,
,0.000,0.847,G,17.6,0.2,0.2,16,,
,0.001,0.355,G,16.3,0.6,0.4,131,,
,0.005,-50.981,G,14.2,1.1,1.1,28,,
,0.003,-13.744,G,13.6,2.2,1.5,36,,
,-0.006,51.794,G,16.5,0.6,0.4,80,,
,0.000,6.176,G,15.0,1.1,0.8,134,,
,0.002,-0.763,G,16.3,0.7,0.4,65,,
,-0.001,8.165,G,17.3,0.4,0.3,2,,
1,0.002,-1.214,G,15.5,0.5,0.3,101,,
1,0.002,-7.368,G,15.3,1.3,0.4,156,,
,-0.000,10.359,G,17.2,0.6,0.4,36,,
,0.000,-1.416,G,15.2,1.1,0.3,80,,
,0.004,-11.785,G,16.1,0.5,0.4,31,,
,-0.002,11.707,G,17.0,0.4,0.3,29,,
,0.001,-13.165,G,14.4,0.9,0.6,70,,
,-0.001,12.709,G,18.6,0.2,0.2,92,,
,0.001,-13.574,G,14.9,1.1,0.4,41,,
,-0.001,15.552,G,16.1,0.9,0.3,142,,
1,0.002,-0.687,G,15.0,0.6,0.3,64,,
,0.000,1.666,G,15.7,1.0,0.4,87,,
1,0.004,-16.121,G,14.7,1.9,0.4,134,,
,-0.001,11.322,G,17.1,0.5,0.3,157,,
,0.002,-7.752,G,14.2,1.3,1.3,179,,
,-0.002,7.761,G,16.2,0.5,0.5,19,,
,0.002,-11.277,G,15.9,0.6,0.5,85,,
,-0.000,13.849,G,16.6,0.5,0.4,96,,
,0.000,-0.819,G,17.2,0.5,0.5,14,,
3,0.002,0.739,G,16.6,0.7,0.3,8,,
,0.003,-18.528,G,14.1,2.3,0.7,156,,
1,-0.002,19.185,G,17.1,0.3,0.3,171,,
,0.001,-2.844,G,15.8,0.7,0.6,26,,
,0.000,-0.128,G,16.7,0.4,0.2,168,,
,0.003,-8.888,G,15.1,0.9,0.8,42,,
,-0.001,-4.826,G,14.4,0.9,0.8,45,,
,-0.001,17.510,HII,,,,,,
,0.000,3.280,G,15.0,1.1,0.5,101,,
,0.003,-19.032,G,15.0,1.0,0.5,51,,
,-0.000,13.468,G,,0.3,0.1,135,,
1,0.001,3.186,G,16.2,0.8,0.7,2,,
,0.003,-2.337,G,17.2,0.3,0.2,10,,
,-0.000,0.709,G,15.4,0.6,0.3,74,,
,0.000,-1.526,G,16.9,0.6,0.5,44,,
,0.001,0.574,G,15.9,0.8,0.4,67,,
1,0.002,-9.041,G,15.4,0.7,0.4,24,,
,-0.002,10.901,G,16.7,0.5,0.3,72,,
2,0.002,-14.167,G,14.9,0.8,0.4,60,,
,0.001,10.790,G,17.2,0.3,0.3,106,,
,0.003,-12.989,G,15.8,0.7,0.5,147,,
,-0.000,-0.461,G,16.3,0.6,0.4,141,,
,-0.002,14.706,G,17.3,0.4,0.4,66,,
,0.002,-13.171,G,14.1,0.9,0.8,25,,
3,-0.000,15.458,G,16.8,0.8,0.1,98,,
1,0.002,-14.736,G,15.1,1.1,0.4,166,,
,-0.001,-1.617,G,15.4,1.5,0.8,70,,
,0.001,-1.781,G,15.4,0.5,0.2,164,,
,0.000,1.886,G,13.6,1.1,0.8,118,,
,-0.000,11.834,G,16.6,0.5,0.3,70,,
1,0.000,-12.832,G,15.5,1.0,0.7,119,,
,0.000,16.024,G,16.1,0.8,0.6,118,,
,0.003,-14.129,G,14.8,1.0,0.4,124,,
,0.000,13.002,G,16.5,0.6,0.4,86,,
,0.002,-9.666,G,14.3,0.9,0.7,67,,
,0.000,-6.487,G,16.6,0.4,0.2,154,,
,0.000,17.547,GPair,,1.5,,,,
,0.003,-10.528,G,15.4,0.7,0.5,0,,
,-0.001,-0.405,G,14.0,0.8,0.6,136,,
,0.005,-55.362,G,11.2,3.1,2.3,53,,
,-0.004,50.205,G,15.3,1.2,0.3,54,,
,0.001,14.420,G,17.0,0.3,0.3,98,,
,0.001,0.167,G,16.4,0.7,0.4,99,,
,0.001,-15.450,G,15.4,0.9,0.5,155,,
1,0.005,16.990,G,14.3,0.9,0.6,81,,
,0.000,-2.052,G,16.2,0.5,0.3,129,,
,0.003,-7.646,G,16.3,0.5,0.3,175,,
,0.001,0.010,G,16.1,0.7,0.3,32,,
,0.000,9.367,G,16.8,0.5,0.4,109,,
,0.003,-14.883,G,13.5,1.2,0.9,104,,
,-0.001,1.781,G,16.3,1.0,0.3,150,,
,0.000,-3.273,G,15.2,0.8,0.5,29,,
,0.000,14.793,G,19.3,0.7,0.3,52,,
,0.001,0.342,G,16.5,0.8,0.5,147,,
,0.002,-12.237,G,15.6,0.8,0.3,100,,
,-0.001,14.800,G,16.6,0.3,0.3,24,,
,0.002,-15.172,G,14.8,0.7,0.6,74,,
,-0.001,15.021,G,18.1,0.3,0.2,159,,
,0.002,-3.036,G,16.6,0.6,0.5,107,,
,-0.001,-6.394,G,13.7,1.0,0.8,71,,
,0.005,-3.415,G,13.0,2.6,1.1,39,,
,-0.001,-2.084,G,14.3,1.1,0.5,132,,
,0.000,13.882,G,15.9,0.6,0.5,143,,
,0.001,-1.763,G,16.4,0.6,0.3,50,,
,0.000,0.015,G,17.2,0.1,0.1,84,,
,0.001,0.682,G,16.0,0.6,0.5,10,,
3,0.003,0.728,G,17.3,0.4,0.4,5,,
,0.000,2.402,G,15.2,1.2,0.2,7,,
,0.001,-4.229,G,15.9,0.4,0.4,35,,
1,-0.001,13.097,G,16.3,0.7,0.3,27,,
,0.001,-10.089,G,15.6,0.7,0.4,70,,
,0.000,0.138,G,14.6,1.0,0.5,147,,
1,0.005,-12.990,G,16.0,0.6,0.5,156,,
,-0.004,4.216,G,15.7,0.7,0.6,8,,
,0.002,5.579,G,17.2,0.7,0.2,170,,
,0.003,-14.595,G,15.6,0.7,0.3,9,,
,-0.000,1.445,G,14.4,1.2,0.7,164,,
,0.001,-4.662,G,14.0,0.8,0.4,32,,
1,0.002,4.021,G,15.4,0.9,0.5,71,,
1,0.003,0.612,G,14.3,1.3,0.9,68,,
,-0.000,3.620,G,16.3,0.7,0.4,1,,
1,-0.002,11.206,G,15.5,0.7,0.5,17,,
,0.005,-11.543,G,16.1,0.6,0.5,88,,
1,-0.003,9.721,G,17.5,0.4,0.2,105,,
,0.003,-13.794,G,14.6,0.6,0.3,35,,
3,0.003,12.930,G,16.9,0.4,0.3,18,,
,0.003,-14.460,G,15.4,1.1,0.4,112,,
,0.002,2.529,G,16.9,0.5,0.3,13,,
,0.001,2.546,G,14.8,0.7,0.4,56,,
,-0.000,3.150,G,16.2,0.8,0.6,87,,
,-0.000,1.500,G,15.5,0.8,0.4,55,,
,0.003,-3.680,G,15.2,1.4,0.5,141,,
,-0.003,4.543,G,14.9,0.8,0.4,144,,
,0.005,-8.330,G,15.0,0.6,0.4,68,,
1,0.004,14.219,G,16.3,0.7,0.6,40,,
,0.001,-13.532,G,16.8,0.6,0.5,85,,
,-0.000,16.823,G,15.1,0.6,0.4,142,,
,0.004,-14.738,G,13.8,0.9,0.7,20,,
,-0.001,-1.783,G,15.0,0.6,0.5,49,,
1,0.001,0.406,G,15.9,0.5,0.3,36,,
,0.001,-1.246,G,15.5,0.6,0.4,1,,
,-0.001,-0.812,G,16.7,0.4,0.3,6,,
,0.001,6.526,G,15.5,1.0,0.6,97,,
,0.000,8.708,G,17.0,0.3,0.2,142,,
,0.001,0.882,G,16.4,0.5,0.3,158,,
,-0.001,2.059,G,14.7,0.7,0.5,92,,
1,0.004,-13.995,G,14.8,0.9,0.3,164,,
,0.000,12.636,G,15.6,1.1,0.3,26,,
,0.002,-1.710,G,16.7,0.6,0.3,0,,
1,0.002,-13.129,G,14.6,1.0,0.7,143,,
,-0.002,15.490,G,15.7,0.7,0.6,76,,
,0.003,-15.973,G,14.9,1.1,0.9,163,,
,-0.001,15.213,G,16.2,0.6,0.2,109,,
,0.003,-15.497,G,14.5,0.7,0.6,154,,
,0.002,3.411,G,16.1,0.7,0.4,43,,
2,0.001,-3.239,G,16.2,0.4,0.3,110,,
,-0.002,-0.244,G,15.8,0.7,0.5,69,,
,0.005,-0.030,G,15.4,1.0,0.3,69,,
,-0.003,-1.537,G,13.9,1.3,1.1,170,,
,-0.001,15.552,G,17.6,0.3,0.3,55,,
,0.004,-14.540,G,13.8,0.9,0.9,21,,
,-0.000,4.756,G,15.5,1.0,0.6,1,,
,-0.001,8.709,G,17.1,0.5,0.5,136,,
,-0.000,-6.484,G,14.4,1.1,0.7,37,,
,0.004,-15.582,G,14.6,2.3,0.4,43,,
,0.002,10.109,G,13.4,1.6,1.3,84,,
,-0.000,1.279,G,12.8,1.7,1.2,28,,
1,0.001,0.146,G,14.4,0.9,0.8,120,,
,-0.001,11.210,G,17.1,0.3,0.2,6,,
1,0.003,-14.002,G,13.7,0.9,0.8,33,,
,0.002,16.426,G,16.6,0.4,0.2,44,,
,0.003,-16.483,G,14.2,0.9,0.6,177,,
,-0.002,6.056,G,15.0,0.8,0.6,27,,
1,0.003,-4.545,G,15.2,0.8,0.6,39,,
,-0.000,-3.461,G,15.0,0.9,0.5,76,,
,-0.002,16.952,G,15.6,0.6,0.6,73,,
,0.002,-14.102,G,14.8,0.7,0.6,5,,
,-0.000,-1.318,G,15.5,0.6,0.3,64,,
,-0.002,16.165,G,16.1,0.8,0.2,6,,
,0.003,-14.241,G,15.3,0.7,0.6,56,,
1,-0.001,14.731,G,17.1,0.3,0.2,127,,
3,0.004,-0.846,G,16.2,0.7,0.2,56,,
,0.004,-15.742,G,13.3,1.6,0.6,125,,
,0.002,2.967,G,15.1,0.6,0.4,93,,
,0.000,-0.641,G,14.7,0.9,0.8,25,,
,-0.002,13.295,G,17.4,0.8,0.2,5,,
2,0.008,-10.649,G,15.1,0.8,0.3,172,,
,-0.001,-3.226,G,15.9,0.7,0.7,49,,
,-0.001,12.621,G,17.3,0.4,0.3,158,,
,0.001,1.308,G,15.4,1.0,0.9,49,,
,0.001,-14.622,G,14.2,1.0,0.7,69,,
,0.001,-0.977,G,14.9,0.8,0.6,15,,
4,0.000,16.790,G,15.6,0.7,0.3,62,,
,0.000,-0.410,G,16.1,0.9,0.2,70,,
,0.004,-18.297,G,15.3,1.2,0.7,16,,
,0.000,0.468,G,14.8,1.3,0.5,37,,
,0.002,5.980,G,15.9,0.7,0.5,14,,
,-0.001,-2.099,G,15.8,0.8,0.6,26,,
,0.002,-6.344,G,13.7,1.4,1.0,21,,
,0.001,8.061,G,15.4,1.1,0.6,93,,
,-0.001,-1.204,G,17.1,0.4,0.3,139,,
1,0.002,-3.840,G,16.5,0.4,0.3,6,,
2,0.002,5.389,G,15.2,0.3,0.3,115,,
1,-0.002,2.248,G,14.5,1.8,1.2,133,,
,0.002,8.813,G,16.6,0.4,0.4,80,,
1,0.002,-0.847,G,16.0,0.4,0.3,27,,
,-0.003,-10.802,G,16.1,0.5,0.5,106,,
1,0.006,11.555,G,16.1,0.9,0.2,155,,
3,0.004,-13.783,G,14.6,0.9,0.8,68,,
1,0.004,-1.083,G,15.7,0.7,0.4,164,,
5,0.004,-0.731,G,16.1,0.7,0.5,122,,
2,-0.001,17.028,HII,,,,,,
,0.000,0.030,HII,,,,,,
2,0.001,-0.005,HII,,,,,,
,0.001,-1.023,G,15.5,0.6,0.3,177,,
,0.002,-10.325,GPair,,0.4,,,,
,-0.001,-4.791,G,17.4,0.3,0.3,51,,
,-0.000,15.137,G,16.5,0.5,0.2,69,,
,0.000,0.091,G,16.4,0.8,0.6,52,,
,0.000,-0.178,G,15.7,0.6,0.2,71,,
,0.002,-16.977,G,16.2,0.9,0.4,46,,
,-0.001,18.004,HII,,,,,,
1,0.001,-1.171,G,17.0,0.3,0.2,23,,
1,0.003,-13.153,G,15.2,0.7,0.5,15,,
,-0.054,68.961,PN,10.6,0.4,,,,
2,0.054,-56.480,G,17.5,0.6,0.5,121,,
1,0.002,-14.325,G,16.6,0.5,0.3,141,,
,-0.000,0.646,G,15.3,0.7,0.6,121,,
,0.001,1.343,G,16.3,0.7,0.5,156,,
,0.001,-7.127,G,15.0,2.3,2.2,0,,
1,0.001,4.481,G,15.2,0.8,0.3,138,,
1,-0.003,7.199,G,15.7,0.9,0.8,57,,
,0.003,6.128,G,14.1,0.8,0.5,49,,
,-0.001,1.806,G,16.7,0.3,0.2,54,,
,0.002,-12.976,G,13.0,1.1,0.5,5,,
1,-0.001,13.571,G,15.0,0.8,0.7,108,,
,0.004,-14.310,G,14.5,1.2,1.0,73,,
,-0.002,15.029,G,15.9,1.4,0.2,121,,
2,0.001,-0.271,G,15.6,0.9,0.2,127,,
,0.004,-20.351,G,14.4,0.8,0.5,46,,
3,0.000,16.860,G,16.8,0.4,0.3,109,,
1,0.006,0.077,G,16.6,0.8,0.6,78,,
,-0.001,4.344,G,15.0,1.4,0.4,139,,
,0.005,-1.500,G,15.6,0.5,0.3,129,,
,0.000,0.422,G,15.7,0.7,0.6,134,,
,0.004,-11.905,G,15.7,0.8,0.5,152,,
,0.006,-5.152,G,16.4,0.8,0.3,74,,
,-0.000,5.497,G,16.1,0.4,0.2,157,,
,0.001,-3.839,G,16.0,0.5,0.4,174,,
,0.000,7.810,G,15.8,0.7,0.5,12,,
,0.001,-6.930,G,16.5,0.6,0.5,16,,
,0.002,-2.234,G,16.6,0.4,0.2,141,,
,0.002,0.099,G,14.7,3.4,0.5,93,,
,-0.001,3.876,G,15.0,0.4,0.3,18,,
,0.003,12.521,G,17.4,0.3,0.2,130,,
,0.005,-13.509,G,14.3,1.4,0.7,132,,
,0.000,1.367,G,15.0,1.1,0.6,44,,
,0.000,-0.972,G,17.0,0.5,0.3,159,,
,-0.001,12.544,G,17.7,0.3,0.2,158,,
,0.000,-8.102,G,15.2,1.1,0.3,11,,
1,0.007,-10.235,G,14.3,0.7,0.3,63,,
,-0.002,18.712,G,15.6,0.5,0.5,74,,
1,0.000,1.231,G,15.6,0.8,0.2,165,,
,0.004,-12.406,G,15.7,1.0,0.8,14,,
,0.000,-0.071,G,16.0,0.3,0.2,131,,
,-0.001,11.670,G,15.2,0.8,0.6,56,,
,0.002,-15.120,G,16.5,0.5,0.4,99,,
,-0.001,-1.014,G,15.4,0.4,0.4,80,,
,-0.000,14.709,G,15.9,0.5,0.3,15,,
,-0.000,1.820,G,16.4,0.4,0.2,76,,
1,0.004,-13.964,G,15.3,1.0,0.5,73,,
1,0.000,-0.559,G,14.2,1.1,0.7,91,,
,0.004,13.708,G,16.8,0.4,0.3,92,,
,0.003,-16.786,G,15.8,0.6,0.4,125,,
,-0.000,-0.048,G,15.8,0.9,0.7,48,,
,0.000,3.027,G,14.7,0.8,0.7,165,,
1,0.002,1.840,G,14.8,1.2,0.7,19,,
,-0.001,-4.196,G,14.4,0.7,0.6,55,,
,0.010,-47.275,G,13.3,1.2,1.2,41,,
,-0.007,63.280,G,16.0,0.5,0.2,47,,
,0.000,-0.002,G,17.9,0.7,0.1,174,,
,-0.000,0.209,G,16.4,0.4,0.3,26,,
,0.004,-14.324,G,16.6,0.5,0.3,109,,
,-0.001,14.098,G,16.2,0.9,0.2,15,,
1,0.000,0.021,G,15.4,0.7,0.3,89,,
,0.004,-16.051,G,15.1,1.3,0.8,140,,
1,-0.001,10.630,G,16.9,0.3,0.3,97,,
1,0.001,5.623,G,14.5,1.1,1.0,95,,
,0.002,-15.543,G,14.3,1.0,0.9,94,,
,0.005,0.202,G,13.7,0.6,0.5,15,,
,-0.001,11.202,G,17.0,0.4,0.3,49,,
,0.000,-1.923,G,16.8,0.3,0.2,114,,
,0.000,1.929,G,16.9,0.4,0.2,94,,
,0.002,-0.922,G,17.8,0.2,0.2,20,,
,0.000,-6.972,G,15.2,1.3,0.7,74,,
,0.002,8.230,G,16.1,0.5,0.2,76,,
1,0.002,-0.436,G,17.2,0.6,0.1,109,,
,0.000,0.930,G,15.1,0.6,0.5,133,,
,0.001,-11.178,G,15.5,0.9,0.6,3,,
1,0.002,-0.759,G,15.1,0.8,0.6,85,,
4,0.003,0.286,G,15.9,0.4,0.3,55,,
,-0.001,11.737,G,15.4,0.6,0.6,35,,
5,0.005,-2.626,G,16.8,0.4,0.3,49,,
,0.000,-0.005,G,16.9,0.3,0.2,46,,
4,0.003,-0.009,G,16.5,0.4,0.3,24,,
,0.001,-9.131,G,16.0,0.9,0.3,4,,
1,0.003,-1.175,G,15.1,0.8,0.3,172,,
,-0.006,27.938,G,13.3,3.3,3.1,0,,
1,0.006,-17.652,G,16.3,0.6,0.5,84,,
,0.004,-10.494,G,15.0,0.9,0.4,4,,
,-0.000,12.415,G,16.5,0.4,0.3,34,,
,0.001,-1.782,G,14.7,0.8,0.6,95,,
,0.001,-10.308,G,15.7,0.7,0.5,94,,
,0.003,0.530,G,14.9,0.5,0.4,42,,
1,0.000,8.716,G,17.6,0.4,0.2,94,,
,-0.003,19.918,G,15.9,0.8,0.7,56,,
,0.005,-28.634,G,15.0,0.5,0.4,5,,
2,0.004,-0.165,G,16.6,0.5,0.3,59,,
,-0.000,-0.173,G,15.0,0.5,0.3,43,,
1,0.004,-0.104,G,14.7,1.3,0.4,41,,
,-0.001,8.555,GPair,,0.7,,,,
3,0.006,-10.262,G,15.0,0.7,0.6,4,,
,0.002,3.054,G,15.7,1.2,0.8,131,,
,-0.000,-0.940,G,15.7,0.8,0.6,41,,
1,-0.002,29.992,G,15.1,0.7,0.5,136,,
,0.006,-30.980,G,15.2,0.7,0.4,143,,
,-0.001,9.835,G,16.5,0.6,0.5,64,,
1,0.001,19.498,G,16.0,0.8,0.2,155,,
,0.006,-27.171,G,14.0,2.2,0.7,71,,
,0.001,-4.244,G,16.0,0.5,0.3,87,,
,-0.000,3.957,G,15.0,2.3,1.4,125,,
,0.001,6.691,G,13.7,1.0,0.4,136,,
1,-0.006,21.982,G,15.7,0.3,0.2,106,,
,0.006,-30.455,G,15.3,0.6,0.5,40,,
1,-0.003,30.397,G,15.4,1.3,0.3,115,,
,0.007,-29.778,G,14.7,1.2,1.1,139,,
,-0.001,10.073,G,16.6,0.4,0.3,116,,
,-0.003,18.377,G,16.3,0.3,0.3,44,,
,0.004,-18.181,G,14.6,0.6,0.5,136,,
,-0.001,-8.724,G,16.1,0.6,0.5,129,,
,0.002,-2.122,G,16.4,0.5,0.4,47,,
1,-0.000,12.715,G,17.7,0.4,0.2,131,,
,0.003,-9.346,G,13.9,1.2,0.9,151,,
,-0.001,7.843,G,15.8,0.5,0.4,170,,
1,0.002,-2.305,G,19.1,0.2,0.1,57,,
1,0.002,1.585,G,15.6,0.6,0.3,7,,
1,-0.000,-7.483,G,14.1,1.0,0.3,45,,
1,0.003,6.167,G,16.3,0.7,0.5,161,,
,0.000,-0.323,G,14.9,1.0,0.9,39,,
,-0.003,18.647,G,16.1,0.5,0.4,37,,
4,0.004,-0.001,G,16.6,0.2,0.2,85,,
2,0.008,-29.475,G,14.5,1.3,0.6,126,,
1,-0.002,3.567,G,16.9,0.4,0.3,26,,
1,-0.002,28.860,G,15.2,0.6,0.5,53,,
,0.005,-19.992,G,16.3,0.6,0.2,157,,
,-0.000,-8.909,G,16.5,0.4,0.3,120,,
,0.002,8.415,G,17.4,0.3,0.2,60,,
,0.003,1.957,G,17.8,0.4,0.2,40,,
,0.002,-0.261,G,16.7,0.4,0.3,130,,
2,0.003,-2.874,G,17.0,0.4,0.3,47,,
,0.000,-8.929,G,16.1,1.1,0.3,77,,
3,-0.001,28.991,G,16.8,0.3,0.3,83,,
,0.001,-2.642,G,15.6,0.8,0.5,15,,
,0.006,-26.327,G,14.1,1.9,0.7,20,,
,-0.004,26.084,G,15.7,1.0,0.4,106,,
,0.004,-24.528,G,16.2,0.8,0.3,51,,
,-0.001,10.725,G,16.5,0.5,0.2,37,,
1,-0.003,18.111,G,15.2,0.6,0.3,38,,
,0.005,-28.430,G,14.8,0.9,0.5,126,,
3,0.002,28.401,G,15.5,0.7,0.5,98,,
,0.006,-21.183,G,16.8,0.6,0.3,45,,
,0.001,-0.109,G,17.5,0.2,0.2,157,,
,-0.004,19.771,G,16.7,0.3,0.3,168,,
1,0.008,-20.177,G,15.9,0.7,0.7,20,,
,-0.000,1.325,G,16.1,0.5,0.4,3,,
3,0.001,-1.042,G,17.4,0.4,0.2,74,,
1,-0.002,21.568,G,15.6,0.9,0.2,18,,
3,0.016,-55.119,G,14.5,2.8,0.4,32,,
,-0.010,50.975,GPair,,0.6,,,,
5,0.008,-21.668,G,14.2,1.3,0.4,179,,
1,0.001,25.688,G,17.2,0.9,0.4,156,,
,0.002,-4.107,G,16.3,0.6,0.4,159,,
2,0.014,-43.206,G,14.8,1.1,0.4,6,,
,0.002,-19.204,G,13.8,1.3,1.0,179,,
,-0.008,45.971,G,16.5,0.6,0.4,132,,
,0.001,-0.775,G,16.7,0.6,0.4,150,,
,-0.002,17.955,G,15.7,0.8,0.8,7,,
,0.004,-14.399,G,17.3,0.3,0.2,34,,
,0.001,-1.079,G,16.9,0.4,0.2,169,,
,0.008,-36.133,G,16.4,0.6,0.5,70,,
,-0.011,51.498,G,17.0,0.5,0.4,54,,
1,0.013,-51.439,G,15.3,1.4,0.3,35,,
1,0.002,-0.104,G,15.3,1.1,0.7,0,,
,0.002,-0.057,G,15.8,0.6,0.4,178,,
,0.000,5.452,G,14.3,1.8,0.7,178,,
,0.004,-5.461,G,14.1,1.1,0.8,162,,
,-0.009,52.441,G,16.1,0.7,0.3,53,,
,0.031,-67.790,G,11.7,3.4,1.0,10,,
1,-0.015,15.267,G,14.2,1.5,1.1,138,,
,-0.008,54.384,G,16.2,0.5,0.4,72,,
1,0.012,-54.031,G,14.2,0.9,0.6,70,,
,-0.010,54.408,G,16.2,0.5,0.2,98,,
,0.002,-0.003,G,16.5,0.5,0.2,86,,
,0.008,-20.461,G,17.0,0.6,0.3,73,,
2,0.004,2.012,G,16.0,0.8,0.8,76,,
1,-0.003,18.636,G,16.1,0.3,0.3,164,,
,0.001,-1.370,G,16.5,0.5,0.2,179,,
,0.007,0.817,G,16.3,0.4,0.3,31,,
2,0.008,-17.753,G,17.3,0.3,0.2,126,,
,0.002,-0.649,GPair,,0.6,,,,
1,-0.000,18.687,G,15.3,0.7,0.5,49,,
1,0.006,-4.330,G,16.0,1.1,0.4,60,,
,0.002,3.056,G,17.3,0.4,0.3,6,,
,0.001,2.019,G,16.6,0.4,0.2,24,,
,0.003,-4.062,G,16.4,0.8,0.3,107,,
,0.006,-16.694,G,16.6,0.7,0.2,122,,
,0.003,-0.485,G,17.5,0.4,0.3,109,,
1,0.007,-28.725,G,14.8,1.1,0.3,159,,
,-0.004,28.419,G,17.7,0.4,0.3,119,,
,-0.005,18.981,G,16.5,0.4,0.3,133,,
,0.001,-2.195,G,16.4,0.9,0.4,134,,
,0.000,2.393,G,16.0,0.7,0.3,86,,
,0.005,-19.529,G,18.6,0.2,0.2,146,,
,0.001,-0.082,G,16.5,0.5,0.3,145,,
,0.000,3.493,GPair,,0.6,,,,
,0.001,-3.420,G,16.6,0.7,0.4,115,,
,0.001,0.048,G,17.3,0.4,0.2,63,,
,-0.000,-0.019,G,17.0,0.6,0.2,64,,
,-0.000,3.411,G,17.1,0.3,0.3,34,,
,0.001,-3.453,G,16.5,0.5,0.4,17,,
,0.001,0.034,G,16.5,0.2,0.2,38,,
,0.001,-0.080,G,16.8,0.4,0.4,120,,
,0.001,0.074,G,16.8,0.5,0.4,102,,
,0.000,3.079,G,16.7,0.3,0.3,11,,
,0.003,-3.021,G,17.8,0.4,0.2,43,,
,0.001,0.163,G,13.9,3.1,0.7,25,,
1,-0.005,19.451,G,16.0,0.6,0.4,179,,
,0.004,-16.127,G,17.0,0.4,0.2,175,,
,0.002,-3.384,G,17.4,0.4,0.3,94,,
,-0.000,3.458,G,16.7,0.5,0.3,157,,
,0.005,-30.696,G,14.2,1.1,0.5,11,,
,-0.004,27.801,G,16.4,0.8,0.6,147,,
,-0.004,17.474,G,16.8,0.5,0.4,35,,
,0.005,-18.143,G,17.8,0.4,0.3,22,,
1,-0.004,20.559,G,15.2,0.9,0.3,57,,
1,0.001,-2.386,G,17.3,0.4,0.3,19,,
,0.002,-1.132,G,16.9,0.5,0.3,105,,
,0.002,3.169,G,15.4,1.2,0.6,176,,
,0.001,-0.598,G,16.9,0.6,0.2,72,,
1,0.000,0.579,G,15.8,0.7,0.7,18,,
,0.026,-89.550,G,11.3,3.0,2.1,6,,
,-0.023,90.020,G,16.6,0.1,0.1,19,,
,0.001,-2.090,G,17.2,0.3,0.2,166,,
,0.005,-16.947,G,17.1,0.4,0.2,40,,
,0.000,6.615,G,14.8,1.0,0.6,178,,
3,0.001,9.042,G,15.7,0.6,0.4,72,,
,0.007,-16.441,GTrpl,,0.9,,,,
1,0.002,-1.068,G,17.5,0.5,0.2,2,,
,0.007,-26.347,G,13.3,2.4,0.8,172,,
,-0.011,47.948,G,16.6,0.4,0.3,55,,
1,0.002,-4.747,GPair,,0.5,,,,
1,0.005,-8.347,G,15.6,0.7,0.5,57,,
,-0.001,9.070,G,17.3,0.4,0.2,112,,
1,0.002,2.252,G,15.4,0.9,0.6,124,,
1,0.006,-16.239,G,15.6,0.6,0.4,164,,
,-0.001,16.215,G,15.9,0.6,0.4,108,,
,0.000,1.370,G,15.8,0.7,0.2,16,,
,0.002,-1.319,G,16.1,0.5,0.2,73,,
,0.000,-0.162,G,16.1,0.7,0.2,90,,
1,0.008,-19.696,G,18.1,0.4,0.3,121,,
2,0.013,-41.658,G,13.7,1.3,1.1,166,,
,-0.015,63.318,G,17.0,0.3,0.3,145,,
,0.006,-20.045,G,17.1,0.4,0.3,40,,
,-0.005,18.368,G,16.2,0.6,0.3,7,,
,0.010,-19.147,G,16.1,0.7,0.4,154,,
2,0.006,-0.793,G,16.5,0.5,0.5,58,,
2,0.002,-0.006,G,16.6,0.5,0.4,111,,
2,-0.003,17.020,G,15.7,0.6,0.3,136,,
,-0.000,3.934,G,16.4,0.7,0.5,14,,
1,0.006,-11.659,G,14.1,0.9,0.3,59,,
,0.002,-4.333,G,16.1,0.6,0.3,63,,
,-0.004,16.155,G,16.1,0.5,0.2,13,,
,0.005,-12.126,G,14.0,0.9,0.4,71,,
,0.001,-0.025,G,14.6,0.7,0.5,100,,
,0.002,-3.724,G,17.6,0.3,0.3,5,,
,-0.001,3.772,G,14.2,1.0,0.2,72,,
,0.003,-9.097,G,16.5,0.6,0.5,145,,
,0.001,0.028,G,16.5,0.6,0.4,157,,
,-0.005,20.106,G,16.7,0.5,0.4,153,,
,0.005,-15.783,G,16.9,0.4,0.3,45,,
,0.001,-3.814,G,17.1,0.2,0.1,83,,
,-0.002,8.724,G,14.4,0.8,0.5,41,,
,-0.003,9.401,G,15.9,0.5,0.4,165,,
,0.003,-9.630,G,14.7,0.6,0.5,40,,
,0.002,-3.746,G,16.7,0.5,0.4,112,,
,-0.001,3.762,G,14.0,0.7,0.7,10,,
,-0.000,0.071,G,14.9,0.6,0.5,14,,
2,0.001,-0.080,G,14.7,0.7,0.4,82,,
1,0.003,-8.932,G,17.1,0.3,0.2,158,,
,-0.003,17.012,G,15.4,0.7,0.5,15,,
,-0.000,0.274,G,15.6,0.8,0.5,42,,
,0.003,-8.156,G,15.3,0.4,0.4,48,,
,0.002,-8.321,GTrpl,,0.8,,,,
1,0.000,3.193,G,16.7,0.4,0.3,119,,
1,-0.000,5.039,G,14.4,0.8,0.4,141,,
1,-0.004,10.999,G,15.1,0.9,0.5,31,,
,0.003,-11.033,G,14.7,0.7,0.3,153,,
1,0.003,-8.228,G,18.6,0.2,0.2,131,,
1,-0.006,19.529,G,16.8,0.4,0.3,45,,
3,0.007,-19.528,G,17.7,0.3,0.3,70,,
,0.000,-0.032,G,16.4,0.4,0.3,75,,
,0.031,-51.882,G,13.3,1.9,1.4,124,,
,-0.036,71.024,G,15.6,0.5,0.4,40,,
2,0.004,-9.837,G,14.0,0.9,0.3,30,,
,0.000,0.031,G,14.4,0.9,0.4,66,,
1,-0.002,11.675,G,15.9,0.5,0.4,1,,
,0.005,-17.885,G,17.2,0.3,0.2,164,,
2,-0.003,13.979,G,16.9,0.4,0.3,45,,
,0.002,-8.722,G,14.6,0.6,0.4,8,,
1,-0.002,11.614,G,17.1,0.4,0.3,53,,
,-0.000,-0.718,G,15.7,0.6,0.3,32,,
,0.001,-2.107,G,17.1,0.4,0.2,68,,
,-0.001,2.053,G,15.1,1.1,1.1,91,,
,0.001,-0.005,G,15.4,0.9,0.8,143,,
2,0.007,-18.846,G,16.3,0.3,0.2,146,,
2,-0.004,17.894,G,16.3,0.5,0.3,65,,
,0.004,-9.855,G,15.1,0.4,0.4,1,,
,0.000,0.075,G,14.9,0.5,0.4,131,,
1,0.002,-5.579,G,16.8,0.4,0.4,4,,
2,0.000,0.056,G,17.4,0.4,0.2,91,,
,-0.005,17.933,G,17.0,0.2,0.1,168,,
1,0.002,-1.879,G,16.6,0.9,0.2,80,,
,0.003,-10.569,G,14.7,0.4,0.4,26,,
1,0.003,-8.944,G,16.6,0.6,0.3,176,,
1,0.001,0.008,G,16.6,0.6,0.3,176,,
,-0.002,8.942,G,14.6,0.6,0.4,73,,
,-0.002,9.094,G,16.3,0.5,0.3,167,,
,0.000,-0.887,G,15.4,0.8,0.6,151,,
,-0.000,2.506,G,16.6,0.4,0.2,109,,
,0.004,-10.804,G,15.4,0.5,0.4,16,,
,-0.004,11.189,G,16.4,0.2,0.2,124,,
,0.003,-10.277,G,14.7,0.6,0.4,176,,
,0.001,-0.896,G,15.2,0.5,0.3,100,,
,-0.003,9.074,G,16.3,0.4,0.2,63,,
,-0.000,3.255,GPair,,0.8,,,,
1,0.000,-1.298,G,16.5,0.3,0.3,109,,
,0.001,-1.964,G,16.2,0.6,0.3,168,,
,0.005,-15.347,G,16.0,0.5,0.4,10,,
,-0.000,6.365,G,14.8,0.8,0.3,152,,
,0.000,-0.060,G,14.4,0.6,0.4,44,,
,0.001,-0.026,G,14.1,0.7,0.6,2,,
,-0.002,9.101,G,16.5,1.0,0.3,160,,
,0.003,-9.150,G,15.5,0.5,0.3,43,,
,0.001,0.169,G,13.9,0.8,0.4,109,,
1,0.002,-8.404,G,15.6,0.9,0.8,90,,
,-0.005,20.144,G,16.8,0.5,0.2,178,,
,0.001,-3.485,G,15.0,1.1,1.1,69,,
1,0.002,-8.303,G,13.6,1.0,0.6,51,,
4,-0.002,11.711,G,16.0,0.7,0.4,96,,
1,0.007,-20.260,G,16.3,0.6,0.3,116,,
,0.002,-0.220,G,17.0,0.4,0.3,58,,
,-0.006,21.311,G,15.1,0.8,0.6,147,,
,0.001,-1.002,GPair,,0.5,,,,
,0.000,0.276,G,14.9,0.4,0.4,93,,
,0.003,-0.614,G,16.9,0.3,0.2,158,,
,-0.000,0.596,G,14.4,1.4,1.1,35,,
,0.001,-0.097,G,15.3,0.7,0.4,155,,
1,0.002,0.196,G,16.3,0.4,0.2,12,,
,0.000,-0.041,G,15.9,0.6,0.3,70,,
,0.002,-3.786,G,16.9,0.4,0.2,13,,
,0.005,-16.811,G,16.2,0.6,0.4,44,,
,0.005,-26.905,G,14.7,1.0,0.6,8,,
1,-0.010,47.517,G,15.4,0.8,0.3,143,,
,0.006,-20.905,G,16.9,0.6,0.4,43,,
,0.000,0.956,G,16.8,0.4,0.3,104,,
,0.000,3.424,G,16.8,0.4,0.4,143,,
,-0.004,13.997,G,16.2,0.4,0.3,61,,
1,0.006,-18.137,G,17.4,0.4,0.4,10,,
,0.001,0.006,GPair,,0.4,,,,
,-0.001,3.516,G,16.6,0.4,0.3,157,,
,-0.004,14.571,G,16.6,0.4,0.3,92,,
,-0.001,0.800,G,16.3,0.4,0.3,20,,
1,0.000,1.561,G,16.0,0.3,0.2,132,,
,0.002,-3.055,G,15.7,0.8,0.7,178,,
,0.004,-16.653,G,17.0,0.2,0.1,9,,
1,0.001,-0.492,G,17.4,0.4,0.3,149,,
1,0.003,0.390,G,16.9,0.5,0.3,131,,
2,-0.004,17.902,G,16.3,0.4,0.3,132,,
,0.006,-18.695,G,16.2,0.8,0.3,27,,
,-0.001,4.911,G,16.7,0.7,0.5,132,,
1,-0.004,13.970,G,16.3,0.5,0.3,112,,
,0.006,-13.952,G,16.4,0.7,0.5,104,,
,-0.005,16.379,G,14.8,1.2,0.8,104,,
1,0.003,-4.256,G,17.0,0.3,0.2,78,,
,0.001,1.866,G,15.9,0.8,0.5,64,,
,-0.001,0.574,G,15.9,0.5,0.4,167,,
,0.001,-0.321,G,16.5,0.5,0.4,89,,
,0.005,-10.156,G,15.4,0.7,0.6,135,,
,0.001,-6.118,G,16.6,0.9,0.8,0,,
,-0.003,16.482,G,15.4,0.7,0.4,132,,
1,0.008,-19.252,G,16.6,0.2,0.1,151,,
,-0.001,8.843,G,15.6,0.7,0.3,133,,
1,0.002,-7.597,G,16.7,0.4,0.2,111,,
,-0.006,19.632,G,16.6,0.5,0.2,41,,
,0.002,-2.882,G,15.9,0.6,0.4,15,,
2,0.001,1.070,G,15.4,0.6,0.4,102,,
,0.006,-19.060,G,17.4,0.4,0.1,24,,
2,0.003,0.964,G,14.2,0.8,0.7,26,,
,-0.005,18.117,G,15.6,0.6,0.5,138,,
,0.007,-15.467,G,16.8,0.4,0.3,37,,
,0.001,-4.044,G,15.8,1.0,0.7,74,,
1,-0.005,19.244,G,15.9,0.6,0.4,40,,
,0.006,-17.830,G,16.4,0.4,0.3,65,,
,0.001,-1.340,G,17.0,0.5,0.3,28,,
,0.001,0.395,G,14.3,1.2,1.1,70,,
,-0.006,19.679,G,16.4,0.4,0.3,158,,
1,0.007,-10.963,G,15.3,0.6,0.5,66,,
1,-0.004,12.261,G,16.1,0.7,0.4,36,,
1,0.006,-17.509,G,16.5,0.4,0.3,166,,
,0.001,-2.074,G,16.6,0.4,0.2,162,,
,0.001,-1.371,G,15.4,0.6,0.5,60,,
,0.000,0.801,G,17.5,0.3,0.3,71,,
,0.001,-0.885,G,15.3,0.7,0.6,108,,
2,-0.005,17.732,G,15.9,1.0,0.2,6,,
,-0.000,1.344,G,16.8,0.7,0.2,135,,
,0.006,-19.009,G,15.9,0.5,0.4,9,,
,-0.001,0.973,G,17.4,0.3,0.2,156,,
,0.001,-0.992,G,16.7,0.4,0.2,68,,
,-0.000,3.031,G,15.5,0.7,0.4,82,,
1,-0.004,14.568,GTrpl,,0.4,,,,
,0.000,1.341,G,15.9,0.8,0.6,11,,
1,0.009,-14.624,G,15.5,0.6,0.5,111,,
3,-0.001,12.905,G,15.7,0.8,0.2,125,,
,0.005,-14.238,G,17.2,0.3,0.2,127,,
,0.001,0.650,G,16.9,0.4,0.2,22,,
,-0.004,17.085,G,16.0,0.7,0.2,107,,
,0.008,-19.422,G,17.0,0.3,0.2,165,,
,0.002,0.216,G,16.4,0.4,0.3,31,,
,0.001,-0.224,G,16.8,0.5,0.2,127,,
,-0.005,19.378,G,17.9,0.6,0.6,16,,
,0.006,-8.483,G,15.2,1.0,0.5,177,,
,0.004,-9.532,G,16.8,0.4,0.2,160,,
,-0.006,18.140,G,15.4,0.7,0.5,74,,
,0.001,-1.278,GPair,,0.6,,,,
,0.006,-17.637,GPair,,0.8,,,,
,-0.004,14.968,G,15.9,0.7,0.4,82,,
,0.020,-13.253,G,16.2,0.5,0.4,85,,
2,-0.012,-2.475,G,16.8,0.4,0.3,138,,
1,0.011,-33.947,G,15.0,0.9,0.5,90,,
,-0.013,49.589,G,16.2,0.6,0.2,120,,
1,0.021,-59.934,G,13.6,1.4,1.0,163,,
,-0.014,45.411,G,16.1,0.5,0.5,125,,
,-0.005,16.111,G,11.6,6.0,5.5,0,,
,0.006,-16.101,G,16.7,0.5,0.4,113,,
,-0.005,17.333,G,15.5,0.3,0.2,111,,
,0.006,-17.064,GPair,,1.0,,,,
1,-0.004,14.525,G,15.5,0.6,0.4,157,,
,0.001,0.030,G,16.4,0.5,0.4,53,,
,-0.000,-0.348,G,14.4,1.2,0.8,180,,
1,0.045,-103.624,PN,10.6,0.1,,,,
1,-0.044,107.068,G,15.5,0.5,0.3,61,,
3,0.033,-63.221,G,12.5,1.8,1.1,162,,
2,0.025,-28.172,G,13.8,1.7,1.1,154,,
,-0.029,87.804,G,15.5,0.7,0.6,85,,
,0.011,-11.134,G,15.0,1.7,0.4,142,,
1,-0.003,14.760,G,15.9,0.9,0.2,42,,
2,0.018,-1.638,G,16.6,0.5,0.3,2,,
1,0.016,-44.994,G,14.5,1.3,0.5,99,,
2,0.028,0.179,G,13.7,0.3,0.2,140,,
,0.002,42.662,G,14.0,2.5,0.5,176,,
,0.092,-67.772,G,11.4,3.0,1.8,165,,
,-0.024,57.507,G,13.9,1.6,0.4,46,,
,0.013,-36.175,G,13.7,2.0,0.8,53,,
,0.003,-2.384,G,15.3,0.7,0.6,30,,
,-0.003,10.893,G,14.7,1.2,0.4,159,,
,0.024,-29.370,G,13.0,1.1,1.0,114,,
,-0.010,18.026,G,14.9,0.8,0.6,105,,
,0.010,-1.004,G,13.6,1.5,0.7,167,,
1,0.007,22.405,G,15.4,0.7,0.5,140,,
,0.003,-10.311,G,14.8,0.9,0.4,99,,
,0.016,34.496,G,15.0,1.6,0.3,131,,
,0.008,0.023,G,15.1,0.5,0.3,140,,
,0.006,0.187,G,15.6,0.5,0.4,77,,
,0.011,-6.675,G,15.1,0.8,0.6,67,,
,0.015,-27.934,G,14.3,0.8,0.7,15,,
,-0.008,29.152,G,15.1,1.2,0.4,1,,
,0.021,-53.034,G,14.3,2.1,0.6,34,,
,0.003,0.191,G,14.6,1.2,0.4,4,,
1,-0.007,53.225,G,14.8,0.8,0.7,12,,
,0.015,-39.859,G,16.1,0.9,0.2,78,,
1,0.011,-8.394,G,13.2,2.1,1.4,135,,
,-0.009,52.069,G,15.9,0.9,0.2,29,,
,0.007,0.027,G,15.2,0.9,0.6,132,,
,0.001,0.019,G,15.9,0.5,0.2,34,,
,0.005,-4.240,G,15.4,0.6,0.5,64,,
,-0.002,4.289,G,16.0,0.6,0.4,137,,
,0.020,-58.654,G,15.2,0.5,0.4,35,,
,-0.015,54.091,G,15.4,0.8,0.3,82,,
,0.017,-53.142,G,15.2,0.7,0.5,112,,
,0.000,-0.000,G,15.3,0.6,0.3,147,,
,0.013,-3.684,G,14.3,1.4,0.5,154,,
,0.000,0.481,G,14.8,1.0,0.7,89,,
,0.006,1.925,G,13.9,1.4,0.4,111,,
,-0.016,54.433,G,15.6,0.6,0.3,53,,
,0.021,-55.921,G,15.0,1.0,0.7,145,,
,0.001,2.119,G,13.1,2.0,1.1,135,,
,0.001,-0.547,G,14.8,1.4,0.7,135,,
,0.004,0.649,G,15.6,0.8,0.5,81,,
,0.004,-0.131,G,13.4,1.3,1.0,45,,
,-0.016,58.331,G,15.5,0.7,0.3,44,,
1,0.014,-2.469,G,15.1,0.8,0.7,29,,
,0.026,-58.643,G,15.4,1.0,0.6,149,,
,0.004,1.869,G,15.7,1.2,0.3,96,,
,0.002,0.260,G,14.7,1.2,0.9,131,,
,0.009,-0.265,G,15.6,1.2,0.4,65,,
,-0.030,75.198,G,15.2,1.7,0.4,102,,
,0.029,-74.855,G,15.0,1.9,0.5,105,,
,0.001,2.162,G,15.5,0.8,0.5,5,,
,-0.021,63.378,G,16.2,0.6,0.5,10,,
,0.025,-63.868,G,15.2,1.3,0.5,135,,
,-0.023,63.917,G,16.3,0.6,0.5,90,,
,0.002,-0.038,G,,0.5,0.5,85,,
,0.025,-62.957,G,14.7,0.9,0.8,7,,
,-0.025,62.746,GPair,,0.8,,,,
,0.032,-67.369,G,15.7,1.0,0.2,111,,
,0.004,1.064,G,15.2,0.9,0.6,24,,
1,0.006,-0.839,G,16.6,0.9,0.5,25,,
,0.004,1.575,G,15.4,1.3,0.2,61,,
,-0.030,75.471,G,,0.7,0.1,91,,
,0.003,-0.067,G,17.8,0.4,0.4,65,,
,0.034,-74.374,G,15.5,0.7,0.4,52,,
,0.006,2.920,G,12.8,1.1,0.8,64,,
,-0.004,-2.963,G,14.5,1.3,0.8,98,,
,-0.022,74.354,G,17.8,0.4,0.4,156,,
,0.014,-18.795,G,15.4,0.7,0.3,69,,
,-0.010,18.406,G,17.3,0.3,0.3,21,,
,0.003,0.027,G,17.9,0.3,0.2,92,,
,0.031,-74.453,G,16.0,0.4,0.3,20,,
,-0.016,53.072,GPair,,1.0,,,,
,0.031,-52.745,G,14.8,1.4,0.6,114,,
,0.005,0.177,G,14.3,1.4,0.6,8,,
,0.009,-0.895,G,13.3,1.4,1.1,99,,
,0.027,-34.071,OCl,9.7,5.1,,,,
,-0.020,34.419,G,15.2,0.6,0.5,14,,
,0.005,1.792,G,13.5,2.2,1.4,177,,
,0.008,-2.899,G,15.6,0.9,0.5,32,,
,0.001,-0.308,G,15.1,1.0,0.4,114,,
,0.001,-4.877,G,10.5,4.6,2.4,42,,
,-0.022,60.391,G,15.6,0.9,0.4,70,,
,0.021,-52.979,G,14.2,1.6,0.8,177,,
,0.003,-7.512,G,12.7,1.9,0.8,58,,
,-0.023,67.486,G,15.7,0.2,0.2,12,,
,0.003,-0.045,G,15.8,1.3,0.4,130,,
,0.000,0.105,G,16.1,1.4,0.3,126,,
,0.029,-62.138,G,15.3,1.0,0.5,71,,
,-0.023,62.088,G,14.7,1.3,0.6,41,,
,0.001,0.044,G,14.8,1.0,0.9,173,,
,0.005,-0.051,G,15.4,1.1,0.4,81,,
,0.005,-6.181,G,15.1,0.7,0.6,84,,
1,0.037,-56.905,G,15.5,0.8,0.5,132,,
,0.002,3.817,G,13.3,2.4,1.0,73,,
,0.020,-25.190,G,14.1,1.1,0.8,161,,
,0.006,-0.035,G,13.4,1.2,0.9,75,,
,-0.036,77.831,G,16.0,0.6,0.4,38,,
,0.001,-0.017,G,14.9,0.9,0.7,10,,
,0.028,-52.218,G,15.1,1.6,0.3,132,,
,0.004,-3.417,G,14.0,1.4,1.0,56,,
,0.024,55.998,G,16.2,0.5,0.3,23,,
,0.027,-56.074,G,14.5,1.1,0.9,10,,
,0.001,-0.835,G,14.3,1.6,0.5,73,,
,0.010,2.571,G,14.2,1.3,1.2,30,,
,0.008,-2.908,G,15.2,1.0,0.6,33,,
,-0.013,55.532,G,15.5,0.7,0.6,71,,
,0.023,-54.043,G,15.9,1.1,0.2,58,,
,0.006,-1.576,G,14.8,0.9,0.6,126,,
,0.036,0.793,G,14.8,1.2,0.5,101,,
,0.012,-0.192,G,14.4,1.0,0.8,166,,
,0.006,-0.591,G,13.9,1.1,0.6,56,,
,0.005,0.280,G,14.9,1.1,0.7,174,,
,0.001,-0.359,G,11.0,4.7,2.6,67,,
,-0.031,1.964,G,14.7,1.3,0.7,93,,
,0.037,53.487,G,15.7,0.6,0.5,64,,
,0.007,0.036,G,15.3,0.8,0.8,3,,
,0.258,-109.464,G,14.8,1.8,0.5,60,,
,-0.259,113.967,G,15.5,0.6,0.5,147,,
1,0.015,10.013,G,14.0,1.4,0.4,155,,
,0.027,-25.435,G,15.2,0.8,0.4,106,,
2,0.021,23.115,G,14.6,1.3,0.9,31,,
,-0.000,0.135,G,14.8,0.9,0.8,50,,
,0.013,-12.369,G,15.3,1.1,0.4,53,,
,0.009,-0.030,G,15.1,1.1,0.6,102,,
,0.005,-0.102,G,15.0,1.1,0.7,67,,
,0.000,0.031,G,14.2,1.2,1.2,134,,
,0.008,0.101,G,15.0,0.7,0.7,4,,
1,0.001,0.050,G,15.6,1.1,1.1,117,,
,0.001,-0.051,G,15.1,1.0,0.5,119,,
,0.024,-50.398,G,13.7,1.9,0.7,133,,
,0.011,-4.070,G,11.6,6.5,1.0,18,,
,0.009,-5.201,G,13.6,1.8,0.7,88,,
1,0.001,21.912,G,15.3,1.4,0.3,106,,
,-0.007,41.028,G,15.2,0.4,0.4,54,,
,0.011,9.068,G,15.9,0.5,0.5,15,,
,0.033,-5.597,G,14.8,0.9,0.5,67,,
,0.047,-42.045,G,14.9,1.4,0.3,111,,
,0.031,-35.119,G,13.8,1.2,0.9,13,,
,-0.017,33.845,G,15.9,0.8,0.5,33,,
,-0.004,1.656,G,,0.7,0.3,170,,
,0.021,-32.050,G,13.4,1.8,0.7,147,,
,-0.020,32.177,G,15.1,0.5,0.2,25,,
,0.002,-0.351,G,14.8,0.9,0.7,106,,
1,0.015,-23.767,G,12.7,1.6,1.2,149,,
,0.006,-5.443,G,13.0,1.6,1.4,71,,
,-0.013,29.241,G,14.9,0.6,0.4,40,,
,-0.012,43.283,G,16.2,0.4,0.4,29,,
,0.001,0.025,G,15.9,0.4,0.3,96,,
,0.001,-0.038,G,15.1,0.8,0.5,50,,
,0.026,-44.208,G,16.2,0.5,0.1,75,,
,-0.001,36.131,G,15.3,0.8,0.8,23,,
,0.030,-52.249,G,13.7,1.8,1.4,106,,
2,0.158,-48.629,G,13.9,2.0,0.7,95,,
,-0.080,41.382,G,14.6,1.5,0.6,158,,
,-0.000,-0.008,G,15.5,0.9,0.4,93,,
,-0.036,71.823,G,15.2,0.7,0.7,10,,
1,0.017,-12.031,G,15.5,0.6,0.2,9,,
1,0.015,1.595,G,14.9,1.1,0.8,165,,
1,0.052,-71.075,G,12.8,2.6,0.4,146,,
,-0.001,-0.029,G,14.9,1.3,0.7,67,,
,0.018,12.237,G,14.3,1.1,1.0,4,,
,0.011,-8.799,G,15.3,0.8,0.6,100,,
,0.004,-4.425,G,13.8,1.9,0.6,10,,
,-0.009,13.292,G,14.4,1.0,0.8,55,,
1,0.023,0.336,G,13.7,2.3,0.4,75,,
1,-0.008,58.206,G,15.0,1.2,0.8,25,,
,0.003,1.943,G,15.0,0.6,0.4,21,,
,0.008,-2.387,G,14.1,1.1,0.7,160,,
,0.001,2.453,G,15.2,0.6,0.6,10,,
,0.006,-2.480,G,15.4,0.7,0.3,139,,
1,0.017,-30.875,G,14.4,1.5,0.6,10,,
,0.030,-41.809,G,11.8,5.8,1.0,126,,
,-0.049,77.952,G,14.8,1.2,0.5,137,,
1,0.016,-5.355,G,14.7,1.4,0.9,105,,
,0.053,-70.449,PN,10.2,0.6,,,,
,0.020,38.167,G,14.8,1.5,0.7,173,,
,-0.040,35.977,G,14.9,0.8,0.4,128,,
,0.005,1.592,G,15.0,0.8,0.5,38,,
,0.012,-14.189,G,15.6,0.8,0.4,57,,
2,0.012,20.130,G,15.5,0.5,0.4,129,,
1,0.024,-20.887,G,16.1,0.6,0.3,139,,
,-0.002,12.996,G,15.5,0.9,0.7,130,,
,0.010,-12.598,G,15.6,1.1,0.8,144,,
,0.009,8.488,G,14.8,0.9,0.8,96,,
,0.008,-8.893,G,16.1,0.8,0.5,148,,
,-0.004,8.745,G,15.4,0.7,0.4,18,,
,0.047,-62.962,G,12.4,1.4,1.1,164,,
,-0.042,68.058,G,15.2,0.7,0.7,142,,
,0.005,-4.228,G,15.4,1.0,0.6,71,,
1,0.008,0.944,G,15.2,0.6,0.6,3,,
,0.009,-10.359,G,15.6,0.7,0.7,5,,
,-0.005,10.033,G,15.3,0.9,0.3,116,,
,0.007,-10.673,G,15.7,0.8,0.3,49,,
,0.003,0.709,G,15.5,1.0,0.6,96,,
,0.029,-50.355,G,13.0,2.5,1.3,24,,
1,-0.009,-6.097,G,16.4,0.8,0.2,47,,
,-0.015,55.748,G,16.3,0.5,0.3,44,,
,0.000,0.011,G,15.5,0.6,0.5,6,,
,-0.008,21.264,G,15.1,0.9,0.9,50,,
,0.009,-10.966,G,14.8,1.2,1.0,87,,
1,0.010,-9.170,G,15.9,0.5,0.4,77,,
,0.002,-0.310,G,15.8,0.7,0.4,76,,
,0.005,0.296,G,15.6,0.8,0.5,72,,
,0.044,-60.739,G,11.8,1.9,1.5,83,,
,-0.048,72.382,G,15.1,0.8,0.5,15,,
,0.009,-12.782,G,16.2,0.6,0.3,12,,
1,0.044,-62.217,G,15.0,1.2,0.5,154,,
,-0.048,83.498,G,15.8,0.8,0.4,109,,
,0.004,-6.631,G,14.7,0.8,0.7,174,,
,0.186,-109.641,G,13.5,1.1,0.9,176,,
,-0.151,94.050,G,15.7,0.7,0.4,115,,
,0.014,13.316,G,15.3,1.0,0.5,48,,
,0.040,-64.843,G,13.3,1.8,1.3,95,,
,-0.036,63.713,G,14.9,0.5,0.5,78,,
,0.034,-54.946,G,12.2,2.1,1.0,160,,
,-0.020,45.231,G,16.7,0.5,0.3,0,,
1,0.014,-1.528,G,16.1,0.6,0.2,129,,
,0.006,2.041,G,16.0,0.5,0.4,85,,
,0.060,-57.731,G,17.0,0.6,0.3,70,,
,-0.059,70.481,G,15.4,0.9,0.3,13,,
,0.001,-0.696,G,15.6,0.6,0.4,161,,
,0.006,-3.747,G,16.7,0.4,0.3,117,,
,0.001,0.012,G,15.3,0.7,0.5,11,,
,0.013,-10.525,G,15.4,0.8,0.6,30,,
,0.033,-52.897,G,13.7,1.7,0.7,62,,
,-0.032,52.451,G,16.5,0.6,0.2,80,,
,0.015,2.771,G,15.6,1.0,1.0,14,,
,0.002,0.027,G,16.0,0.5,0.5,32,,
,0.026,-40.739,G,13.8,2.3,0.5,158,,
,-0.019,40.617,G,15.4,1.7,0.2,109,,
,-0.149,60.637,G,14.9,0.9,0.2,94,,
1,0.197,-123.201,G,14.0,2.7,0.6,0,,
,-0.038,60.177,GTrpl,,1.2,,,,
,0.008,7.567,G,15.9,0.7,0.5,134,,
,-0.000,-0.095,G,14.8,1.1,0.9,26,,
,0.024,-39.579,G,15.3,0.8,0.6,164,,
,-0.021,44.704,G,15.6,0.6,0.3,16,,
,0.011,-12.582,G,15.3,0.6,0.5,61,,
,-0.008,12.628,G,14.8,1.2,1.1,17,,
,0.017,-10.013,G,15.4,0.6,0.6,65,,
,0.006,-2.351,G,16.6,0.5,0.3,68,,
,0.001,2.802,G,15.6,0.6,0.6,25,,
,0.002,-2.258,G,14.9,1.3,0.5,25,,
,0.124,-89.991,G,13.9,3.0,0.3,132,,
,-0.121,101.975,G,15.9,0.6,0.4,43,,
,0.020,-10.112,G,15.3,0.5,0.3,142,,
,0.003,0.020,G,15.7,0.7,0.5,22,,
,0.017,0.043,G,15.8,0.6,0.4,9,,
,0.006,-0.091,G,16.8,0.4,0.4,122,,
2,-0.012,18.923,G,15.3,0.6,0.5,61,,
1,0.031,-21.901,G,15.3,0.9,0.4,136,,
,-0.003,8.007,G,15.7,0.8,0.4,10,,
,-0.005,9.849,G,14.9,0.8,0.7,45,,
,0.007,-4.856,G,15.2,0.8,0.8,134,,
,0.011,-2.250,G,14.9,0.8,0.7,17,,
,0.255,-108.514,GCl,8.6,5.1,,,,
,-0.262,119.695,G,15.6,0.6,0.4,74,,
,0.047,-59.888,G,14.3,1.0,0.8,59,,
,-0.036,59.706,G,15.6,0.6,0.3,110,,
,0.024,-21.154,G,14.7,1.2,1.1,6,,
,-0.001,15.553,G,15.5,0.5,0.3,98,,
,-0.001,1.710,G,14.8,1.1,0.8,176,,
,0.002,-0.008,G,15.5,0.5,0.4,2,,
,0.017,-14.945,G,15.8,0.7,0.4,149,,
,0.003,13.312,G,15.6,0.8,0.6,31,,
,0.010,0.024,G,14.8,0.8,0.2,46,,
2,0.024,-4.091,G,16.1,0.6,0.5,162,,
1,0.017,-0.122,G,17.0,0.8,0.7,124,,
,0.003,9.916,G,15.5,1.0,0.7,61,,
,0.055,-21.140,G,14.2,1.4,1.1,158,,
,0.003,7.288,G,15.3,1.1,0.3,156,,
,0.052,-66.775,GPair,,2.0,,,,
,-0.050,80.545,G,15.2,0.9,0.5,124,,
,0.007,-3.689,G,15.1,0.5,0.4,120,,
,0.072,-8.140,G,15.4,0.7,0.4,114,,
,0.200,-101.444,G,13.1,3.0,0.9,112,,
,-0.105,32.350,G,13.4,1.6,1.5,119,,
,-0.051,69.112,G,15.5,0.6,0.5,19,,
,0.005,0.037,G,15.7,0.6,0.5,31,,
,0.004,-2.289,G,16.7,0.5,0.4,19,,
,0.051,-65.800,G,13.7,1.4,0.5,49,,
,-0.069,91.562,G,15.1,0.8,0.6,155,,
,0.081,-92.345,G,14.8,0.8,0.5,6,,
,-0.044,69.334,G,15.3,0.9,0.2,19,,
,0.011,-2.686,G,15.6,0.9,0.5,178,,
,0.008,-0.158,G,15.5,0.9,0.6,92,,
,-0.007,4.536,G,15.1,1.0,0.7,154,,
,0.037,-4.151,G,14.5,1.4,0.8,164,,
,0.033,13.928,G,16.0,0.5,0.2,162,,
,0.076,-55.707,G,13.7,1.3,0.9,4,,
,0.071,20.184,G,15.9,0.8,0.4,45,,
,0.061,-25.705,G,12.4,2.5,1.9,55,,
,-0.044,56.051,G,15.8,0.6,0.5,153,,
1,0.190,-102.978,G,13.9,1.7,0.5,151,,
,-0.131,103.734,G,15.1,1.1,0.7,102,,
2,0.323,-114.775,G,14.1,2.0,0.8,166,,
,-0.241,110.479,G,15.5,0.7,0.6,104,,
,0.004,-0.064,G,15.4,0.8,0.6,138,,
,0.003,0.061,G,16.5,0.5,0.3,11,,
,0.030,3.976,G,15.5,0.7,0.2,96,,
2,0.162,-28.243,G,14.2,1.0,0.9,70,,
,-0.066,18.920,G,13.2,1.1,0.7,96,,
,0.002,-0.024,G,16.1,0.5,0.3,151,,
,0.219,-101.658,G,13.6,2.1,0.5,62,,
,-0.214,103.476,G,14.6,1.2,1.1,141,,
,-0.013,14.432,G,15.7,0.5,0.4,137,,
,0.019,-14.383,G,15.8,0.5,0.3,158,,
,0.002,-0.005,G,15.1,0.6,0.4,70,,
,0.000,14.473,G,16.4,0.6,0.3,104,,
,0.015,-14.397,G,15.1,0.8,0.5,129,,
,-0.014,18.076,G,13.8,1.2,1.1,55,,
,0.002,-3.661,G,14.9,1.1,0.5,163,,
,0.007,3.687,G,14.3,1.2,0.4,71,,
,0.002,-0.094,G,14.8,0.8,0.5,11,,
,0.002,0.114,G,13.3,1.4,0.9,163,,
,0.008,-0.241,G,13.6,1.3,1.0,131,,
,0.049,-15.146,G,15.2,0.5,0.2,39,,
,0.011,0.140,G,14.9,0.9,0.8,115,,
,0.010,-0.062,G,15.1,0.8,0.7,178,,
,0.124,-95.553,G,13.9,1.6,0.6,139,,
,-0.116,95.457,G,14.8,1.2,0.8,76,,
,0.005,-4.334,G,15.7,0.6,0.3,138,,
,-0.003,4.440,G,15.7,0.6,0.4,23,,
,0.005,-4.432,G,15.5,0.5,0.3,84,,
,0.005,-0.138,G,14.6,1.4,0.9,79,,
,0.003,0.123,G,15.3,0.6,0.5,145,,
,0.173,-98.618,G,13.9,1.6,0.6,139,,
,-0.172,98.598,G,15.5,0.6,0.4,72,,
,0.007,4.584,G,15.3,1.0,0.5,164,,
,0.013,-0.080,G,15.2,0.8,0.6,24,,
,0.027,-0.188,G,14.8,1.2,0.3,172,,
,0.012,-4.280,G,14.8,1.2,0.3,39,,
,0.230,-90.192,G,15.8,2.0,1.6,90,,
,0.002,0.061,G,12.3,1.6,0.8,56,,
1,-0.007,92.263,G,15.8,0.8,0.6,98,,
,0.087,-2.024,G,16.1,0.5,0.4,141,,
1,0.054,4.562,G,14.9,0.7,0.4,158,,
,0.066,-56.407,HII,,12.0,10.0,,,
,-0.005,8.473,RfN,3.9,60.0,40.0,,,
,-0.004,31.526,PN,10.7,0.7,,,,
1,0.150,-82.214,G,13.5,3.3,0.6,60,,
,-0.078,47.518,G,15.0,1.7,0.4,56,,
,0.026,-11.741,G,14.4,1.3,1.0,145,,
,0.010,2.923,G,14.9,1.5,0.4,175,,
,0.019,-10.817,PN,12.4,0.2,,,,
1,0.015,22.173,Neb,,20.0,10.0,,,
1,0.085,-4.381,Neb,,20.0,5.0,,,
,0.002,1.031,Neb,5.1,60.0,25.0,,rho Oph Nebula,
,0.078,-1.678,Neb,4.7,30.0,15.0,,,
1,0.001,49.689,G,16.0,0.7,0.4,149,,
,0.278,-102.063,G,13.7,0.9,0.6,74,,
,-0.232,100.286,G,15.2,0.9,0.8,19,,
,0.011,16.461,G,16.3,1.0,0.3,50,,
,0.001,-0.073,G,15.8,0.5,0.5,20,,
,0.002,0.078,G,15.2,1.0,1.0,103,,
1,0.066,-3.148,G,15.2,0.8,0.7,85,,
2,0.072,0.569,G,16.0,0.7,0.4,32,,
,0.262,-113.677,G,12.6,1.7,0.8,119,,
,-0.228,94.752,G,15.2,0.7,0.6,85,,
,0.072,1.546,G,15.8,0.7,0.5,93,,
,0.040,-10.521,G,15.1,0.8,0.6,151,,
1,0.003,13.743,G,15.4,0.7,0.4,107,,
,0.008,-5.078,G,15.7,0.5,0.3,115,,
2,0.043,-25.084,G,16.1,0.7,0.3,74,,
,0.048,-32.816,Neb,,89.1,58.9,,,
1,-0.031,67.114,G,14.7,0.8,0.5,20,,
2,0.311,-104.199,G,13.7,2.7,1.3,148,,
,-0.204,55.710,PN,10.9,0.1,,,,
,0.235,-55.664,G,14.9,1.6,0.5,160,,
1,-0.175,36.604,PN,12.5,0.3,,,,
,-0.066,74.399,G,15.5,0.7,0.5,53,,
,0.029,-10.583,G,16.0,0.6,0.5,152,,
,0.351,-102.994,G,14.8,1.3,1.2,130,,
,0.003,-0.083,G,14.4,1.2,1.1,45,,
,-0.207,24.748,PN,13.4,0.3,,,,
1,0.214,-18.541,G,15.5,1.8,0.5,134,,
,-0.165,117.044,G,15.8,0.6,0.5,121,,
,0.153,-103.103,G,12.3,2.8,1.9,179,,
,0.036,-20.196,G,14.5,1.6,0.8,176,,
2,-0.171,137.497,G,15.8,0.6,0.2,67,,
,0.151,-107.240,OCl,6.9,9.6,,,,
,0.027,-9.790,G,14.2,1.1,0.5,16,,
,0.011,-1.152,G,12.6,1.6,1.0,51,,
,0.167,-13.501,G,13.2,2.0,1.1,102,,
1,0.010,10.651,G,13.8,2.6,0.6,90,,
3,-0.266,139.579,G,14.2,1.3,0.3,170,,
,0.488,-149.881,G,13.5,1.6,1.3,63,,
,-0.065,9.390,G,11.1,2.1,0.8,106,,
,-0.028,19.737,PN,12.5,0.2,,,,
,0.058,-18.350,G,12.9,1.7,0.9,106,,
,-0.042,68.904,OCl,4.2,24.6,,,,
3,0.013,55.785,G,15.1,0.6,0.3,103,,
,0.132,-83.178,PN,13.3,0.1,,,,
1,0.118,-41.088,G,15.3,0.9,0.5,40,,
,0.018,35.726,PN,13.0,0.2,,,,
,0.082,-35.289,G,14.9,1.6,0.7,87,,
1,-0.089,74.218,G,15.6,0.6,0.3,76,,
1,0.061,-35.777,Neb,10.4,,,,,
,0.081,-32.300,G,12.8,1.2,0.4,125,,
,0.035,-8.223,G,13.9,1.6,0.5,72,,
1,0.049,-7.104,G,13.2,2.2,1.5,140,,
1,-0.122,48.146,RfN,,3.0,2.0,,,
,0.003,-0.552,Neb,,15.0,10.0,,,
,0.072,-33.746,G,14.2,0.8,0.6,45,,
,0.001,0.008,G,14.3,1.1,0.7,51,,
,-0.091,69.437,G,14.6,1.3,0.9,174,,
,0.091,-69.460,G,14.3,0.9,0.4,141,,
1,-0.082,69.578,G,15.4,1.0,0.6,150,,
,0.101,-70.524,G,14.2,1.7,0.9,4,,
1,0.010,0.485,G,13.8,2.8,0.7,19,,
1,0.081,-6.525,G,13.5,2.4,0.8,74,,
,-0.131,90.161,G,15.0,0.9,0.2,0,,
,0.143,-88.775,G,15.3,1.8,0.3,39,,
,-0.041,17.365,PN,13.0,0.1,,,,
1,-0.032,29.335,Neb,,60.0,40.0,,,
,0.107,-42.591,G,14.0,1.7,1.2,155,,
,-0.068,45.394,Neb,6.0,5.0,5.0,90,Eagle Nebula,
,0.149,-57.765,G,12.0,2.7,2.0,165,,
,0.005,-0.084,G,12.8,1.7,1.0,53,,
,-0.143,55.663,Neb,,3.5,,,,
,0.005,0.022,Neb,,3.5,,,,
,-0.102,77.166,G,15.5,0.5,0.5,113,,
,0.175,-117.526,G,14.4,1.2,0.6,5,,
,0.072,-10.613,G,12.0,3.5,3.0,5,,
1,0.042,-4.712,G,12.2,2.0,1.2,61,,
,-0.019,4.470,G,13.5,0.9,0.8,95,,
,0.015,0.572,G,15.2,1.5,0.3,177,,
1,0.031,9.690,G,16.0,0.7,0.3,98,,
,0.009,-1.014,G,13.2,1.8,0.4,93,,
,0.009,-2.153,G,12.9,1.7,0.8,116,,
,-0.011,3.397,G,14.0,1.5,0.6,112,,
,0.006,-1.673,G,13.4,2.8,0.9,159,,
,0.015,-0.092,G,11.8,5.3,1.6,149,,
,0.001,0.704,G,13.6,1.6,1.1,45,,
,0.024,-5.584,G,14.7,0.7,0.7,6,,
,0.046,-6.749,G,15.1,0.8,0.4,158,,
,-0.115,51.011,OCl,4.6,14.1,,,,
,0.086,-43.739,G,14.7,1.1,0.8,19,,
,0.016,0.153,G,14.1,1.2,1.1,114,,
,0.000,0.170,G,14.3,2.2,0.8,172,,
,0.034,-4.895,G,12.2,1.3,0.7,61,,
,-0.019,4.076,G,14.5,1.4,0.7,154,,
,-0.002,0.407,G,12.7,1.6,0.8,80,,
,-0.080,40.298,PN,12.1,0.1,,,,
1,0.075,-34.845,G,14.2,1.3,0.8,103,,
,0.024,-5.466,G,15.5,0.8,0.5,38,,
,-0.020,5.063,G,14.6,1.3,1.0,99,,
,0.022,-4.705,G,15.0,0.9,0.8,23,,
,0.008,0.696,G,15.3,1.2,0.6,146,,
,0.007,0.000,G,15.2,0.9,0.6,95,,
,0.036,-6.458,G,15.3,1.0,0.9,13,,
,-0.022,4.412,G,13.8,1.4,0.9,30,,
,0.003,0.086,G,12.1,2.1,1.7,14,,
,-0.007,2.090,G,15.0,0.9,0.5,99,,
,0.008,-1.452,G,15.3,0.7,0.4,76,,
,0.011,-1.719,G,13.9,2.1,0.9,1,,
,0.055,-7.725,G,,0.6,0.5,0,,
,0.001,0.038,G,15.1,1.1,0.4,72,,
,-0.053,8.557,G,14.3,1.0,0.9,95,,
,0.001,0.865,G,14.3,1.2,1.0,57,,
,0.003,0.237,G,15.2,1.2,0.5,110,,
,0.005,0.859,G,14.1,1.1,0.6,6,,
,0.008,-1.970,G,15.5,0.7,0.7,129,,
,-0.004,1.974,G,12.9,0.9,0.7,7,,
,0.007,0.118,G,14.4,1.3,1.1,31,,
,0.017,-1.702,G,15.2,1.4,0.3,96,,
,-0.102,69.154,OCl,4.6,24.0,,,,
,0.084,-62.630,G,14.6,1.5,0.7,57,,
,0.040,-8.589,G,14.2,1.0,0.5,142,,
,-0.011,2.672,GPair,,0.8,,,,
,0.002,0.127,G,15.2,0.8,0.8,7,,
,-0.031,10.105,G,13.9,1.5,1.1,25,,
2,0.053,-10.632,G,13.8,1.4,0.4,126,,
,0.003,0.154,G,11.2,3.8,2.8,121,,
,0.005,0.039,G,13.5,1.2,0.4,110,,
,0.002,-0.114,G,13.2,2.0,0.4,29,,
,-0.104,57.871,OCl,,,,,,
,0.105,-57.622,G,14.1,1.8,1.1,165,,
,0.007,-0.226,G,13.2,0.8,0.6,73,,
,0.004,0.135,G,15.2,1.1,0.5,179,,
,-0.141,103.274,G,14.9,0.6,0.5,10,,
,0.190,-109.951,G,14.4,1.4,0.7,137,,
,-0.053,11.989,G,14.5,1.1,0.9,75,,
,0.004,0.752,G,14.7,1.5,0.3,17,,
,-0.043,23.841,PN,10.8,0.1,,,,
,0.039,-19.805,G,14.6,0.9,0.8,122,,
,0.030,-8.571,G,14.2,1.2,1.0,46,,
,0.009,-1.294,G,14.9,0.9,0.8,90,,
,-0.010,3.760,G,14.9,0.8,0.6,102,,
,0.028,-3.540,G,15.2,1.0,0.7,1,,
,-0.011,7.302,G,14.7,0.4,0.3,101,,
,0.010,-3.322,G,14.6,1.1,0.9,59,,
,0.021,-4.447,G,13.7,1.5,1.2,98,,
,0.002,4.005,G,13.1,3.1,1.6,135,,
,-0.003,2.560,G,15.9,0.8,0.2,176,,
,0.056,-11.987,G,14.6,1.1,1.0,170,,
,-0.024,5.230,G,16.1,1.3,0.2,15,,
,0.027,-5.115,G,14.0,1.6,0.7,174,,
,0.004,3.638,G,14.0,1.2,0.7,56,,
,-0.125,84.260,G,14.0,1.4,1.2,164,,
,0.111,-75.735,G,15.1,1.4,0.3,155,,
,0.021,-4.996,G,14.6,1.2,0.5,120,,
,0.004,-0.691,G,14.2,1.5,0.8,19,,
,0.002,0.482,G,15.8,1.1,0.3,69,,
,-0.014,7.395,G,12.3,1.9,1.1,133,,
,0.001,-0.092,G,11.3,2.6,1.9,148,,
,0.030,-7.812,G,13.2,2.0,1.3,111,,
,0.010,-1.813,G,14.1,1.6,1.0,44,,
,-0.003,0.792,G,13.8,1.9,1.1,161,,
,0.015,-1.536,G,13.6,1.9,1.1,89,,
1,0.017,2.610,G,15.7,0.8,0.3,35,,
,0.008,0.232,G,14.8,1.3,1.0,173,,
,0.015,-1.215,G,14.9,0.8,0.3,26,,
,-0.009,5.516,G,12.2,2.4,0.5,9,,
,0.013,0.601,G,14.2,1.0,0.7,14,,
,-0.019,11.617,G,12.7,2.3,0.9,43,,
,0.049,-16.880,G,15.1,1.0,0.6,11,,
,-0.018,6.034,G,12.7,4.0,0.4,135,,
,0.046,-10.974,G,15.8,0.6,0.5,106,,
,-0.078,30.074,Neb,,10.0,6.9,,,
,0.077,-29.462,G,12.6,1.3,0.6,34,,
,-0.012,7.943,G,14.3,1.5,0.6,95,,
,0.031,-3.122,G,14.4,1.1,0.8,167,,
1,-0.011,5.542,G,14.5,1.5,0.5,14,,
,-0.002,1.022,G,15.4,0.9,0.2,77,,
,0.018,-4.330,G,14.2,3.0,0.4,123,,
,0.035,-3.998,G,14.6,1.4,0.9,97,,
,0.005,8.448,G,13.7,1.8,0.8,6,,
,0.087,-17.424,G,15.5,0.7,0.4,72,,
,-0.042,8.465,G,14.7,1.2,0.9,18,,
,0.017,1.888,G,16.5,0.7,0.2,59,,
,0.067,-10.661,G,15.6,0.5,0.4,58,,
,-0.082,15.547,G,14.5,1.3,0.8,45,,
,0.017,-3.658,G,13.3,3.0,0.7,166,,
,0.005,-1.223,G,14.8,1.1,0.5,68,,
,-0.019,5.543,G,14.7,1.1,0.5,25,,
,0.021,-2.754,G,13.2,1.9,1.4,27,,
,0.016,-2.979,G,12.1,3.7,0.8,111,,
,-0.012,5.662,G,12.7,2.5,0.8,145,,
,0.027,-5.719,G,14.7,0.8,0.4,94,,
,0.014,-1.676,G,14.8,1.1,0.5,126,,
,-0.017,5.768,G,14.8,0.9,0.6,165,,
,0.014,-1.962,G,12.6,1.6,1.4,71,,
,-0.018,5.539,G,12.6,2.2,1.2,24,,
,0.025,-6.953,G,13.6,1.4,0.6,63,,
,-0.020,6.987,G,13.7,2.2,1.6,132,,
,0.005,-1.582,G,13.7,1.1,0.7,130,,
,0.081,-16.018,G,14.9,0.9,0.8,153,,
,-0.022,11.583,G,12.4,2.2,1.1,21,,
,-0.000,1.335,G,15.1,1.1,0.3,91,,
,-0.006,3.282,G,14.1,1.6,0.9,168,,
,0.023,-4.362,G,12.0,1.9,1.5,83,,
,-0.065,51.345,PN,11.9,0.0,,,,
,0.117,-56.463,G,15.0,1.0,0.7,142,,
,-0.010,8.726,G,14.9,0.7,0.5,28,,
,0.045,-6.152,G,14.5,1.0,0.3,117,,
1,-0.002,5.263,G,14.2,1.7,0.6,14,,
,0.015,-2.666,G,12.9,1.7,0.9,171,,
,0.073,-10.734,G,14.9,1.2,0.3,167,,
,-0.057,11.755,G,13.8,1.3,1.2,28,,
1,0.002,4.406,G,14.5,1.2,0.6,29,,
,0.020,-3.859,G,13.7,1.8,1.1,32,,
1,0.035,-7.547,G,14.8,1.2,0.6,35,,
,0.011,-1.054,G,14.7,1.0,0.7,150,,
,-0.036,9.794,G,15.5,1.2,0.5,28,,
,0.040,-9.748,G,14.6,1.6,0.5,180,,
1,0.140,-10.235,G,13.6,1.8,0.4,177,,
1,-0.092,16.412,G,13.0,1.6,1.0,164,,
2,0.025,0.118,G,13.6,1.8,1.2,167,,
,0.026,-4.784,G,14.6,1.7,0.9,132,,
,-0.032,8.293,G,14.1,3.8,0.8,8,,
1,-0.013,11.383,G,15.1,0.9,0.7,34,,
,0.024,-1.130,G,14.7,1.4,0.8,54,,
,0.021,-4.810,G,14.6,1.0,0.7,68,,
,0.002,-0.767,G,14.3,1.3,1.0,123,,
,0.003,0.852,G,14.6,1.6,0.3,83,,
,0.015,-6.235,G,15.2,1.5,0.3,43,,
,0.013,5.857,G,14.5,0.9,0.4,81,,
,0.015,-4.041,G,14.3,2.0,0.5,115,,
,-0.001,0.552,G,14.6,1.1,0.9,152,,
,-0.001,0.661,G,14.6,1.0,0.8,2,,
,0.027,-0.349,G,14.6,1.5,0.5,157,,
,0.011,-2.582,G,14.7,1.6,0.4,166,,
,0.020,-2.524,G,14.6,2.0,0.5,114,,
,-0.010,8.845,G,14.2,1.5,0.8,110,,
,0.085,-17.780,G,14.2,1.0,0.8,91,,
,-0.058,15.130,G,14.7,1.1,0.9,100,,
,0.006,0.113,G,11.2,3.0,2.5,2,,
,0.006,-2.201,G,14.7,1.0,0.8,55,,
1,0.065,-13.682,G,14.9,1.8,0.4,4,,
,0.018,-2.283,G,15.7,0.6,0.5,65,,
,-0.060,20.664,G,14.7,0.9,0.5,131,,
1,0.035,-7.135,G,15.4,0.9,0.5,18,,
,0.004,7.113,G,15.7,0.8,0.5,111,,
1,0.085,-18.722,G,14.5,1.0,0.6,5,,
,-0.068,19.244,G,16.2,0.9,0.2,174,,
,0.068,-7.368,G,11.7,3.7,2.5,130,,
,-0.000,2.335,G,16.1,0.7,0.3,18,,
,0.063,-14.074,G,15.2,1.2,0.4,180,,
,0.007,0.269,G,14.8,1.1,0.8,52,,
,-0.042,8.963,G,15.9,1.0,0.3,118,,
,0.012,0.753,G,13.8,1.6,0.9,68,,
,-0.010,8.014,G,16.1,0.5,0.4,1,,
,0.012,-3.338,G,15.0,0.7,0.6,168,,
,-0.003,5.736,G,14.6,1.2,0.8,77,,
,0.017,-6.807,G,15.6,0.5,0.4,117,,
,-0.001,4.877,G,16.1,0.6,0.5,139,,
,0.152,-25.371,G,15.6,1.0,0.4,41,,
,-0.167,40.029,G,14.0,1.6,1.1,127,,
,0.019,-12.803,G,15.9,0.5,0.4,91,,
,0.010,-2.511,G,14.9,1.4,0.9,97,,
,-0.004,2.370,G,14.4,1.1,0.9,175,,
,0.010,-2.001,G,15.3,0.8,0.7,35,,
,0.005,-0.002,G,16.2,0.4,0.3,123,,
,0.016,-3.098,G,15.0,1.4,0.9,36,,
,-0.001,1.989,G,16.6,0.6,0.3,34,,
,0.053,-14.443,G,15.3,0.8,0.4,136,,
1,-0.039,15.195,G,14.5,1.0,0.9,97,,
1,0.003,-0.234,G,16.4,0.9,0.2,164,,
,-0.016,14.287,G,13.9,1.3,1.0,54,,
,0.027,-15.339,G,15.1,1.2,0.4,167,,
,0.140,-23.391,G,16.0,0.9,0.3,33,,
,-0.058,5.625,G,14.4,1.3,0.4,21,,
1,-0.098,33.109,G,11.9,2.3,1.4,135,,
,0.024,-14.271,G,15.5,0.8,0.6,6,,
,0.020,-2.134,G,12.3,2.1,1.3,9,,
,0.063,-14.499,G,14.9,1.6,0.3,27,,
,-0.045,11.881,G,14.1,1.8,0.5,176,,
,0.022,-3.831,G,14.6,1.4,0.7,12,,
,-0.010,5.173,G,14.9,1.7,0.4,1,,
,0.015,-3.956,G,12.7,0.5,0.3,170,,
,0.017,-0.527,G,15.1,0.7,0.4,148,,
1,-0.004,7.087,G,15.6,0.9,0.6,2,,
,-0.002,1.042,G,16.3,0.7,0.3,147,,
,-0.006,4.234,G,12.7,1.3,1.2,8,,
,0.011,-6.071,G,14.6,1.3,0.7,7,,
1,0.280,10.452,G,11.9,2.5,0.9,68,,
,-0.274,-9.147,G,13.9,0.8,0.6,72,,
2,0.016,-3.020,G,15.2,1.4,0.4,39,,
,0.018,-5.688,G,13.8,3.1,0.7,175,,
,-0.015,6.396,G,14.0,0.9,0.2,8,,
,0.023,-7.338,G,15.7,0.6,0.4,70,,
,-0.088,92.045,HII,,3.0,1.0,,,
,0.002,-0.060,Neb,13.0,2.1,1.6,80,,
,0.111,-74.786,G,13.4,1.7,1.7,115,,
,-0.032,-10.116,G,15.3,0.9,0.5,14,,
,0.100,-17.002,G,,0.5,0.3,25,,
1,-0.003,2.173,G,14.5,1.3,0.4,166,,
,-0.066,17.413,G,15.1,1.6,0.5,91,,
,0.087,-18.005,G,16.2,1.0,0.2,156,,
,-0.076,15.884,G,14.3,1.4,0.6,159,,
,0.088,-18.640,G,14.4,1.6,0.6,155,,
,-0.082,17.059,G,13.7,1.2,0.8,143,,
1,0.065,-13.738,G,14.8,0.7,0.6,92,,
,-0.026,5.767,G,15.1,0.8,0.6,37,,
,-0.031,10.878,G,15.2,0.7,0.6,22,,
,0.067,-16.830,G,13.8,1.7,0.4,12,,
,0.001,0.129,G,16.1,0.9,0.3,5,,
,0.011,-0.294,G,13.4,1.0,0.3,16,,
,-0.052,12.544,G,15.8,0.7,0.3,1,,
,0.014,-3.489,GPair,,1.0,,,,
,-0.023,9.138,G,14.4,1.1,1.0,39,,
,0.027,-9.153,G,15.6,0.4,0.3,61,,
1,-0.017,7.453,G,15.4,0.7,0.3,91,,
,0.001,0.963,G,15.0,1.1,0.9,13,,
,0.013,-4.454,G,14.2,1.6,0.6,123,,
,0.070,-12.936,G,12.5,1.1,0.3,136,,
,0.011,-0.159,G,15.2,0.5,0.4,51,,
,-0.071,18.921,G,14.3,1.0,0.9,50,,
,0.004,-0.617,G,15.4,0.9,0.4,115,,
,0.074,-18.283,G,14.9,0.8,0.6,66,,
,-0.059,15.951,G,14.2,2.2,0.9,15,,
,0.002,2.756,G,15.2,1.0,0.7,66,,
1,0.034,-6.271,G,15.3,1.2,0.3,155,,
,0.034,-8.340,G,16.2,0.8,0.4,19,,
,-0.051,25.841,G,11.5,2.9,2.1,129,,
,0.085,-30.515,G,14.5,1.7,0.3,55,,
,-0.025,4.580,G,15.7,0.5,0.4,28,,
,-0.037,13.538,G,14.0,1.4,1.1,96,,
,0.004,0.825,G,14.1,1.2,0.8,158,,
,-0.057,90.177,OCl,7.3,6.0,,,,
,0.060,-20.823,PN,10.5,0.0,,,,
,0.034,-55.040,G,14.0,1.6,1.1,103,,
,0.029,12.293,G,13.2,2.0,1.0,92,,
1,0.040,-28.760,G,15.2,1.0,0.4,28,,
,0.005,-0.025,G,14.2,1.4,0.7,93,,
,0.277,24.947,G,12.9,2.4,0.7,162,,
1,-0.299,4.024,G,13.6,1.4,1.0,62,,
1,0.304,-3.875,G,12.6,2.3,1.4,30,,
,-0.180,-42.991,G,15.6,1.2,0.3,77,,
,-0.003,0.527,G,14.4,1.1,0.7,96,,
,-0.036,6.071,G,15.9,0.8,0.3,178,,
,-0.031,30.070,G,11.8,3.0,1.3,18,,
,0.016,-20.716,G,15.3,1.1,0.5,78,,
1,0.096,-16.710,G,14.4,0.8,0.7,102,,
1,0.006,0.542,G,15.9,0.6,0.5,94,,
,-0.060,15.323,G,13.9,1.0,0.5,175,,
1,-0.021,21.511,G,15.5,1.5,0.3,85,,
,-0.002,2.591,G,12.3,2.3,1.8,148,,
,0.048,-21.035,G,15.0,0.8,0.7,21,,
,0.126,-21.929,G,15.5,0.8,0.5,142,,
,-0.049,9.265,G,14.2,1.4,0.5,118,,
,0.033,-3.923,G,14.9,1.0,0.7,17,,
,0.081,-5.877,G,15.4,1.6,0.2,110,,
,0.058,-1.084,G,15.5,2.4,0.3,75,,
,-0.122,22.597,G,15.3,0.5,0.5,55,,
,0.037,-10.176,G,15.2,1.3,0.8,170,,
2,0.033,-1.891,G,13.6,0.6,0.3,40,,
,0.000,-0.013,G,13.0,1.3,0.4,144,,
,-0.024,10.218,G,15.7,0.9,0.5,45,,
,-0.004,0.304,G,14.7,1.4,0.6,25,,
,0.009,-0.098,G,15.9,0.6,0.4,122,,
,0.007,-0.499,G,16.0,1.0,0.3,119,,
,0.017,-0.823,G,15.8,1.3,0.2,158,,
,0.020,-6.567,G,13.5,1.5,0.7,73,,
1,0.091,-11.670,G,15.2,0.8,0.6,9,,
1,-0.076,11.603,G,13.3,1.1,0.8,43,,
,-0.019,8.100,G,16.4,0.8,0.2,20,,
,0.068,-14.915,G,15.5,0.6,0.4,99,,
,0.002,-0.011,G,15.3,0.8,0.4,71,,
2,0.014,0.109,G,15.8,0.6,0.5,70,,
,-0.071,33.385,GPair,,1.2,,,,
,-0.036,32.793,G,15.0,1.3,0.8,83,,
,0.119,-66.167,G,15.6,0.7,0.4,59,,
,-0.005,2.588,G,11.3,7.2,1.3,140,,
,0.025,-1.939,G,13.2,2.1,0.7,57,,
,0.003,0.116,G,13.2,2.2,0.4,6,,
,-0.013,2.579,G,15.2,0.8,0.4,28,,
3,-0.029,10.757,G,15.6,0.9,0.6,13,,
,0.059,-13.947,G,15.5,0.9,0.2,79,,
2,-0.046,14.567,G,12.4,2.7,1.9,120,,
,0.010,-0.163,G,14.3,1.3,0.7,54,,
,-0.014,27.385,G,13.6,1.5,0.9,149,,
,0.088,-43.300,G,15.2,0.7,0.3,30,,
1,-0.109,115.625,HII,,40.0,30.0,,,
,0.162,-114.290,G,14.2,1.1,0.9,36,,
,-0.154,116.214,HII,8.0,60.0,50.0,,Pelican Nebula,
,0.172,-117.045,G,13.3,3.2,0.6,17,,
,0.010,-0.345,G,15.6,0.8,0.4,107,,
,0.024,0.300,G,14.9,1.2,0.9,50,,
,-0.039,9.535,G,14.6,0.7,0.5,168,,
,0.060,-8.715,G,14.6,1.1,0.5,148,,
,-0.151,119.264,RfN,,7.0,7.0,,,
,0.222,-121.037,G,15.7,0.7,0.5,94,,
,-0.106,56.823,G,12.7,3.2,0.6,86,,
1,0.001,36.032,G,15.3,0.5,0.4,45,,
2,0.021,-7.450,G,15.3,0.8,0.6,30,,
,0.090,-75.054,G,13.6,1.7,1.1,137,,
,0.070,-10.813,G,15.3,0.7,0.5,31,,
,-0.082,44.334,G,12.8,1.8,1.6,41,,
,0.097,-44.005,G,15.0,1.5,0.4,95,,
,-0.082,50.895,G,14.5,1.4,1.1,96,,
,0.025,19.016,G,16.1,0.6,0.3,28,,
,0.010,1.830,G,14.5,0.8,0.3,17,,
,0.102,-68.620,G,15.9,0.6,0.5,158,,
,-0.023,6.188,G,13.0,2.8,2.4,33,,
,0.042,-6.157,G,16.0,0.8,0.3,125,,
,-0.016,4.194,G,14.6,1.2,0.5,154,,
,-0.007,6.480,G,15.4,0.9,0.4,72,,
,0.016,-3.813,G,13.3,3.5,0.7,149,,
2,0.058,-7.222,G,15.4,0.7,0.3,6,,
,-0.002,5.050,G,14.6,1.1,0.2,114,,
,0.003,0.097,G,13.3,1.1,0.9,2,,
,0.072,-7.474,G,14.8,1.1,0.5,113,,
,0.050,-0.760,G,15.1,1.1,0.8,57,,
,-0.129,95.312,G,13.8,1.5,0.4,172,,
,0.048,-61.780,G,11.6,3.0,1.6,44,,
,0.071,-30.297,G,14.4,1.5,1.2,145,,
,-0.006,5.099,G,15.2,1.0,0.4,4,,
,0.077,-6.924,G,15.1,1.1,0.4,104,,
,0.014,-1.452,G,14.7,0.9,0.7,168,,
,-0.050,14.110,G,13.3,1.4,1.0,52,,
,-0.042,62.476,G,15.1,0.8,0.7,2,,
3,0.046,9.290,G,15.8,0.7,0.4,109,,
,0.102,-82.747,G,13.9,1.5,1.3,34,,
,-0.076,115.580,PN,11.5,0.0,,,,
,0.162,-115.980,G,15.5,1.2,0.3,45,,
,-0.138,93.221,G,15.3,0.8,0.2,153,,
2,0.097,-44.245,G,16.4,0.7,0.4,55,,
,0.084,-50.014,G,14.5,1.5,0.6,17,,
,-0.082,49.994,G,16.6,0.5,0.2,134,,
,0.032,-30.347,G,14.1,0.8,0.7,105,,
,-0.022,46.428,G,15.7,0.4,0.3,10,,
1,0.045,-32.622,G,14.1,1.0,0.6,128,,
,0.076,-26.420,G,15.3,0.6,0.5,16,,
,0.044,-8.609,G,14.5,1.6,0.6,108,,
,-0.050,39.113,G,12.3,1.6,1.5,36,,
,-0.079,101.052,Neb,,,,,,
,0.002,0.013,Neb,,,,,,
,0.003,-0.078,Neb,,7.6,,,,
3,0.173,-135.057,G,14.1,1.2,0.8,125,,
,-0.049,37.959,G,13.4,2.2,1.0,32,,
,0.064,-36.336,G,15.2,2.2,0.3,137,,
,-0.016,7.837,G,13.5,1.5,1.2,25,,
,0.034,-6.016,G,14.5,1.7,1.0,73,,
1,-0.019,80.547,G,15.5,0.8,0.6,92,,
,0.003,0.120,G,14.6,1.6,0.8,171,,
,-0.015,32.110,Cl+N,7.2,10.0,10.0,,Cocoon Nebula,
,0.100,-112.717,G,15.1,1.6,0.7,29,,
,0.002,26.064,PN,11.0,2.3,,,,
,-0.010,11.972,G,14.4,1.4,0.5,31,,
1,-0.002,31.175,G,15.3,0.3,0.2,0,,
,0.064,-55.057,G,10.7,5.1,3.6,103,,
,-0.038,69.160,G,,0.2,0.1,65,,
,0.068,-83.976,G,15.8,0.9,0.6,4,,
1,-0.021,32.274,G,12.2,2.3,0.8,175,,
,0.003,-1.104,G,13.4,2.0,1.8,56,,
,0.050,-32.575,G,15.2,1.0,0.6,64,,
1,-0.056,78.442,G,15.5,0.9,0.5,21,,
,0.043,-1.285,G,15.7,0.7,0.3,16,,
,0.040,-62.354,G,15.1,1.1,0.6,134,,
2,0.035,-11.864,G,14.8,1.5,0.5,43,,
2,-0.023,36.722,G,15.6,1.3,0.4,141,,
,0.023,-8.233,G,14.3,2.0,0.9,24,,
,0.039,-11.133,G,13.3,1.9,0.8,26,,
,-0.026,1.141,G,13.5,0.7,0.5,153,,
,-0.017,58.899,G,15.9,0.7,0.2,87,,
,0.080,-82.184,GPair,,2.8,,,,
,-0.033,31.195,G,15.0,0.8,0.7,149,,
,0.001,0.044,G,14.6,1.6,0.5,87,,
,0.036,-28.722,G,13.6,4.5,0.6,28,,
,-0.056,78.645,G,15.2,0.8,0.4,9,,
,0.016,-34.750,G,14.7,1.0,0.6,91,,
,0.060,-13.890,G,12.0,1.0,0.5,61,,
,-0.082,75.771,G,14.7,1.4,1.2,146,,
,0.036,-84.945,G,11.5,2.6,0.9,73,,
,0.045,-19.437,G,15.3,0.8,0.6,136,,
2,0.027,-0.402,G,14.9,0.6,0.5,70,,
,0.018,29.055,G,11.9,2.1,1.4,92,,
,-0.008,-22.805,G,14.7,0.6,0.6,16,,
,0.002,-0.034,G,13.8,1.3,1.1,9,,
1,0.010,-0.242,G,14.9,0.9,0.7,127,,
,-0.066,97.183,G,14.9,1.1,0.2,65,,
,0.003,-0.029,G,16.4,0.5,0.3,162,,
,0.008,-0.028,G,15.5,0.8,0.7,178,,
2,0.074,-102.648,G,15.4,1.5,0.3,100,,
,-0.006,5.269,G,15.0,1.1,0.6,34,,
1,-0.004,22.602,G,14.9,1.9,0.3,153,,
,0.045,-28.232,G,16.0,0.7,0.4,124,,
,-0.022,19.730,G,11.4,6.7,2.9,22,,
,0.033,-19.767,G,14.7,1.6,0.6,128,,
,-0.006,6.030,G,14.8,1.1,0.7,12,,
1,0.004,-0.014,G,16.0,0.6,0.4,20,,
,0.021,-7.071,G,15.3,1.0,0.6,29,,
,-0.009,6.293,G,15.2,1.2,0.7,178,,
,0.018,-4.662,G,14.8,1.9,0.3,62,,
,-0.024,27.234,G,15.6,0.7,0.5,127,,
,-0.011,19.123,G,14.1,1.1,0.9,80,,
,0.004,-0.010,G,14.7,0.8,0.6,158,,
,0.013,-19.158,G,14.7,1.0,0.6,40,,
,0.026,-22.439,G,15.8,0.7,0.4,131,,
1,0.031,-5.505,G,15.7,0.7,0.5,180,,
1,-0.050,116.949,PN,11.3,0.1,,,,
,0.069,-111.362,G,15.1,1.3,0.5,22,,
,0.011,-5.499,G,16.0,0.9,0.6,16,,
,-0.012,6.171,G,15.1,1.2,0.4,112,,
,0.016,-6.182,G,15.9,0.5,0.4,59,,
,0.016,0.244,G,12.8,2.0,0.9,92,,
,-0.003,73.650,G,15.8,0.7,0.3,4,,
,0.012,-53.985,G,14.3,1.6,0.4,165,,
1,0.034,20.334,G,13.4,2.0,1.5,35,,
,0.026,-39.036,G,14.0,1.2,0.9,176,,
1,0.013,3.317,G,15.1,0.6,0.5,70,,
,0.013,-0.167,G,15.2,1.1,0.4,43,,
,-0.027,84.887,G,15.1,0.7,0.6,65,,
,0.060,-92.211,G,15.4,0.7,0.5,3,,
,-0.018,94.635,G,14.8,0.9,0.8,16,,
,0.061,-91.588,G,15.3,1.2,0.5,147,,
,0.020,-0.755,G,12.4,0.6,0.3,84,,
,0.002,-0.038,G,15.4,0.8,0.6,64,,
1,-0.000,5.860,G,15.8,0.7,0.4,63,,
,-0.173,22.731,G,15.3,1.3,0.6,53,,
,0.179,-6.740,G,11.7,3.2,2.2,96,,
,-0.004,47.407,G,14.9,0.9,0.7,174,,
,-0.006,20.767,G,14.7,0.8,0.7,174,,
,0.002,-0.032,G,14.5,0.7,0.6,16,,
,0.047,-87.418,G,13.7,2.9,0.5,174,,
,0.012,-1.315,G,15.1,0.8,0.7,114,,
,0.029,0.460,G,14.7,1.0,0.7,154,,
,0.003,-0.376,G,15.0,1.4,0.4,124,,
1,0.004,0.442,G,14.4,4.4,0.4,12,,
,0.004,-0.227,GPair,,3.5,,,,
1,0.013,-3.844,G,13.8,1.3,0.8,173,,
,-0.044,90.711,G,15.5,0.9,0.4,164,,
,0.009,-0.682,G,15.6,0.7,0.3,80,,
1,0.062,-89.817,G,14.4,1.2,0.5,17,,
,0.042,1.271,G,15.2,0.7,0.5,18,,
,-0.012,90.501,G,14.1,1.0,0.6,102,,
,0.062,13.591,G,14.7,1.1,0.8,79,,
1,-0.014,-57.035,G,13.9,1.4,1.3,21,,
,0.015,-13.525,G,13.2,1.4,0.7,179,,
,0.048,-35.164,G,14.2,1.6,0.7,147,,
,-0.022,32.498,G,13.3,2.4,0.5,80,,
1,0.024,-28.576,G,14.7,1.9,0.5,33,,
,-0.018,21.734,G,10.4,5.6,4.1,138,,
1,0.008,7.370,G,12.2,1.8,0.8,51,,
,0.003,0.168,G,12.9,3.3,1.8,105,,
,0.002,2.116,G,11.5,3.0,1.2,140,,
,0.025,-31.452,G,14.8,1.1,0.8,33,,
,-0.001,27.491,G,11.4,3.1,2.0,46,,
,-0.017,56.622,G,15.2,0.9,0.8,109,,
1,0.004,-0.099,G,15.1,0.8,0.3,45,,
,0.055,-84.018,G,15.3,0.6,0.5,41,,
,-0.029,57.019,G,15.5,1.2,0.4,88,,
,0.047,-61.031,G,14.3,0.8,0.7,32,,
,0.013,4.002,G,15.1,1.3,0.5,4,,
1,-0.017,87.082,G,15.1,1.1,0.5,174,,
,0.008,-12.980,G,13.9,1.1,0.6,105,,
,0.058,10.228,G,14.8,1.1,0.4,140,,
,0.003,3.814,G,13.0,1.3,0.7,88,,
,0.049,-91.189,G,16.2,1.0,0.2,114,,
,-0.009,69.010,G,14.8,0.9,0.4,40,,
,0.040,-68.851,G,14.8,0.9,0.8,84,,
,-0.008,35.640,GPair,,0.7,,,,
,0.027,8.985,G,13.6,1.1,0.7,67,,
,0.013,32.711,G,15.7,0.3,0.3,165,,
,0.002,4.446,G,15.3,0.7,0.6,90,,
,0.016,11.453,G,15.8,0.7,0.5,167,,
1,0.012,-0.021,G,16.0,0.6,0.6,46,,
,0.004,-0.025,G,15.5,0.8,0.5,37,,
,0.004,-0.070,G,15.9,0.6,0.6,151,,
,0.001,0.532,G,14.9,0.8,0.7,161,,
,0.005,-4.701,G,,0.4,0.2,20,,
,0.004,-0.028,G,15.6,0.8,0.5,130,,
,0.041,-90.390,G,15.4,1.1,0.6,87,,
,0.010,4.994,G,15.0,1.2,0.4,24,,
1,-0.012,54.309,G,14.3,1.5,0.9,18,,
,-0.013,20.559,G,15.6,0.4,0.2,120,,
,0.001,-0.054,G,14.0,0.7,0.3,83,,
,0.003,-0.010,G,17.1,0.3,0.3,40,,
1,0.014,-2.127,G,13.6,1.3,0.6,25,,
,0.027,-30.258,G,15.4,0.5,0.4,7,,
1,0.003,41.467,G,15.0,0.3,0.3,105,,
1,0.002,-0.007,G,15.6,0.7,0.7,5,,
,0.003,6.074,G,14.6,0.9,0.8,136,,
,0.010,-4.182,G,16.2,0.6,0.4,118,,
,0.026,-0.039,G,15.0,0.8,0.6,5,,
1,0.023,-7.167,G,15.8,0.7,0.6,1,,
,0.059,-81.757,G,15.2,0.6,0.6,113,,
,-0.034,49.804,G,14.0,1.3,0.8,46,,
,0.036,-49.805,G,15.3,0.8,0.5,77,,
,-0.015,-0.054,G,14.1,1.6,1.0,32,,
,0.012,-0.006,G,14.0,1.3,1.1,34,,
,0.007,26.488,G,11.3,2.9,2.6,8,,
,0.014,12.502,G,15.1,1.0,0.5,116,,
1,0.062,-16.185,G,11.4,3.0,1.8,41,,
,-0.002,66.253,G,15.6,1.4,0.3,109,,
1,0.004,-0.107,G,15.0,1.2,0.4,17,,
,0.017,-57.231,G,10.0,6.1,5.8,0,,
1,0.003,31.567,G,14.3,1.9,0.6,125,,
,0.019,-62.863,G,15.1,1.1,0.5,137,,
,0.009,88.495,GPair,,0.9,,,,
,0.002,0.053,G,14.7,1.0,0.3,2,,
,0.001,-0.005,G,13.7,1.3,0.9,26,,
,0.027,-89.588,G,14.7,1.1,0.9,106,,
1,0.006,95.427,G,15.7,0.2,0.2,25,,
,0.003,0.026,G,15.4,0.8,0.6,26,,
,0.012,-49.508,G,14.2,0.9,0.7,15,,
1,0.003,0.084,G,14.2,0.7,0.5,155,,
,0.026,47.363,G,15.9,0.6,0.3,98,,
,0.009,-0.064,G,15.9,0.7,0.6,112,,
1,0.079,-52.891,GPair,,1.1,,,,
,0.014,0.047,G,13.7,1.0,0.8,55,,
,0.002,25.645,G,14.6,1.7,0.8,40,,
,-0.000,0.032,G,16.6,0.5,0.3,66,,
,0.002,-25.828,G,13.1,1.8,1.0,128,,
,0.000,-0.027,G,15.0,0.9,0.6,65,,
,-0.003,60.919,G,14.3,1.0,0.8,11,,
,0.002,-35.134,G,15.0,1.0,0.5,42,,
,-0.000,0.050,G,14.0,1.6,0.9,154,,
,0.006,-25.840,G,12.6,1.5,1.0,114,,
,-0.002,25.824,G,15.7,1.2,0.3,139,,
2,0.066,-26.048,G,12.8,1.6,1.4,40,,
1,0.080,-0.658,GPair,,1.5,,,,
2,0.037,51.472,G,16.8,0.6,0.4,52,,
1,0.020,10.253,G,15.2,0.9,0.5,86,,
,-23.994,0.036,G,14.8,0.8,0.7,115,,
,0.001,0.094,G,15.7,0.5,0.5,147,,
,0.001,-0.039,G,15.6,0.4,0.3,10,,
,0.003,-0.011,G,15.1,0.7,0.5,154,,
,0.010,-28.282,G,15.4,0.7,0.6,16,,
,-0.000,0.041,G,15.2,0.9,0.5,1,,
,0.004,29.985,G,14.6,1.6,0.4,4,,
,0.013,-17.936,G,15.6,0.9,0.5,0,,
,0.009,0.058,GPair,,1.5,,,,
,0.001,-0.048,G,15.7,0.6,0.3,65,,
,0.002,-82.787,G,15.5,0.8,0.4,132,,
,0.006,82.153,G,14.8,1.2,0.4,52,,
,0.004,-81.163,G,15.3,0.8,0.8,29,,