1,0.184,-12.823,G,15.5,1.0,0.3,142,,,Cet,Sb,23.4
,0.018,12.408,G,14.8,0.9,0.7,53,,,Psc,E,23.5
,0.022,17.901,G,14.1,1.2,0.8,12,,,Peg,Sc,23.0
,0.069,-27.029,G,14.6,1.0,0.7,9,,,Cet,E,23.4
,0.022,6.267,G,14.6,1.2,1.1,146,,,Psc,E,23.9
,-0.000,13.871,G,14.6,0.9,0.6,174,,,Psc,S0,23.2
,0.002,-13.817,G,15.2,0.8,0.3,129,,,Psc,E?,23.4
,0.012,-10.900,G,15.4,0.6,0.5,122,,,Cet,Sa,22.9
,0.009,73.426,G,10.3,6.8,6.0,129,,,Cas,IB,24.5
1,-0.000,-61.957,G,15.1,1.0,0.3,20,,,Psc,Sbc,22.9
,0.001,10.353,G,14.9,1.3,0.5,162,,,Psc,Sbc,23.5
1,0.127,-7.761,G,15.9,0.4,0.4,91,,,Cet,SBb,22.9
,0.003,-13.033,G,15.2,0.6,0.3,62,,,Cet,S0-a,23.0
,0.006,15.743,G,14.8,0.7,0.5,102,,,Cet,E?,23.0
,0.001,-14.236,G,15.0,1.1,0.4,29,,,Cet,Sb,23.6
,0.002,-0.054,G,15.2,0.8,0.7,30,,,Cet,E,23.5
,-0.000,-1.369,G,14.9,0.9,0.8,18,,,Cet,S0,23.4
,0.008,12.846,G,15.5,0.5,0.5,6,,,Cet,SBb,23.0
,0.007,-8.917,G,14.7,0.8,0.4,45,,,Cet,S0,23.1
,0.021,-3.639,G,15.1,0.8,0.8,20,,,Cet,E,23.5
1,0.006,12.313,G,15.3,0.9,0.4,34,,,Cet,S0-a,23.7
1,0.032,-12.965,G,15.8,0.6,0.3,148,,,Cet,,23.4
,0.000,-0.084,G,15.6,0.3,0.2,85,,,Cet,E,
,0.018,11.278,G,15.8,0.7,0.5,160,,,Cet,E,23.8
,0.001,0.093,G,15.2,0.7,0.4,23,,,Cet,S0-a,23.7
,0.003,14.353,G,15.6,1.2,0.2,90,,,Psc,Sab,23.9
,0.010,-14.410,G,16.1,0.6,0.4,1,,,Cet,S0-a,23.6
,0.001,0.004,G,15.3,0.8,0.6,123,,,Cet,,23.6
,0.008,11.262,G,13.8,2.8,1.1,156,,,Psc,SBa,24.3
,0.035,1.234,G,15.0,0.9,0.7,18,,,Psc,Sc,23.4
,0.002,-25.799,G,15.5,0.3,0.3,60,,,Cet,,
,0.013,0.082,G,16.2,0.7,0.4,158,,,Cet,SBbc,23.4
,0.001,-0.061,G,15.0,0.8,0.6,65,,,Cet,Sc,22.9
1,0.012,17.876,G,15.0,1.1,0.4,14,,,Cet,Sb,23.3
,0.005,-16.630,G,15.2,0.7,0.5,162,,,Cet,,23.2
,0.024,-1.254,G,15.4,0.8,0.5,56,,,Cet,SABc,23.2
,0.021,45.070,G,13.2,1.3,1.1,87,,,And,SABc,23.1
2,0.010,-2.389,G,14.3,0.8,0.6,82,,,And,E-S0,22.8
,-0.001,-40.994,G,16.1,0.4,0.2,100,,,Cet,,
,0.011,5.554,G,13.2,1.1,0.9,172,,,Cet,S0,23.0
,0.006,10.037,G,13.8,1.3,1.0,77,,,Cet,SABc,23.4
,0.036,-11.353,G,14.7,1.0,0.9,169,,,Cet,E,23.7
,0.005,-3.939,G,13.8,1.7,1.1,55,,,Cet,S0,23.6
,0.034,17.534,G,15.3,0.9,0.4,96,,,Psc,Sb,23.4
,0.038,6.508,G,15.3,0.9,0.6,94,,,Psc,E-S0,23.8
1,0.017,-2.881,G,15.0,0.6,0.3,175,,,Psc,Sa,22.1
,-0.004,-20.563,G,15.1,0.8,0.7,116,,,Cet,SABc,23.2
,0.055,24.685,G,15.5,1.0,1.0,10,,,Psc,S0,24.3
,0.004,-25.519,G,15.5,0.8,0.5,105,,,Cet,E-S0,23.7
,0.041,74.822,RfN,,10.0,5.0,,,,Cas,,
,-0.023,-74.502,G,15.8,1.0,0.8,48,,,Cet,Sc,24.1
,0.017,20.865,G,15.2,1.3,1.3,175,,,Psc,S0,24.6
,0.027,4.301,G,15.0,0.8,0.5,25,,,Psc,Sbc,22.9
,0.012,49.104,HII,13.3,10.0,3.0,,,,Cas,,
,-0.001,-33.853,G,14.0,1.0,0.7,148,,,Psc,S0,23.9
,0.025,20.623,G,13.6,2.6,0.7,154,,,And,Sbc,23.4
,-0.006,-16.885,G,14.1,1.2,0.4,124,,,Psc,Sa,23.7
2,0.014,0.244,G,14.7,0.8,0.4,71,,,Psc,SABb,23.0
,-0.005,-30.990,G,16.8,0.4,0.2,147,,,Cet,S0-a,23.6
2,0.063,4.716,G,15.4,0.6,0.5,149,,,Psc,,23.2
,0.018,-0.677,G,15.6,0.6,0.5,5,,,Psc,E-S0,23.1
,0.021,6.747,G,15.0,0.7,0.5,31,,,Psc,Sb,22.8
,0.017,-15.392,G,15.4,0.8,0.4,116,,,Cet,S0-a,23.5
,0.008,-10.866,G,15.0,0.5,0.4,90,,,Cet,S0,23.6
,0.002,-0.424,G,15.2,1.8,0.8,126,,,Cet,Sa,24.6
,0.000,-0.104,G,14.9,1.2,0.9,158,,,Cet,E-S0,24.1
,0.000,0.541,GPair,,1.2,,,,,Cet,,
,0.009,13.712,G,14.5,1.2,0.9,145,,,Cet,E?,23.6
,-0.004,-14.304,G,14.8,0.9,0.8,93,,,Cet,S0,23.3
,0.023,17.689,G,15.2,0.7,0.5,114,,,Cet,,23.2
,0.015,-0.049,G,15.2,0.7,0.4,12,,,Cet,S0-a,23.1
1,0.035,-17.882,G,15.3,0.7,0.3,142,,,Cet,S0-a,23.3
,0.013,17.007,G,15.4,0.7,0.6,66,,,Cet,Sbc,23.2
,0.004,0.027,G,18.1,0.5,0.4,129,,,Cet,Sbc,23.1
1,0.033,-8.769,G,14.8,1.2,1.1,146,,,Cet,E,24.1
,0.036,10.531,G,16.5,0.7,0.3,64,,,Cet,,24.3
1,0.006,-19.614,G,13.6,1.2,0.6,171,,,Cet,Sb,22.9
1,0.005,4.486,G,16.2,0.6,0.5,54,,,Cet,,23.7
,0.021,42.191,G,14.7,0.8,0.3,44,,,Psc,Sbc,22.5
1,0.006,-42.222,G,16.3,0.7,0.6,55,,,Cet,,23.9
,0.025,-0.348,G,15.8,0.6,0.5,54,,,Cet,Sc,23.1
,0.008,8.310,G,14.5,1.0,0.8,88,,,Cet,E-S0,23.4
,0.020,14.574,G,15.0,1.2,0.6,124,,,Psc,Sb,23.8
,0.005,-0.044,G,15.6,0.8,0.4,111,,,Psc,S0-a,23.6
,0.003,-7.843,G,15.4,0.9,0.7,128,,,Cet,E-S0,23.9
1,0.003,0.031,G,15.6,0.6,0.3,47,,,Cet,S0-a,23.3
1,0.011,12.790,G,14.2,1.6,1.3,6,,,Psc,E,24.1
,-0.013,-27.501,G,15.5,1.3,0.4,4,,,Cet,Sc,23.7
,0.009,14.702,G,14.9,0.8,0.6,70,,,Cet,S0,23.1
2,0.014,9.377,G,14.2,0.7,0.4,127,,,Psc,Sd,21.6
,0.006,7.749,G,,0.3,0.3,160,,,Psc,,
,-0.000,-9.282,G,15.6,1.4,0.6,154,,,Psc,S0,24.9
,0.008,9.305,G,14.0,0.8,0.8,80,,,Psc,E,23.5
,-0.001,-24.197,G,14.6,0.9,0.6,125,,,Cet,Sbc,22.7
1,0.013,-0.015,G,15.8,0.7,0.6,31,,,Cet,E,23.9
,0.005,2.957,G,15.2,1.2,0.6,77,,,Cet,S0-a,24.0
,0.005,0.124,G,15.1,0.9,0.3,138,,,Cet,S0,23.7
,0.003,4.429,G,14.2,1.0,0.6,108,,,Cet,Sbc,22.6
,-0.003,-17.352,G,16.0,0.7,0.3,14,,,Cet,S0-a,23.6
,0.011,17.285,G,15.2,0.7,0.5,44,,,Cet,E,23.2
1,0.007,-15.726,G,16.2,0.6,0.6,53,,,Cet,,23.5
,0.009,11.296,G,15.7,0.9,0.8,30,,,Cet,,24.0
,-0.000,-4.996,G,9.2,1.7,0.5,110,,,Cet,Sb,23.5
,0.026,-5.644,G,15.3,0.8,0.6,165,,,Cet,SBc,23.3
,0.002,-0.030,G,15.3,1.2,0.6,63,,,Cet,S0-a,24.3
,-0.000,-2.938,G,15.5,0.8,0.6,27,,,Cet,S0,23.5
,0.029,46.345,HII,12.5,0.3,,,,,Tri,,
,0.000,0.193,HII,14.8,0.7,0.6,,,,Tri,,
,0.000,-0.058,HII,18.4,0.5,0.5,,,,Tri,,
1,0.017,-0.268,HII,,0.4,,,,,Tri,,
2,-0.020,-31.310,G,14.7,1.1,0.7,23,,,Cet,SABc,23.4
2,-0.003,-14.125,G,14.3,1.2,0.9,5,,,Cet,Sbc,23.3
,0.017,45.573,HII,14.2,0.5,,,,,Tri,,
,0.005,0.018,HII,11.4,0.3,,,,,Tri,,
,0.058,-44.091,G,15.7,0.7,0.7,46,,,Cet,E,24.0
,0.016,14.056,G,15.4,0.7,0.5,6,,,Cet,Sb,23.2
1,0.023,-15.604,G,15.2,0.8,0.4,58,,,Cet,Sc,23.0
,0.040,28.840,G,13.8,1.8,0.6,45,,,Psc,I,23.1
,0.000,-30.277,G,14.4,1.3,0.4,82,,,Cet,Sbc,22.8
,0.009,20.500,G,14.9,0.9,0.5,137,,,Psc,Sb,23.0
3,0.039,6.449,G,14.8,1.2,0.2,66,,,Psc,Sb,22.9
1,0.003,-0.096,G,14.9,1.5,1.3,105,,,Psc,Sa,24.5
1,0.007,-17.489,G,15.9,0.7,0.5,140,,,Cet,,23.7
,0.009,-1.701,G,14.2,1.4,0.8,28,,,Cet,SBb,23.1
,0.001,-4.611,G,14.9,1.3,0.9,85,,,Cet,E-S0,24.2
,0.037,23.756,G,14.3,0.9,0.5,67,,,Psc,S0-a,22.9
,0.003,0.014,G,14.5,1.3,1.3,85,,,Psc,S0,23.8
,0.006,10.189,G,13.3,1.6,0.7,90,,,Ari,SBd,23.1
,-0.002,-24.615,G,14.0,1.6,1.4,167,,,Cet,E,23.9
1,0.054,65.757,OCl,11.7,7.5,,,,,Cas,,
,-0.021,-39.940,G,13.3,1.6,0.9,107,,,Ari,Sc,22.9
,-0.011,-30.436,G,14.8,1.1,0.4,104,,,Cet,S0-a,23.5
,0.003,-4.157,G,15.8,0.7,0.5,76,,,Cet,E-S0,23.8
,0.022,4.162,G,15.3,0.8,0.6,92,,,Cet,E,23.6
,0.054,43.800,G,13.7,2.3,1.9,107,,,Tri,S0-a,24.2
,-0.005,-34.471,G,14.7,0.5,0.4,95,,,Cet,SBbc,22.2
,0.018,0.474,G,14.1,0.9,0.7,90,,,Cet,SBbc,23.4
,0.005,2.477,G,14.5,1.5,1.0,97,,,Psc,S0,24.1
,0.001,-2.430,G,15.7,0.5,0.5,9,,,Cet,,23.1
,0.009,-3.351,G,14.9,1.8,0.4,94,,,Cet,Sc,23.6
,0.002,1.929,G,15.5,0.5,0.5,11,,,Cet,Sbc,22.8
,0.032,36.765,G,13.3,0.9,0.8,159,,,And,Sab,22.6
,0.021,1.346,G,12.6,1.1,0.9,111,,,And,E,22.7
,-0.003,-14.417,G,15.3,0.8,0.3,150,,,Ari,Sb,23.0
,0.001,0.055,G,15.8,0.6,0.5,55,,,Ari,,23.4
,-0.003,-16.247,G,14.5,1.1,0.7,36,,,Psc,Sb,23.3
,-0.005,-12.759,G,14.9,1.2,0.4,98,,,Cet,S0,23.9
,0.005,-1.493,G,13.9,1.1,0.6,178,,,Cet,SBa,23.4
,0.004,5.312,G,15.7,0.8,0.3,82,,,Cet,Sab,23.5
,0.005,-0.024,GTrpl,,1.1,,,,,Cet,,
,0.018,28.033,G,13.8,2.2,0.7,70,,,Tri,Sa,23.8
,0.005,0.066,G,14.4,0.5,0.3,46,,,Tri,SABc,21.3
,0.001,-2.996,G,14.8,0.8,0.7,86,,,Ari,SBc,23.2
,0.004,-0.001,G,15.0,0.2,0.2,95,,,Ari,E,
1,0.007,-7.536,G,14.8,0.9,0.7,148,,,Ari,S0,23.5
,-0.000,-4.921,G,14.6,1.4,1.0,154,,,Ari,Sc,23.6
,0.009,-8.479,G,15.2,1.9,0.3,14,,,Psc,Sb,24.0
,0.011,12.095,G,13.2,1.5,0.7,135,,,Ari,S0,23.6
,0.002,0.030,G,14.1,2.5,0.7,9,,,Ari,Sab,24.1
,0.004,-11.952,G,14.2,1.0,0.5,54,,,Psc,Sbc,22.7
,0.033,6.509,G,14.8,1.0,0.6,51,,,Psc,Sbc,23.2
,0.004,-0.069,G,15.3,1.3,0.6,24,,,Psc,Sab,24.1
,-0.014,21.948,G,12.8,1.4,1.1,92,,,Tri,Sb,23.2
,0.030,-22.060,G,16.8,0.5,0.5,60,,,Cet,,23.9
,0.004,0.053,G,15.2,1.4,0.4,131,,,Cet,Sb,23.8
,-0.000,-0.045,G,16.9,0.6,0.5,10,,,Cet,,24.5
,-0.001,-10.553,G,15.8,0.6,0.4,155,,,Cet,Sab,23.0
,0.000,-0.661,G,14.8,0.9,0.8,40,,,Cet,Sa,23.2
,0.035,-4.877,G,14.3,1.2,0.4,130,,,Cet,S0,23.4
,0.002,0.046,G,14.5,1.8,0.5,98,,,Cet,S0-a,24.4
,-0.020,13.317,G,14.7,1.3,1.1,168,,,Cet,Sbc,23.9
,0.009,-13.454,G,13.8,1.5,1.0,82,,,Cet,SBbc,23.1
,0.008,-2.621,G,13.8,2.4,0.7,66,,,Cet,SBbc,23.4
,0.028,13.532,G,14.1,1.7,0.8,56,,,Cet,SABc,23.3
,0.041,12.742,G,15.8,0.8,0.5,84,,,Ari,Sbc,23.7
,0.008,-0.138,G,13.2,1.4,1.0,148,,,Ari,SABb,24.5
,-0.000,-11.283,G,14.2,0.6,0.5,65,,,Cet,Sbc,22.1
,0.001,-11.979,G,15.6,0.8,0.2,78,,,Cet,Sb,23.0
,0.029,4.791,G,15.9,0.5,0.3,25,,,Cet,S0-a,23.1
,0.005,-9.912,G,15.1,2.0,0.5,35,,,Cet,Sc,23.8
,0.015,13.209,G,15.6,0.9,0.3,75,,,Cet,Sbc,23.3
,0.026,-8.185,G,14.4,1.6,1.2,177,,,Cet,E,24.3
,0.009,-5.879,G,15.1,0.7,0.3,34,,,Cet,Sb,22.9
,0.058,41.039,G,13.8,1.5,1.2,16,,,Tri,Sc,23.3
,0.002,-16.619,G,15.1,0.8,0.7,42,,,Ari,SABa,23.4
,-0.013,-32.384,G,14.1,1.1,0.6,143,,,Cet,IB,22.5
,0.046,8.182,G,15.0,0.9,0.6,130,,,Cet,Sab,23.2
,0.028,13.725,G,14.8,1.0,0.9,158,,,Cet,E,23.4
,0.022,27.048,G,16.0,0.8,0.7,55,,,Tri,E,23.9
,0.005,-0.034,G,15.4,2.0,1.8,80,,,Tri,E,25.8
2,0.012,-39.006,G,15.5,0.6,0.4,87,,,Cet,S0-a,23.4
,0.019,12.010,G,15.1,0.7,0.3,162,,,Cet,S0,23.3
,0.021,0.087,G,14.3,1.1,0.7,154,,,Cet,E,23.4
,0.008,1.544,G,15.5,0.3,0.3,100,,,Cet,Sbc,21.7
,-0.001,-2.950,G,15.2,0.7,0.3,158,,,Cet,SBc,22.8
,0.020,20.781,G,14.3,0.4,0.3,35,,,Ari,,21.6
,0.002,-20.772,G,16.0,0.7,0.4,23,,,Cet,S0-a,23.9
,0.010,1.271,G,14.7,0.5,0.5,11,,,Cet,SBb,22.3
,0.031,11.698,G,14.0,1.4,0.8,35,,,Ari,S0,23.5
,0.018,26.132,G,11.2,4.2,4.0,75,,,And,SABc,23.7
1,0.024,-36.642,G,14.5,0.9,0.6,152,,,Cet,E-S0,23.1
1,0.010,-9.230,G,15.5,1.2,0.7,20,,,Cet,Sa,24.2
,0.015,9.631,G,15.3,0.7,0.5,176,,,Cet,SABc,22.9
,-0.008,-17.035,G,15.0,1.1,0.3,25,,,Cet,Sbc,22.9
,0.026,16.785,G,15.4,0.7,0.6,48,,,Cet,S0,23.4
,-0.006,-14.213,G,14.7,0.9,0.6,45,,,Cet,SBbc,23.0
,0.022,29.546,G,14.3,1.0,0.7,147,,,Ari,Sa,22.9
1,-0.009,-31.126,G,15.1,0.9,0.7,178,,,Cet,SABb,23.4
,0.005,-1.644,G,15.0,0.8,0.7,96,,,Cet,E,23.4
,0.009,0.110,G,15.3,1.0,0.6,26,,,Cet,S0-a,23.9
,0.006,-0.199,G,14.9,0.9,0.7,162,,,Cet,S0,23.5
,-0.001,-0.060,G,14.9,0.3,0.2,55,,,Cet,,
,0.083,31.395,G,15.7,0.6,0.4,45,,,Ari,SABb,23.2
,0.044,30.667,G,14.3,0.5,0.3,30,,,Per,E,
,0.001,0.021,G,12.7,1.9,1.2,154,,,Per,E,24.1
,0.000,-5.924,G,15.5,1.5,1.2,170,,,Per,S0-a,25.1
,-0.001,0.003,G,15.4,0.7,0.5,130,,,Per,S0,23.3
,0.022,5.900,G,15.1,1.5,0.8,170,,,Per,E,24.6
1,0.012,-4.127,G,14.7,2.1,1.7,36,,,Per,S0,25.1
,-0.034,-42.898,G,14.7,0.7,0.4,168,,,Cet,S0-a,22.6
,-0.015,-0.039,G,16.9,0.5,0.4,28,,,Cet,E,23.2
,0.099,41.764,G,15.5,0.7,0.6,60,,,Per,E,23.6
,0.006,0.607,G,15.7,0.7,0.3,136,,,Per,S0-a,24.1
,-0.021,-29.413,G,13.1,1.9,0.7,170,,,Ari,Sb,23.3
,0.027,-26.952,G,15.3,1.0,0.6,68,,,Eri,SABa,23.6
,0.000,0.036,G,15.3,1.2,0.3,126,,,Eri,S0-a,24.2
,0.005,-0.141,G,14.1,1.8,1.4,51,,,Eri,E-S0,24.0
,0.004,2.200,G,14.7,1.1,0.6,131,,,Eri,S0-a,23.6
,0.002,-2.179,G,14.9,1.0,0.7,30,,,Eri,Sbc,23.2
,0.018,16.962,G,14.3,1.5,0.5,32,,,Cet,Sa,23.6
1,0.063,41.573,GTrpl,,1.0,,,,,Per,,
,-0.038,-60.051,G,14.0,1.7,0.6,62,,,Eri,S0,23.9
,0.019,18.474,G,13.1,1.0,0.9,44,,,Cet,SBbc,22.5
,0.028,34.995,G,14.7,2.2,2.2,125,,,Per,E,25.2
,-0.005,-21.557,G,15.2,0.5,0.5,166,,,Ari,Sbc,22.8
3,0.044,-16.413,G,17.9,0.7,0.5,5,,,Cet,Sc,23.0
,0.039,42.576,G,11.6,4.3,2.1,14,,,Per,Sd,23.8
,-0.035,-54.387,G,15.0,1.4,0.4,117,,,Eri,Sbc,23.4
1,0.015,-0.055,G,15.4,0.8,0.6,9,,,Eri,Sc,23.4
,0.043,54.458,G,14.9,1.0,0.3,41,,,Per,Sab,23.0
,0.046,18.929,PN,13.2,0.6,,,,,Cas,,
,-0.010,-20.343,G,15.4,1.2,0.3,129,,,Per,Sb,23.7
,-0.038,-53.561,G,14.7,1.2,0.5,91,,,Eri,S0-a,23.5
,0.046,53.353,G,13.5,1.2,0.7,73,,,Per,Scd,22.8
,0.012,0.371,G,15.5,1.1,0.8,108,,,Per,S0-a,24.1
,0.002,-0.515,G,15.5,1.5,1.2,106,,,Per,S0-a,24.7
3,0.005,-39.307,GPair,,0.8,,,,,Cet,,
,-0.005,-14.425,G,15.8,0.9,0.7,30,,,Eri,S0-a,23.9
,0.054,55.525,G,16.1,0.7,0.6,115,,,Per,E,24.0
,0.009,-0.192,G,14.9,1.3,1.1,177,,,Per,E,24.1
,-0.033,-37.516,G,12.9,1.8,1.2,22,,,Cet,Sbc,23.3
,-0.003,-16.397,G,16.2,0.6,0.5,47,,,Eri,,23.6
,0.039,49.572,G,14.7,1.1,0.7,29,,,Per,Sb,23.3
,0.001,-0.022,G,15.6,0.8,0.6,74,,,Per,E,23.8
,-0.034,-49.576,G,15.5,0.7,0.6,79,,,Eri,SABc,23.1
,0.012,11.475,G,14.5,1.6,0.6,67,,,Cet,Sa,23.9
,0.042,41.422,G,14.2,1.2,0.9,4,,,Per,S0,24.4
,-0.003,-0.376,G,14.8,1.0,0.9,30,,,Per,S0,23.5
,0.011,0.520,G,12.7,1.5,1.4,25,,,Per,S0,23.5
,0.001,-1.321,G,15.7,1.0,1.0,100,,,Per,Sb,24.4
,0.022,1.750,G,14.6,1.2,0.6,125,,,Per,E,23.8
,0.047,0.140,G,14.8,1.3,0.9,42,,,Per,E,24.2
1,-0.030,-37.855,G,15.5,0.7,0.3,45,,,Cet,S0,
,0.037,37.892,GPair,,0.8,,,,,Per,,
,-0.041,-54.671,G,14.9,0.9,0.7,58,,,Eri,SABc,23.0
,0.031,-1.828,G,14.7,1.1,0.5,134,,,Eri,Sa,23.2
1,0.087,55.357,G,15.3,1.1,0.9,99,,,Per,Sab,24.0
,-0.025,-55.774,G,14.8,1.0,0.9,25,,,Eri,E,23.7
,0.025,18.666,G,15.3,0.8,0.4,6,,,Tau,,23.8
2,0.081,-10.728,G,15.6,0.8,0.7,80,,,Eri,Sab,23.8
,-0.004,-7.379,G,15.4,1.1,0.8,101,,,Eri,E-S0,24.2
,0.009,-0.266,G,15.2,0.8,0.5,70,,,Eri,Sab,23.2
,0.001,0.054,G,14.6,0.7,0.5,16,,,Eri,Sc,22.4
,0.014,14.917,G,15.1,1.0,0.5,63,,,Tau,E,24.0
,0.002,0.074,G,15.0,1.0,0.3,73,,,Tau,SBab,23.4
,0.003,-0.070,G,14.8,0.9,0.9,105,,,Tau,E,23.5
,0.005,1.100,G,15.3,1.0,0.5,44,,,Tau,S0-a,23.8
1,0.211,75.255,G,11.5,2.3,1.9,58,,,Cam,S?,23.1
,-0.163,-111.085,G,13.0,2.6,0.8,83,,,For,S0,23.7
,0.041,57.810,Neb,,,,,,,Tau,,
1,-0.006,-20.244,G,14.9,0.8,0.7,176,,,Tau,Sc,23.2
1,0.031,-16.234,G,14.8,1.6,0.6,90,,,Eri,S0-a,24.2
,0.024,35.075,Neb,,134.9,,,,,Tau,,
,0.098,46.136,G,9.7,19.8,18.8,0,,,Cam,SABc,24.9
,-0.111,-86.539,G,13.2,1.5,0.7,113,,,Eri,S0-a,23.7
,0.023,13.777,G,14.9,0.9,0.5,42,,,Eri,SBbc,22.9
,-0.006,-13.648,G,14.7,0.9,0.7,37,,,Eri,S0,23.2
,0.010,0.047,G,12.6,1.9,1.5,69,,,Eri,S0-a,23.8
,0.013,13.968,G,14.0,1.4,1.0,138,,,Eri,S0,23.4
,0.034,36.462,Cl+N,,10.0,10.0,,omi Per Cloud,,Per,,
,0.029,-8.223,RfN,,25.7,,,Barnard's Merope Nebula,,Tau,,
,-0.028,-35.741,G,14.9,1.1,0.8,165,,,Eri,Sab,23.4
,0.049,46.848,PN,11.9,0.1,,,,,Per,,
,0.001,-43.779,G,15.7,0.7,0.5,119,,,Eri,S0-a,23.7
,0.090,34.580,Neb,,182.0,30.2,,,,Tau,,
,0.015,-2.701,Neb,,128.8,,,,,Tau,,
,-0.003,-3.173,G,15.4,0.7,0.6,161,,,Tau,Sc,23.2
,0.234,49.838,G,10.2,4.0,3.7,90,,,Cam,Sb,23.3
,-0.068,-47.653,G,14.6,0.9,0.6,147,,,Tau,SBb,22.9
,-0.000,-2.264,G,15.2,1.2,0.3,63,,,Tau,S0,24.2
,0.146,7.807,G,15.4,1.3,1.3,105,,,Tau,E,24.8
,-0.057,-1.571,Neb,,180.0,100.0,,,,Tau,,
,0.163,32.118,OCl,11.7,7.2,,,,,Cam,,
,-0.036,-70.449,G,14.2,1.8,1.0,5,,,Eri,E,24.2
,0.037,15.233,G,15.2,0.3,0.3,25,,,Tau,E,
,0.004,0.156,G,15.3,0.8,0.5,72,,,Tau,S0-a,23.5
,0.002,0.159,G,14.8,0.9,0.6,34,,,Tau,S0-a,23.3
,0.007,-0.988,G,15.7,0.3,0.2,20,,,Tau,E,22.1
,0.017,-17.141,G,14.5,1.7,0.6,140,,,Eri,E-S0,24.3
,0.034,2.166,G,15.1,1.0,0.8,164,,,Eri,S0,23.6
,0.012,0.825,G,15.4,0.8,0.8,35,,,Eri,S0,23.5
,0.009,2.395,G,14.9,1.0,0.9,123,,,Eri,Sc,23.6
1,0.101,4.385,G,15.3,1.0,0.5,30,,,Eri,S0-a,23.9
,0.011,0.140,G,15.0,1.0,0.8,109,,,Eri,S0-a,23.6
,0.030,21.504,G,15.8,0.2,0.2,80,,,Tau,S0-a,21.3
,-0.024,-29.608,G,15.2,0.8,0.5,59,,,Eri,SBb,23.3
,0.002,0.541,G,16.1,0.6,0.5,50,,,Eri,,23.6
,0.001,-0.022,G,14.8,1.0,0.8,99,,,Eri,E,23.7
,0.003,0.155,G,15.6,0.8,0.5,69,,,Eri,E-S0,23.7
,0.007,5.062,G,14.7,0.9,0.8,35,,,Eri,SABb,23.3
,-0.003,-5.689,G,15.2,0.8,0.5,75,,,Eri,SABb,23.1
1,0.104,3.408,G,13.5,2.0,1.2,173,,,Eri,SABc,23.3
,0.017,19.412,G,15.6,0.6,0.6,36,,,Tau,E-S0,23.4
,0.006,-17.732,G,15.1,0.5,0.5,94,,,Eri,E,
,0.004,0.742,G,15.4,1.1,0.6,107,,,Eri,S0,24.2
1,0.037,0.011,G,13.0,1.6,1.1,84,,,Eri,SABc,23.3
,0.002,-0.220,GPair,,1.0,,,,,Eri,,
,0.002,-0.005,G,15.1,1.1,0.8,20,,,Eri,E-S0,23.8
,0.001,0.105,G,15.5,1.1,0.4,35,,,Eri,S0-a,24.3
,0.255,85.395,G,12.7,1.4,1.3,25,,,Cam,Sc,22.4
,-0.182,-74.683,G,13.5,1.4,1.0,168,,,Ori,S0,23.0
,0.024,-19.031,G,14.9,0.8,0.8,7,,,Eri,E,23.3
2,0.168,83.848,G,13.1,2.4,1.4,86,,,Cam,Sbc,23.2
1,0.004,-76.103,G,,1.2,0.3,2,,,Eri,SBbc,
,0.059,3.491,G,14.8,0.5,0.5,81,,,Eri,IAB,22.7
,0.034,-11.530,G,16.7,1.6,0.2,117,,,Lep,,
,0.009,5.742,G,13.9,1.8,0.6,55,,,Eri,SBb,23.2
,0.032,0.970,G,14.4,1.3,0.6,146,,,Eri,SABc,23.0
1,0.118,18.862,G,15.5,0.7,0.5,130,,,Ori,S0-a,
,0.053,24.601,Neb,10.0,50.0,30.0,,Flaming Star Nebula,,Aur,,
1,0.020,-49.879,G,14.2,1.9,0.4,164,,,Lep,Sc,
,0.034,-9.541,G,13.8,1.9,1.0,162,,,Lep,S0,24.0
,-0.003,28.382,GPair,,0.9,0.7,19,,,Ori,E,23.6
,0.052,30.049,Neb,,40.0,30.0,,,,Aur,,
,-0.039,-58.692,G,14.1,1.4,1.0,129,,,Lep,S0,23.5
,0.027,28.811,G,14.6,1.2,0.7,0,,,Ori,Sab,23.4
,0.000,-0.004,G,14.7,1.1,0.8,140,,,Ori,S0,23.6
,-0.001,-0.140,G,14.4,0.6,0.4,140,,,Ori,E,22.6
,-0.009,-18.885,G,15.4,0.8,0.6,148,,,Lep,,
,0.043,-1.717,G,13.9,1.4,0.7,71,,,Lep,SBc,
,0.069,51.684,HII,,13.0,10.0,,,,Aur,,
,-0.010,-47.121,PN,9.4,0.2,,,,,Lep,,
1,0.078,8.192,Neb,,6.0,,,,,Ori,,
,-0.000,-3.413,G,12.6,3.0,2.2,108,,,Ori,Sbc,
,0.002,-9.306,G,,1.0,0.9,130,,,Lep,E,
,0.018,16.609,Neb,,6.0,3.5,90,,,Ori,,
,0.004,0.202,Neb,,2.5,1.7,,,,Ori,,
1,0.049,0.115,Neb,,10.0,3.0,,,,Ori,,
,-0.004,-6.318,Neb,,,,,,,Ori,,
,0.002,0.164,Neb,,,,,,,Ori,,
,0.032,-0.589,Neb,,,,,,,Ori,,
,0.004,-0.042,Neb,14.4,11.0,,,,,Ori,,
,0.028,5.620,RfN,,8.0,5.0,,,,Ori,,
,0.011,-0.044,RfN,,10.0,10.0,,,,Ori,,
,-0.007,-10.159,G,,1.4,1.1,138,,,Lep,E,
,0.009,9.212,HII,11.0,90.0,30.0,,Flame Nebula,,Ori,,
,0.033,0.141,RfN,,4.0,3.0,,,,Ori,,
1,0.143,-10.252,G,15.2,1.0,0.5,7,,,Lep,Sa,23.4
,0.023,-5.311,G,12.1,2.8,1.8,63,,,Lep,SABc,23.7
1,0.437,97.944,G,14.2,1.8,1.0,36,,,Cam,Sb,23.8
,-0.275,-92.567,G,14.4,1.2,1.1,40,,,Lep,Sc,23.5
,0.558,95.467,G,14.0,1.2,1.2,5,,,Cam,S0-a,23.2
,-0.326,-60.436,SNR,12.0,50.0,40.0,,Gem A,,Gem,,
,0.032,0.781,RfN,7.0,8.0,4.0,,,,Gem,,
,0.314,44.547,G,14.3,0.9,0.7,20,,,Cam,S0,22.8
,-0.105,-57.401,Cl+N,,5.0,4.0,,,,Mon,,
,-0.001,-0.562,HII,7.7,25.0,20.0,,,,Mon,,
,0.029,-2.508,HII,,15.0,10.0,,,,Mon,,
,0.215,63.955,G,13.7,1.8,1.3,83,,,Cam,E,23.8
,0.109,3.083,G,14.1,1.4,0.8,130,,,Cam,S0-a,24.3
,0.011,0.054,G,14.8,1.3,1.1,144,,,Cam,SABb,24.0
2,-0.029,-61.559,G,14.5,1.7,0.9,138,,,Gem,SBab,24.0
,0.731,72.615,G,14.3,1.1,0.7,78,,,Cep,S0,23.1
,-0.578,-115.701,G,13.0,2.3,1.6,4,,,CMa,S0,23.6
1,0.171,80.283,G,14.4,0.9,0.4,173,,,Lyn,E-S0,22.8
,0.001,0.058,G,15.8,0.6,0.5,1,,,Lyn,,23.4
,0.002,0.025,G,15.3,0.8,0.5,178,,,Lyn,,23.8
,0.000,-0.121,G,15.7,0.6,0.5,36,,,Lyn,,23.4
1,0.005,0.037,G,,0.3,0.2,95,,,Lyn,,
,0.001,0.019,G,14.7,0.8,0.4,60,,,Lyn,E,23.1
1,-0.041,-54.455,HII,12.1,1.0,,,,,Mon,,
,0.361,84.191,G,12.6,2.0,0.9,73,,,Cam,SABc,22.8
1,0.428,5.286,G,13.5,2.4,0.9,88,,,Cep,SABa,23.5
1,-0.206,-35.491,G,14.2,0.7,0.7,23,,,Lyn,E,22.2
,0.004,-0.054,G,14.3,1.6,1.1,166,,,Lyn,Sb,23.8
1,0.038,-23.109,G,14.9,1.3,0.4,113,,,Gem,S0-a,23.9
,0.017,3.984,G,14.8,0.8,0.5,133,,,Gem,Sa,22.7
,0.002,-3.538,G,15.4,0.6,0.5,99,,,Gem,Sc,23.0
,0.081,-3.468,G,15.4,1.1,1.1,30,,,Gem,E,24.6
,0.026,3.010,G,15.3,0.7,0.5,12,,,Gem,Sb,22.9
,0.011,0.516,G,15.0,0.6,0.5,171,,,Gem,SABc,22.7
,0.017,-0.266,G,15.0,1.8,0.3,167,,,Gem,Sbc,23.7
,0.061,-2.582,G,15.1,0.9,0.3,4,,,Gem,Sb,22.8
,0.012,1.196,G,15.0,0.6,0.5,151,,,Gem,SABb,22.7
1,0.004,1.309,G,15.3,0.9,0.4,43,,,Gem,Sb,23.3
,0.005,0.035,G,15.3,1.2,0.2,154,,,Gem,SABa,23.8
,0.001,-0.087,G,13.2,0.9,0.7,138,,,Gem,SBa,22.9
3,0.050,-0.803,G,15.7,0.6,0.5,95,,,Cnc,Sbc,23.1
,0.009,0.710,G,15.3,0.7,0.3,115,,,Cnc,Sc,22.7
,0.029,-0.353,G,17.2,1.0,0.8,31,,,Cnc,SBbc,22.9
,0.030,-1.034,G,14.8,0.8,0.6,18,,,Cnc,Sb,22.9
,-0.017,-24.098,G,14.3,1.3,0.6,48,,,CMi,S0,23.6
,0.032,7.978,G,15.5,0.5,0.4,88,,,Cnc,E,
,0.023,16.868,G,15.4,0.6,0.4,30,,,Cnc,E-S0,23.1
,0.006,-0.960,G,14.3,0.8,0.4,177,,,Cnc,Sa,23.0
,-0.010,-19.641,G,14.6,1.2,1.1,66,,,CMi,Sb,23.6
,0.597,80.459,G,13.8,1.9,0.9,77,,,Cam,Sa,23.6
,-0.544,-101.791,G,,1.8,0.7,54,,,Pup,S0-a,
,0.102,40.588,G,15.5,0.7,0.6,125,,,Cnc,SBa,23.4
,0.055,-15.784,G,15.4,0.6,0.5,62,,,Cnc,E,23.0
,0.002,-5.485,G,14.1,1.3,1.0,110,,,Hya,Sa,23.5
,0.008,0.994,G,14.2,1.5,1.1,139,,,Hya,S0,23.8
,0.011,0.110,G,14.6,1.4,1.0,144,,,Hya,Sab,23.6
,0.003,-0.073,G,14.7,1.2,0.9,171,,,Hya,E,23.9
1,0.081,20.826,G,14.7,0.8,0.7,97,,,Cnc,SBc,22.9
,0.061,-1.114,G,13.2,1.0,0.9,57,,,Cnc,SABc,22.5
,0.002,-26.173,GPair,,0.8,,,,,Hya,,
,0.145,75.649,G,14.4,1.2,0.5,142,,,Cam,S0-a,23.3
,0.383,12.015,G,13.1,1.7,1.3,174,,,Cam,SABc,22.9
,-0.513,-97.858,G,14.6,1.5,1.0,39,,,Hya,S0,24.1
,0.039,10.309,G,15.3,0.6,0.3,160,,,Hya,S0-a,22.9
,0.002,0.146,G,15.6,1.0,0.6,34,,,Hya,S0-a,24.3
,0.005,0.030,G,15.9,0.6,0.3,65,,,Hya,S0-a,23.5
,0.009,-0.185,G,15.4,0.6,0.3,29,,,Hya,Sab,22.8
1,0.070,4.667,G,15.4,0.5,0.5,28,,,Hya,E,23.3
,0.219,70.880,G,11.8,2.1,1.6,175,,,Cam,SABa,22.9
,-0.116,-70.954,G,14.8,0.9,0.7,80,,,Hya,S?,23.2
,0.131,54.630,G,13.9,1.2,1.0,165,,,UMa,S0,23.1
,-0.024,-48.019,G,15.0,0.9,0.6,95,,,Cnc,Sab,23.2
,0.084,-28.340,G,15.1,0.9,0.6,21,,,Hya,S0,23.6
,0.053,17.338,G,15.0,0.9,0.3,10,,,Hya,Sbc,22.9
,0.022,12.696,G,14.9,0.8,0.5,41,,,Cnc,Sb,22.7
,0.117,26.760,G,14.7,1.4,1.1,71,,,Lyn,SBc,23.9
,-0.006,-21.806,G,15.0,1.4,0.6,162,,,Cnc,Sab,24.0
,0.153,57.963,G,12.3,3.2,1.5,142,,,Cam,Sc,23.2
,-0.054,-61.873,G,14.2,1.9,0.3,87,,,Cnc,Sab,23.4
,0.042,-12.164,G,14.8,0.8,0.4,60,,,Hya,Sab,22.7
1,0.043,-3.714,G,15.7,0.9,0.3,155,,,Hya,,24.4
,0.014,7.143,G,15.1,1.2,0.3,148,,,Hya,Sb,23.4
,0.017,-4.191,G,15.8,0.7,0.5,5,,,Hya,E,23.7
,0.040,26.150,G,15.1,1.1,0.2,24,,,Leo,Sa,23.3
,0.012,-37.502,G,14.2,1.3,1.2,160,,,Hya,S0-a,23.4
1,0.063,9.843,G,14.3,1.0,0.7,130,,,Hya,Sc,22.8
,0.017,10.452,G,14.7,1.1,0.3,171,,,Leo,Sab,22.8
1,0.015,-21.084,G,15.0,1.2,0.4,95,,,Hya,S0-a,23.7
1,0.080,38.076,G,15.4,0.8,0.2,24,,,Leo,Sbc,22.9
,0.003,0.054,G,14.8,0.6,0.4,44,,,Leo,Sab,22.4
,-0.020,-41.333,G,14.8,1.3,0.7,103,,,Hya,S0-a,23.8
1,0.058,25.830,G,15.3,0.8,0.2,166,,,Leo,S0-a,23.1
,0.040,-5.486,G,15.0,0.6,0.4,180,,,Hya,I,22.4
,-0.004,-10.906,G,14.7,1.1,0.7,34,,,Hya,S0,23.6
,0.008,13.882,G,14.6,0.8,0.5,155,,,Leo,Sbc,22.6
,0.005,3.711,G,14.4,1.1,0.6,2,,,Leo,S0,23.4
,-0.009,-16.082,G,14.4,1.1,0.8,118,,,Hya,SBa,23.3
,0.020,17.731,G,14.4,1.3,0.6,18,,,Leo,S0,23.6
2,0.035,-1.308,G,14.7,1.1,0.6,38,,,Leo,SBab,23.3
,0.016,18.464,G,13.9,0.9,0.7,165,,,Leo,E,23.6
,-0.004,-19.837,G,14.8,1.1,0.9,87,,,Leo,I,23.6
,0.019,-9.883,G,14.4,1.4,0.5,20,,,Sex,S0-a,23.8
,0.001,3.413,G,15.1,0.5,0.4,6,,,Sex,Sc,22.4
,0.002,-7.116,G,15.0,1.2,0.3,162,,,Sex,Sbc,23.1
,0.004,7.017,G,14.8,1.0,0.4,111,,,Sex,Sab,23.0
,0.001,0.025,G,14.2,1.6,0.5,68,,,Sex,SABc,22.9
,0.024,12.782,GPair,,1.0,,,,,Leo,,
,0.035,-16.084,G,15.3,0.6,0.5,84,,,Sex,S0-a,23.0
1,0.020,15.961,G,14.7,1.1,0.6,106,,,Leo,Sb,23.4
,0.006,-4.810,G,15.3,0.8,0.5,164,,,Leo,E,23.6
,0.006,4.836,G,16.0,0.5,0.3,61,,,Leo,Sc,23.0
,0.011,0.019,G,15.3,0.7,0.5,133,,,Leo,SBab,23.3
,0.001,0.052,G,14.8,0.5,0.5,130,,,Leo,Sc,22.5
1,0.032,-22.780,G,14.8,1.1,0.9,4,,,Sex,E-S0,23.6
,0.001,0.095,G,14.3,1.5,1.2,50,,,Sex,Sa,23.7
,0.010,17.898,G,15.5,0.6,0.5,168,,,Leo,S0-a,23.1
,0.015,-0.541,G,14.6,0.6,0.6,117,,,Leo,Sc,22.5
,0.004,-0.013,G,14.7,1.2,0.5,66,,,Leo,Sa,23.7
,0.006,-24.261,G,15.2,1.1,0.4,132,,,Hya,SBab,23.4
1,0.026,29.722,G,14.9,1.0,0.7,129,,,Leo,Sab,23.5
,0.013,1.870,G,14.6,1.0,0.9,85,,,Leo,Sb,23.2
,0.002,0.004,G,15.2,0.9,0.2,113,,,Leo,Sab,22.8
,-0.000,-7.460,G,15.0,0.5,0.4,149,,,Leo,Sa,22.5
,0.011,2.628,G,14.8,1.2,0.9,123,,,Leo,E-S0,24.0
,0.001,-19.912,G,15.2,0.8,0.7,55,,,Sex,E,23.4
,0.054,4.523,G,14.3,1.2,0.6,106,,,Sex,SABb,23.0
,-0.016,5.458,G,14.2,0.9,0.5,164,,,Sex,Sa,23.4
,0.038,-8.737,G,15.3,0.7,0.5,20,,,Sex,E,23.4
,0.024,6.312,GPair,,0.9,,,,,Sex,,
,0.027,11.641,G,14.1,0.9,0.6,164,,,Leo,SBc,22.6
,0.009,-14.771,G,14.2,0.9,0.8,26,,,Sex,Sbc,22.6
,0.005,-0.030,G,14.4,0.8,0.6,97,,,Sex,Sbc,22.5
,0.004,1.860,G,14.8,1.1,0.6,131,,,Sex,Sbc,23.2
,0.019,11.667,G,15.2,0.8,0.6,172,,,Leo,E,23.7
,0.014,-0.958,G,15.1,1.0,0.3,18,,,Leo,Sbc,23.1
,-0.005,-16.941,G,15.7,0.5,0.2,170,,,Sex,S0-a,23.1
,0.043,50.045,G,13.7,1.6,0.4,7,,,UMa,S0-a,23.3
,0.007,-48.775,G,15.1,1.2,0.3,36,,,Sex,Sc,23.0
,0.066,2.131,G,13.7,1.9,1.0,13,,,Sex,SBd,23.4
,0.018,10.537,G,15.4,0.5,0.2,37,,,Leo,Scd,22.4
,0.001,0.010,G,13.6,1.0,0.5,173,,,Leo,Sc,22.6
,0.019,-12.705,G,14.9,1.3,0.8,174,,,Sex,SBa,23.9
1,0.049,6.854,G,14.6,0.8,0.5,9,,,Sex,Sc,22.6
1,0.029,15.544,G,14.7,1.3,1.0,87,,,Leo,Sbc,23.7
,0.004,-22.781,G,14.8,0.9,0.5,108,,,Sex,S0-a,23.2
,0.021,3.824,G,14.3,1.4,0.4,19,,,Sex,Sbc,22.9
,0.014,22.443,G,14.6,1.9,0.3,28,,,Leo,Sbc,23.6
1,0.011,-9.173,G,15.4,0.4,0.2,174,,,Leo,S0,22.6
,0.000,-0.044,G,15.0,0.8,0.7,12,,,Leo,E,23.3
,-0.004,-14.476,G,14.8,0.8,0.5,18,,,Sex,Sab,23.0
,0.008,14.545,G,15.3,1.2,0.4,143,,,Leo,Sb,23.7
,0.091,4.781,G,14.6,0.9,0.8,160,,,Leo,Sc,23.0
2,0.017,-2.983,G,14.8,0.8,0.7,177,,,Leo,Sbc,23.1
,-0.005,-1.007,G,15.3,0.7,0.6,88,,,Leo,Sbc,23.2
,-0.003,-9.255,G,15.2,0.9,0.6,82,,,Sex,Sc,23.4
1,0.033,0.942,G,14.9,0.9,0.3,151,,,Sex,Sbc,22.8
,0.015,-11.892,G,14.3,2.4,0.6,39,,,Sex,Sa,24.1
,0.107,-15.602,G,13.8,2.2,0.5,105,,,Hya,Sc,23.1
,-0.095,16.912,G,15.2,1.2,0.9,137,,,Sex,E-S0,24.1
,0.006,3.666,G,14.6,0.7,0.6,175,,,Sex,Sa,22.5
,0.005,8.962,G,14.8,0.9,0.7,120,,,Sex,Sab,23.1
1,0.016,-12.775,G,13.0,2.1,1.7,150,,,Sex,S0,23.4
,0.007,0.119,G,16.2,0.7,0.6,147,,,Sex,E,23.9
,0.003,6.643,G,14.2,1.0,0.6,30,,,Sex,SBa,23.2
,0.004,0.020,G,14.6,0.7,0.3,103,,,Sex,Sab,22.4
,0.025,6.381,G,15.1,1.0,0.4,116,,,Sex,Sc,23.0
,0.014,9.651,G,15.1,1.1,0.3,7,,,Leo,Sbc,23.1
,0.001,-11.312,G,14.9,0.9,0.4,49,,,Sex,SBbc,22.9
,0.009,11.029,G,15.3,0.8,0.5,17,,,Leo,S0-a,23.4
,0.024,0.535,G,15.5,0.8,0.4,2,,,Leo,Sab,23.3
,0.034,1.035,G,14.8,1.4,0.4,180,,,Leo,Sbc,23.5
2,0.038,1.259,G,13.9,1.4,1.4,19,,,Leo,E-S0,23.4
,0.022,-5.988,G,15.1,1.3,0.5,73,,,Leo,S0-a,24.2
1,0.012,-18.244,G,15.4,0.5,0.4,59,,,Sex,,
,0.024,61.509,G,15.4,0.8,0.4,147,,,UMa,Sa,23.4
,-0.017,-68.321,G,15.8,0.7,0.4,62,,,Hya,S0-a,23.6
,0.007,25.142,G,14.9,0.9,0.7,158,,,Leo,SBc,23.3
,-0.002,-11.123,GPair,,0.7,,,,,Sex,,
,-0.003,-14.606,G,14.9,0.9,0.7,10,,,Hya,Sc,23.2
,0.005,11.292,G,13.1,0.7,0.7,20,,,Sex,SBd,21.1
1,0.019,1.589,G,14.1,2.1,0.7,57,,,Leo,Sa,24.1
,0.028,-11.165,G,15.1,1.2,0.4,133,,,Crt,S0-a,24.1
,0.009,11.361,G,15.3,1.0,0.3,48,,,Leo,Sbc,23.1
1,0.059,-4.540,G,15.3,1.1,0.4,169,,,Leo,SBa,23.9
,0.006,13.147,G,14.6,1.1,0.8,43,,,Leo,E,23.7
,-0.003,-14.503,G,15.4,1.2,0.9,60,,,Leo,E,24.8
,0.006,7.644,G,15.5,0.8,0.5,31,,,Leo,E,23.9
,0.007,0.268,G,15.3,0.8,0.6,31,,,Leo,E-S0,23.5
,0.008,-0.052,G,15.6,0.8,0.6,71,,,Leo,E,23.9
,0.021,8.838,G,15.4,0.8,0.6,172,,,Leo,E-S0,23.8
,0.003,0.116,G,14.7,1.9,1.3,53,,,Leo,E-S0,24.7
,-0.005,-24.420,G,15.2,1.0,0.3,148,,,Crt,Sab,23.4
,0.013,24.348,G,15.2,0.6,0.3,147,,,Leo,S0-a,22.6
,0.089,4.608,G,15.6,0.7,0.6,32,,,Leo,E,23.7
,0.001,-0.048,G,15.4,0.7,0.4,95,,,Leo,Sa,23.0
,0.010,-8.739,G,14.3,1.1,0.7,169,,,Leo,S0,23.3
,0.004,0.412,G,14.6,1.1,1.0,65,,,Leo,E-S0,23.6
,0.000,-5.931,G,14.6,1.2,0.9,21,,,Leo,Sb,23.6
,0.009,-13.267,G,,0.8,0.3,155,,,Crt,S0-a,
,0.023,12.386,G,14.7,1.3,0.6,168,,,Leo,SABb,23.5
,0.028,43.731,G,14.4,1.4,0.4,121,,,UMa,Sab,23.2
1,0.026,-34.577,G,13.4,1.9,1.3,0,,,Leo,S0-a,23.6
,0.021,3.245,G,13.7,1.4,0.6,45,,,Leo,Sbc,22.7
,0.003,-5.724,G,15.4,0.8,0.5,141,,,Leo,E,23.7
,0.042,-20.549,G,15.4,0.5,0.4,125,,,Crt,E,
,0.022,12.026,G,14.6,0.8,0.6,154,,,Leo,SBa,22.8
,0.010,-10.194,G,14.8,0.9,0.5,35,,,Crt,Sc,22.7
1,0.050,14.892,G,15.5,0.7,0.5,175,,,Leo,E,23.6
1,0.009,15.001,G,16.3,0.7,0.4,176,,,Leo,E,24.3
,0.017,-12.108,G,15.6,0.5,0.3,42,,,Leo,Sc,22.5
,0.020,42.203,G,14.9,1.1,1.0,121,,,UMa,E,23.9
,-0.010,-57.644,G,15.0,1.0,0.5,98,,,Crt,Sab,23.3
1,0.011,1.454,G,15.3,1.2,0.5,170,,,Crt,Sc,23.6
,0.040,67.497,G,13.7,1.1,0.7,148,,,UMa,S0,21.8
,-0.014,-49.168,G,14.2,0.8,0.6,118,,,Leo,E,22.8
,0.015,-14.991,G,14.7,1.0,0.5,90,,,Leo,Sab,23.0
,0.027,63.582,G,18.2,0.2,0.2,51,,,UMa,E,
,-0.008,-70.293,G,15.3,0.7,0.2,85,,,Crt,Sc,
,0.012,20.814,G,14.5,0.9,0.8,16,,,Leo,Scd,23.1
,-0.002,-10.729,G,15.4,0.7,0.5,131,,,Leo,S0,23.3
,0.008,10.742,G,14.4,1.0,0.5,147,,,Leo,S0-a,23.2
,0.001,-0.123,G,14.5,1.2,0.3,12,,,Leo,SABb,22.9
,0.003,11.596,GGroup,,1.1,,,,,Leo,,
,0.029,-0.116,G,14.6,0.7,0.6,77,,,Leo,Sd,22.9
,-0.002,-25.391,G,15.6,0.8,0.4,130,,,Leo,S0-a,23.6
2,0.034,55.164,G,15.1,0.8,0.5,34,,,UMa,S0,23.3
,0.005,-63.580,G,15.0,1.5,0.3,111,,,Crt,S0-a,24.2
,0.008,34.718,G,13.8,0.7,0.5,5,,,Leo,Sc,21.9
,0.004,27.682,G,14.1,1.5,1.0,140,,,UMa,E,23.9
,0.005,-0.019,G,15.0,1.1,0.9,25,,,UMa,E,23.9
,0.003,-23.167,G,15.7,0.8,0.5,180,,,Leo,S0,23.7
,0.006,23.080,G,15.2,0.9,0.8,27,,,UMa,E,23.7
,0.000,0.122,G,14.4,3.0,0.9,91,,,UMa,E,25.4
2,0.035,-57.455,GPair,,1.0,,,,,Crt,,
,0.036,8.171,G,14.8,1.6,0.3,123,,,Vir,Sbc,23.4
1,0.014,9.081,G,14.6,1.1,0.6,180,,,Vir,IB,23.1
,0.007,0.135,G,13.8,1.2,0.4,52,,,Vir,S0,22.9
,0.034,-0.242,GPair,,1.3,,,,,Vir,,
,0.002,-17.108,G,15.2,1.6,0.3,99,,,Crt,SBc,23.6
,0.004,17.314,G,14.8,0.9,0.6,76,,,Vir,Sbc,23.1
,0.004,-17.307,G,14.6,0.8,0.6,149,,,Crt,I,22.7
,0.010,17.275,G,13.7,2.4,0.7,59,,,Vir,Sa,23.8
,-0.001,-10.610,G,14.9,0.7,0.7,125,,,Vir,E,23.2
,0.004,35.060,G,15.9,0.9,0.8,103,,,UMa,E,24.5
,0.012,-22.608,G,14.9,1.6,0.3,161,,,Leo,Sb,23.7
,0.006,-12.385,G,14.5,1.2,0.6,63,,,Vir,Sb,23.1
,0.008,34.937,G,15.3,0.6,0.2,4,,,UMa,S0,
1,0.000,16.234,G,15.8,0.7,0.4,83,,,UMa,SBc,23.7
,0.012,-29.127,GPair,,1.1,,,,,Leo,,
,-0.001,-28.599,G,16.1,0.7,0.2,90,,,Crt,,24.1
,0.002,-0.112,GPair,,1.1,,,,,Crt,,
,0.036,21.477,G,14.9,1.2,0.7,154,,,Leo,SBd,23.7
,0.002,-0.492,G,15.6,0.7,0.6,82,,,Leo,E,23.5
,0.002,0.010,G,14.8,0.8,0.7,108,,,Leo,S0-a,23.1
,0.007,-17.409,G,14.9,0.8,0.5,99,,,Vir,I,22.7
,0.044,28.545,G,14.9,1.1,0.8,151,,,Leo,Sab,23.6
1,-0.017,-28.699,G,15.0,1.0,0.5,136,,,Vir,S0-a,23.7
,0.009,25.636,G,13.9,1.1,0.9,121,,,Leo,Sab,23.5
,0.039,-34.065,G,15.2,1.2,0.3,144,,,Crt,SBc,23.2
,0.011,36.457,G,15.9,0.6,0.4,52,,,Leo,SBb,23.2
,0.002,-23.055,G,13.5,0.8,0.8,10,,,Vir,S0,22.2
,0.023,25.752,G,14.5,1.0,0.5,169,,,Leo,SBbc,22.8
,0.025,-34.181,G,15.3,0.7,0.3,40,,,Vir,E,23.2
,0.006,15.753,G,15.1,0.8,0.7,78,,,Vir,E,23.5
,0.019,35.273,G,12.3,2.1,1.7,159,,,UMa,Sc,23.0
,0.005,-0.012,G,11.8,2.1,1.0,40,,,UMa,Sab,22.7
,0.000,-0.152,G,14.4,1.1,0.4,30,,,UMa,Sb,23.2
,0.007,-0.003,G,15.3,0.6,0.4,91,,,UMa,SBc,22.8
,-0.001,-43.091,G,14.4,1.1,0.7,24,,,Vir,S0,23.4
,0.003,-1.131,G,14.3,1.0,0.7,29,,,Vir,E,23.1
1,0.059,6.501,G,17.5,1.7,0.7,99,,,Vir,SBc,23.8
1,0.021,57.659,G,14.2,1.8,0.8,28,,,UMa,Sc,23.6
1,0.028,-91.797,G,13.5,1.8,0.5,149,,,Hya,S0,23.5
,0.000,16.619,G,15.4,1.0,0.4,108,,,Crv,Sb,23.5
,0.039,38.430,G,14.8,0.8,0.5,144,,,Com,Sab,22.8
,0.001,0.054,G,15.4,0.9,0.5,86,,,Com,SBa,23.5
,0.033,-55.548,G,12.4,4.8,1.1,177,,,Hya,SABc,23.9
1,0.011,17.082,G,14.9,1.8,0.3,168,,,Crv,S0-a,24.7
,0.002,24.759,G,14.4,0.9,0.7,75,,,Vir,E,23.1
,0.013,0.040,G,14.5,1.3,0.6,112,,,Vir,Sc,23.1
,0.012,-0.020,G,13.4,2.2,1.5,37,,,Vir,Sbc,23.5
,0.008,-16.677,G,16.0,0.5,0.4,40,,,Vir,,23.1
,0.037,17.738,G,14.7,0.7,0.6,92,,,Vir,SBc,22.6
,0.000,10.773,G,15.4,0.8,0.4,96,,,Com,S0-a,23.5
,0.048,-17.818,G,14.5,0.8,0.7,9,,,Vir,S0-a,22.7
,0.012,-12.907,G,15.7,0.8,0.5,142,,,Vir,S0,23.8
,0.001,19.680,G,13.3,1.1,0.8,11,,,Vir,E-S0,23.1
,0.002,-4.057,G,14.3,1.1,0.6,93,,,Vir,SBd,22.8
,0.006,19.454,G,14.5,0.8,0.4,144,,,Com,SBb,22.5
1,0.004,1.573,G,15.0,1.0,0.9,50,,,Com,S?,23.6
,0.006,-4.111,G,14.4,1.2,0.8,8,,,Com,E-S0,23.4
,0.001,-10.810,G,14.2,1.3,1.2,30,,,Com,E-S0,23.5
,0.026,-9.196,G,14.3,1.1,0.6,61,,,Vir,S0-a,23.1
,0.001,9.979,G,14.1,1.2,1.1,100,,,Com,S0-a,23.3
,0.014,-20.398,G,14.1,2.1,0.6,96,,,Vir,SABb,23.5
,0.009,-8.571,G,14.7,1.1,0.5,70,,,Crv,SBc,23.6
,0.002,0.019,G,14.0,1.0,0.9,176,,,Crv,S0,23.6
,0.038,29.329,G,14.9,1.1,0.4,180,,,Com,Sa,23.4
1,0.015,-8.664,G,14.8,1.0,0.6,140,,,Vir,S0,23.5
1,0.011,15.180,G,14.4,1.1,1.0,78,,,Com,Sa,23.2
,0.002,-6.315,G,14.8,1.0,0.5,56,,,Com,Sb,23.0
1,0.017,-4.232,G,13.5,1.3,0.9,103,,,Vir,E,23.8
,0.006,11.212,G,15.2,0.7,0.3,155,,,Com,S0,23.1
,0.016,-6.900,G,13.8,1.5,0.5,145,,,Com,S0-a,23.1
,0.041,-1.281,G,13.6,1.1,0.8,105,,,Com,Sc,22.2
,0.011,0.291,G,14.3,0.9,0.9,36,,,Com,E,23.7
1,0.023,-0.060,G,13.7,1.5,1.1,151,,,Com,Sc,23.1
,-0.004,36.900,G,14.7,1.1,0.9,55,,,CVn,Sa,23.6
1,0.098,-35.667,GGroup,,1.2,,,,,Com,,
,0.028,-21.597,G,14.5,1.0,0.5,64,,,Vir,S0,23.5
1,0.014,-12.340,G,15.5,0.9,0.6,107,,,Crv,SBab,23.6
,0.001,-0.055,G,14.6,1.1,0.7,67,,,Crv,E-S0,23.6
1,-0.001,29.158,G,13.7,1.0,0.9,4,,,Vir,E,23.3
,0.001,0.843,G,14.3,1.6,0.6,167,,,Vir,S0-a,24.0
1,0.044,-17.032,G,14.8,0.9,0.6,118,,,Vir,S0-a,
,0.006,27.471,G,13.4,0.9,0.7,21,,,Com,Sb,22.8
,0.006,-31.128,G,15.8,0.8,0.3,170,,,Vir,E-S0,24.1
,0.014,19.969,G,15.4,0.8,0.7,138,,,Vir,E,23.8
,0.007,-2.026,G,14.9,1.1,0.7,34,,,Vir,Sa,23.6
,0.002,0.006,G,14.9,0.7,0.7,91,,,Vir,E,23.1
,-0.003,19.878,G,15.1,0.9,0.2,47,,,Com,Sb,22.9
2,0.012,0.053,G,13.8,1.0,0.9,121,,,Com,SABb,23.2
,0.005,0.289,G,15.4,0.7,0.6,98,,,Com,E,23.7
2,0.043,-35.440,G,15.5,0.6,0.5,79,,,Vir,E-S0,23.3
,0.017,36.423,G,14.7,0.7,0.5,62,,,Com,SBab,22.6
,0.009,-14.777,G,14.9,0.9,0.4,103,,,Com,Sd,22.7
,0.006,-24.416,G,15.0,0.7,0.3,145,,,Vir,S0,
,0.003,-7.386,G,13.5,0.4,0.4,105,,,Crv,S0,21.1
,-0.019,69.215,G,14.2,1.2,0.6,164,,,UMa,S0-a,23.1
,0.024,-27.226,G,15.2,0.9,0.4,96,,,Com,E-S0,23.5
,0.021,-0.026,G,14.9,0.8,0.7,2,,,Com,E,23.3
,0.044,-33.177,G,16.7,0.4,0.3,138,,,Vir,,23.6
,-0.005,33.092,G,15.1,0.9,0.5,96,,,Com,E,23.6
,0.009,0.129,G,14.9,0.8,0.7,144,,,Com,SBab,23.0
,-0.016,37.124,G,14.5,1.2,0.2,74,,,Dra,Sab,22.8
,0.027,-37.100,G,15.5,0.9,0.3,12,,,Com,Sab,23.5
,0.011,-0.085,G,15.4,0.7,0.6,4,,,Com,Sb,23.4
,0.001,1.699,G,14.6,0.5,0.3,84,,,Com,S0,22.7
,0.007,-17.510,G,15.0,0.8,0.7,161,,,Vir,Sa,23.2
,0.018,11.197,G,15.1,1.0,0.6,130,,,Com,SBb,23.4
,0.015,7.206,G,13.9,1.1,0.6,56,,,Com,SBbc,23.2
1,0.044,-59.540,G,13.7,1.8,0.5,100,,,Cen,S0,23.6
,0.028,42.600,G,15.3,0.8,0.6,129,,,Vir,E-S0,23.6
,0.006,11.017,G,15.1,0.7,0.6,154,,,Com,E,23.4
1,0.028,-7.089,G,15.4,0.7,0.5,165,,,Com,Sbc,23.2
,0.010,-16.949,G,14.1,1.0,0.9,91,,,Vir,SABc,22.9
,0.004,0.074,G,15.0,0.9,0.3,68,,,Vir,SBcd,22.8
,0.012,21.918,G,13.9,1.1,0.4,152,,,Com,Sc,22.5
,-0.016,39.107,G,14.8,1.2,1.0,24,,,UMa,E-S0,23.9
,0.018,-7.383,G,13.6,1.0,1.0,14,,,UMa,Sab,23.3
,0.019,-28.196,G,14.3,0.9,0.7,122,,,Com,SABb,23.3
,0.013,-29.063,G,14.8,0.7,0.6,15,,,Vir,,22.9
,0.001,25.022,G,15.2,0.7,0.2,64,,,Com,SBab,23.0
,0.053,-3.461,G,14.6,1.0,0.7,100,,,Com,Sb,23.0
,0.017,0.151,G,14.7,1.6,1.1,100,,,Com,S0,24.4
,0.001,-0.002,G,15.2,0.7,0.6,142,,,Com,E,23.1
,0.002,7.394,G,14.5,1.0,0.6,19,,,Com,SBab,22.9
,0.001,9.710,G,15.6,0.8,0.6,76,,,CVn,S0-a,23.8
,0.019,-14.281,G,15.3,0.5,0.5,80,,,Com,E,22.8
,0.016,-37.302,G,14.3,1.1,0.8,45,,,Vir,S0-a,23.2
,-0.001,37.946,G,17.0,0.6,0.3,23,,,Com,SBc,23.0
,0.007,-26.526,G,15.3,0.7,0.6,40,,,Vir,Sc,23.2
,-0.005,26.525,G,15.5,0.7,0.4,34,,,Com,SBb,23.0
,0.001,-0.053,G,14.9,1.3,0.9,18,,,Com,Sc,23.8
,0.002,-0.026,G,14.8,0.8,0.7,9,,,Com,E,23.1
,0.001,0.069,GPair,,1.0,,,,,Com,,
,-0.000,-0.081,G,15.2,0.8,0.5,45,,,Com,Sc,23.1
,0.008,-16.197,G,14.5,1.6,0.8,70,,,Vir,Sb,23.8
,-0.016,1.954,G,15.1,1.2,0.9,117,,,Vir,Sb,23.9
,0.021,-1.893,G,15.2,0.9,0.9,120,,,Vir,S0,23.8
,0.012,-32.093,G,13.5,1.3,1.1,56,,,Hya,S0,22.8
,-0.032,85.168,G,13.0,1.6,1.1,149,,,UMa,S0,23.5
,0.025,-53.053,G,14.6,0.9,0.8,174,,,Vir,SABb,23.1
2,0.018,-31.915,G,14.1,0.8,0.3,136,,,Hya,SBab,22.0
1,0.004,43.280,G,14.6,1.5,0.3,12,,,Com,SBa,23.6
,0.003,0.047,G,14.8,0.8,0.7,66,,,Com,E,23.3
,0.008,18.241,G,14.7,0.8,0.5,152,,,CVn,Sm,22.6
1,0.032,-12.823,G,14.5,1.0,0.9,170,,,Com,E,23.3
,0.024,-25.711,G,16.0,0.7,0.5,58,,,Vir,,23.8
2,0.045,16.264,G,15.2,0.9,0.8,13,,,Vir,E,23.8
,0.030,-27.961,G,15.2,1.2,0.5,146,,,Vir,Sa,23.9
,0.026,16.397,G,14.6,0.8,0.7,30,,,Vir,E,23.0
,0.029,-3.018,G,14.3,1.6,0.8,19,,,Vir,S0,24.2
,0.001,0.101,G,14.8,1.0,0.2,52,,,Vir,SABa,22.8
,0.005,19.661,G,16.4,1.1,0.5,79,,,Com,S0-a,23.8
1,0.035,-12.181,G,14.9,1.0,0.7,29,,,Vir,E,23.8
,0.002,12.980,G,15.6,0.8,0.3,56,,,Com,S0-a,23.8
,-0.003,-4.567,G,15.5,0.6,0.4,163,,,Vir,S0,23.2
,0.014,-21.373,G,15.1,0.8,0.7,91,,,Vir,E,23.5
,-0.004,17.429,G,13.1,1.3,0.8,29,,,Vir,SABc,22.7
,0.016,3.994,G,15.2,0.7,0.5,91,,,Vir,S?,23.1
,0.005,36.630,G,14.5,2.2,0.6,162,,,UMa,Sb,24.0
,0.041,-50.189,G,13.6,1.6,0.6,178,,,Vir,Sab,23.6
,0.001,0.768,G,14.2,1.1,0.5,129,,,Vir,S0-a,23.7
,0.025,22.603,G,14.9,0.9,0.7,130,,,Boo,E,23.5
,0.002,0.198,G,15.5,0.8,0.3,145,,,Boo,Sc,23.1
,-0.013,27.710,G,14.3,1.1,0.2,20,,,UMa,Sb,23.2
,0.033,-55.395,G,14.4,0.9,0.6,82,,,Vir,SABc,22.6
,-0.008,28.817,G,14.7,0.7,0.7,2,,,Boo,Sa,22.9
,0.005,-1.191,G,15.1,0.7,0.6,120,,,Boo,Sab,22.8
,0.004,-0.035,G,15.4,0.6,0.4,99,,,Boo,SBab,22.8
,0.001,-0.002,G,15.2,0.7,0.3,100,,,Boo,Sa,23.2
,0.001,-0.078,G,15.5,0.7,0.5,63,,,Boo,Sb,23.1
,0.003,0.022,G,15.2,0.8,0.7,165,,,Boo,Sc,23.3
,0.029,-40.522,G,15.1,0.5,0.4,110,,,Vir,E-S0,
,-0.013,41.798,G,15.4,0.9,0.8,85,,,Boo,E,23.9
1,-0.000,31.065,G,18.0,0.6,0.2,102,,,UMa,Sb,23.8
,0.002,-0.009,G,15.7,0.5,0.3,25,,,UMa,S0-a,23.0
,0.044,-68.095,G,14.3,0.9,0.8,10,,,Vir,E,23.0
,-0.038,68.225,G,,0.3,0.2,104,,,UMa,E,23.5
,-0.003,-0.047,G,18.1,0.8,0.5,120,,,UMa,E,24.1
,0.005,-0.001,G,16.4,0.6,0.5,101,,,UMa,E,24.0
,0.039,-68.058,G,15.2,0.8,0.5,77,,,Vir,Sab,23.1
,-0.039,68.071,G,17.5,0.5,0.2,106,,,UMa,Sbc,23.6
,0.007,0.016,G,17.5,0.3,0.2,94,,,UMa,E,24.0
,0.037,-68.097,G,15.4,0.9,0.7,75,,,Vir,Sbc,23.6
,-0.035,68.033,G,18.7,0.3,0.2,11,,,UMa,E,23.9
,-0.001,0.066,G,17.8,0.5,0.4,81,,,UMa,E,23.6
,0.000,0.013,G,17.1,0.4,0.3,99,,,UMa,E,24.0
,0.001,-0.023,G,,0.2,0.2,61,,,UMa,Sb,23.1
,0.001,0.023,G,18.1,0.5,0.2,64,,,UMa,,24.3
,0.023,-32.428,G,14.5,1.2,0.8,150,,,Boo,S0,23.5
,-0.023,32.438,G,17.4,0.4,0.3,174,,,UMa,Sbc,23.7
1,0.005,0.049,G,17.4,0.4,0.2,93,,,UMa,Sb,23.8
,0.005,-0.076,G,17.5,0.5,0.5,114,,,UMa,Sab,24.8
,0.001,-0.003,G,16.5,0.8,0.3,156,,,UMa,Sab,24.0
,0.053,-52.216,G,14.4,1.0,0.9,121,,,Vir,E,23.4
,0.004,0.039,G,15.3,0.7,0.4,124,,,Vir,S0-a,23.1
,0.011,20.565,G,15.2,0.9,0.5,112,,,Boo,Sa,23.4
,-0.015,32.607,G,15.2,1.0,0.7,96,,,UMa,E,24.0
,0.047,-53.428,G,14.7,0.9,0.8,1,,,Vir,SBa,23.1
,0.017,10.898,G,14.5,1.5,0.7,107,,,Boo,Sa,23.7
,-0.073,57.978,G,15.1,1.0,0.6,118,,,UMi,Sb,23.4
,0.083,-57.954,G,14.3,0.9,0.7,104,,,Boo,Sa,22.8
,0.008,-13.298,G,13.8,1.7,1.1,65,,,Vir,E-S0,23.8
,-0.003,13.273,G,14.2,1.2,0.7,151,,,Boo,E,23.5
,-0.003,8.431,G,15.2,1.3,0.4,137,,,Boo,Sd,23.5
,0.003,-8.032,GPair,,0.8,,,,,Boo,,
,-0.011,36.488,G,14.3,1.1,1.0,5,,,UMa,Scd,23.2
,0.032,-47.601,G,14.7,1.2,0.5,94,,,Vir,SBbc,23.2
1,-0.063,67.788,G,14.4,1.0,0.5,80,,,UMi,Sab,22.7
1,0.079,-50.444,GPair,,0.8,,,,,Boo,,
2,0.023,-7.215,G,14.3,1.5,0.9,2,,,Boo,Sa,23.7
,-0.001,4.000,GPair,,1.8,,,,,Boo,,
,-0.003,8.334,G,15.5,0.8,0.7,10,,,Boo,SBab,23.6
,0.024,-13.819,G,14.0,0.8,0.8,85,,,Boo,S0,22.4
,0.003,5.387,G,15.2,0.6,0.5,5,,,Boo,SBc,22.8
,0.004,0.101,G,15.4,0.6,0.6,134,,,Boo,Sbc,23.1
,0.002,0.002,G,15.2,0.8,0.6,64,,,Boo,E-S0,23.4
,0.008,-12.103,G,14.8,0.9,0.8,155,,,Vir,S0,23.2
,0.002,9.049,G,14.7,1.0,0.4,26,,,Boo,Sa,23.1
,0.037,-17.365,GPair,,1.1,,,,,Vir,,
,0.020,-1.272,G,15.9,0.6,0.4,176,,,Vir,S0-a,23.6
,0.013,18.733,G,14.6,1.3,0.3,54,,,Boo,S0-a,23.5
,0.022,-24.694,G,12.9,2.3,1.3,129,,,Vir,Sc,23.4
,0.009,-7.087,PN,13.9,0.7,,,,,Vir,,
2,0.045,32.546,G,15.5,0.8,0.6,174,,,Boo,E,23.7
,0.026,-16.480,G,14.0,1.5,0.6,174,,,Vir,S0-a,23.6
,0.000,-1.840,G,15.2,0.7,0.5,132,,,Vir,Sbc,23.0
,0.004,0.028,G,15.2,1.0,0.5,25,,,Vir,Scd,23.3
,0.010,17.806,G,14.4,1.1,0.7,172,,,Boo,SBab,23.0
,0.014,-22.175,G,15.2,0.8,0.7,64,,,Vir,E,23.7
,0.001,3.172,G,15.0,0.9,0.4,73,,,Vir,,23.4
,-0.008,21.867,G,14.5,0.9,0.9,35,,,Boo,S0,23.2
,0.002,0.038,G,12.0,2.3,2.0,125,,,Boo,SBbc,23.2
,0.001,0.631,G,14.4,1.9,0.5,36,,,Boo,Sb,23.6
,0.023,-21.585,G,14.6,0.8,0.4,58,,,Vir,Sa,22.7
,-0.001,4.507,G,14.7,0.8,0.8,52,,,Vir,E-S0,23.0
,0.001,17.885,G,15.4,0.6,0.4,79,,,Boo,SBb,22.8
,0.050,-15.982,G,14.7,0.6,0.4,41,,,Vir,S0-a,22.2
,0.006,-0.059,G,13.1,1.0,0.8,72,,,Vir,E,22.8
,0.016,36.667,G,15.3,0.5,0.4,54,,,Boo,E,22.9
,0.033,-53.671,G,13.8,1.6,1.0,104,,,Vir,SBc,23.1
,0.007,14.764,G,14.8,0.9,0.7,114,,,Vir,SABb,23.1
,0.001,10.325,G,15.4,0.8,0.5,169,,,Boo,Sb,23.3
,0.001,-0.021,G,14.6,1.5,0.6,13,,,Boo,SABa,23.8
,-0.031,46.615,G,14.5,1.7,0.4,147,,,UMa,Sd,23.3
,0.014,-0.180,G,14.6,1.4,0.2,153,,,UMa,Sbc,22.8
,0.044,-62.081,GPair,,1.5,,,,,Vir,,
,0.006,0.035,G,15.7,0.9,0.3,55,,,Vir,,24.3
,-0.013,22.291,G,14.6,0.8,0.7,144,,,Boo,S0,23.0
,0.002,-0.020,G,14.5,1.0,0.5,20,,,Boo,S0,23.2
,0.016,-12.428,G,15.0,0.8,0.3,94,,,Vir,Sbc,22.8
,0.001,0.059,G,15.4,0.6,0.2,90,,,Vir,Sc,22.5
,0.013,-0.413,G,15.3,1.0,0.3,36,,,Vir,SABb,23.4
,-0.007,12.628,G,15.8,0.9,0.6,180,,,Boo,E,24.5
1,0.032,6.093,G,15.1,0.9,0.6,99,,,Boo,Sbc,23.2
,0.027,-19.235,G,15.0,0.8,0.6,86,,,Vir,Sa,23.1
,-0.015,23.789,GPair,,0.8,,,,,Boo,,
,0.043,-15.995,G,15.2,0.9,0.5,69,,,Boo,S0-a,23.5
,0.018,-11.327,G,14.6,1.5,1.3,169,,,Vir,Sb,23.9
,0.012,-0.020,G,14.7,0.8,0.6,114,,,Vir,S?,22.8
,-0.015,29.942,G,14.7,1.1,0.7,112,,,Boo,Sb,23.4
,0.013,-5.082,G,16.6,0.9,0.4,136,,,Boo,Scd,24.6
,0.006,-12.086,G,13.9,2.0,1.1,82,,,Boo,Sd,23.6
,-0.000,1.640,GTrpl,,1.0,,,,,Boo,,
1,-0.003,10.449,G,14.6,1.1,0.6,129,,,Boo,S0,23.4
,0.001,-0.038,G,16.1,0.6,0.5,179,,,Boo,E,23.6
,0.000,0.116,G,15.1,0.6,0.4,134,,,Boo,S0,22.5
,0.010,0.085,G,14.9,1.1,0.2,175,,,Boo,S0,23.6
,0.008,-5.377,G,15.0,0.6,0.3,133,,,Boo,SBa,22.4
,0.013,-16.882,G,15.2,1.0,0.3,163,,,Vir,SBb,23.1
,0.039,-39.577,OCl,,5.1,,,,,Cen,,
,-0.016,38.813,G,14.0,1.1,0.5,29,,,Vir,S0,23.0
,0.001,4.055,G,15.3,0.6,0.4,130,,,Vir,SBbc,22.7
1,-0.028,46.901,G,15.2,1.4,1.1,180,,,Boo,E,24.7
,0.058,-12.315,G,14.7,1.0,0.6,15,,,Boo,Sbc,23.1
,-0.014,8.255,G,11.3,2.8,0.5,151,,,Boo,SABb,22.0
1,0.032,-1.868,G,15.4,0.8,0.6,57,,,Boo,E,23.8
,0.005,-0.069,G,15.7,0.7,0.6,93,,,Boo,Sab,23.4
,0.000,-0.030,G,15.0,1.1,1.0,0,,,Boo,E,24.0
,0.042,-33.273,G,15.6,0.6,0.5,5,,,Boo,Sab,23.0
,0.016,-5.329,G,14.9,1.1,0.9,150,,,Boo,E,24.0
,0.004,8.775,G,15.7,0.6,0.3,43,,,Boo,Sb,22.9
,0.000,0.073,G,14.8,1.0,0.7,107,,,Boo,E,23.7
,0.018,-6.255,G,15.4,0.6,0.5,171,,,Boo,E,23.3
,0.017,-8.496,G,15.7,0.7,0.3,41,,,Vir,S0,23.6
,-0.002,6.043,G,15.4,0.5,0.5,153,,,Boo,Sc,22.7
,0.004,-6.099,G,14.9,0.9,0.6,52,,,Vir,SBa,23.1
,0.001,0.093,G,14.7,1.1,1.1,98,,,Vir,S0,23.7
,0.001,-0.096,G,15.8,0.7,0.4,19,,,Vir,Sa,23.5
,0.012,6.057,G,14.8,1.5,0.8,1,,,Boo,S0-a,24.3
1,-0.059,59.583,G,14.7,0.8,0.5,86,,,UMi,Sc,22.6
,0.074,-49.822,G,15.5,0.7,0.6,9,,,Boo,SBbc,23.4
,0.010,-14.303,G,13.9,2.1,0.5,163,,,Vir,Sb,23.3
,-0.057,57.114,G,14.7,0.9,0.8,66,,,Dra,Sa,23.2
,0.076,-43.990,G,15.2,0.8,0.4,31,,,Boo,Sbc,23.1
,0.002,1.007,G,15.4,0.7,0.6,54,,,Boo,E,23.6
,0.000,1.594,G,15.4,1.0,0.3,31,,,Boo,Sc,23.0
,0.025,-3.667,G,15.2,0.6,0.3,27,,,Boo,Sb,22.3
,0.013,-15.672,G,14.8,1.0,0.8,10,,,Vir,S0,23.6
,0.015,-14.991,G,13.1,2.3,0.8,5,,,Lib,Sb,22.9
,-0.026,64.110,G,14.3,1.5,0.9,22,,,Boo,Sb,23.7
1,0.056,-33.373,G,14.9,1.5,0.4,115,,,Boo,Sab,23.7
,0.025,-17.897,G,15.2,0.9,0.8,120,,,Lib,S0-a,23.6
,0.018,-6.357,G,15.1,1.2,0.7,93,,,Lib,SBa,23.7
,-0.009,25.991,G,16.0,0.5,0.4,146,,,Boo,E,23.3
,0.001,-0.071,G,15.3,0.9,0.8,114,,,Boo,S0-a,23.9
,0.015,-14.005,G,14.9,0.7,0.6,145,,,Vir,SBb,22.8
1,-0.047,58.589,G,13.7,0.9,0.7,95,,,Dra,S0,23.0
,0.061,-59.975,G,14.1,1.2,0.7,69,,,Vir,SABb,23.0
,0.001,0.036,G,13.5,1.8,1.5,128,,,Vir,Sb,23.5
,0.007,-0.255,G,14.6,0.9,0.7,138,,,Vir,E,23.4
,-0.046,51.334,G,14.9,1.5,0.8,50,,,Boo,S0,24.4
,0.052,-50.926,G,15.9,0.8,0.3,121,,,Vir,Sbc,23.4
,0.005,1.265,G,14.5,1.1,0.7,153,,,Vir,S0,23.4
,0.001,0.092,G,15.3,0.9,0.5,152,,,Vir,E,23.8
,-0.000,-0.048,G,15.5,0.5,0.4,159,,,Vir,S0,22.9
,-0.038,46.471,G,15.1,0.9,0.3,116,,,Boo,Sbc,22.8
,0.048,-33.159,G,14.9,1.2,0.5,155,,,Boo,SBb,23.3
,0.003,-0.069,G,13.7,0.9,0.5,9,,,Boo,SBb,22.3
,0.039,-37.251,G,13.5,1.3,1.1,61,,,Lib,SBbc,22.6
,-0.015,28.569,G,14.7,1.0,0.8,19,,,Boo,Sa,23.4
,0.002,0.015,G,14.7,1.5,0.8,81,,,Boo,E,24.2
,0.024,-16.093,G,15.0,1.2,0.9,33,,,Lib,E-S0,24.0
,0.015,-12.516,G,14.8,1.7,0.6,153,,,Lib,S0-a,24.2
,-0.001,26.246,G,15.3,0.9,0.7,43,,,Vir,E-S0,23.7
,-0.055,61.402,G,15.2,0.7,0.6,94,,,UMi,Sbc,23.0
,0.095,-75.884,G,14.2,0.9,0.6,156,,,Lib,E-S0,23.5
,0.024,24.728,G,14.9,0.9,0.8,24,,,Boo,E,23.6
,0.013,-0.139,G,15.3,0.7,0.5,165,,,Boo,S0-a,23.2
,0.054,-13.337,G,15.5,0.7,0.3,74,,,Vir,Sa,23.4
1,0.012,3.340,G,15.2,1.0,0.6,140,,,Vir,E,24.0
1,0.013,-18.258,G,14.3,1.1,0.8,132,,,Lib,Sb,23.0
,-0.010,20.499,G,15.0,1.0,1.0,72,,,Boo,S0-a,23.7
,-0.000,5.190,G,15.0,1.0,0.7,90,,,Boo,SABb,23.5
,0.001,0.077,GTrpl,,0.8,,,,,Boo,,
,0.015,-0.954,G,15.3,0.7,0.6,82,,,Boo,Sbc,23.2
,-0.004,5.521,G,15.7,0.6,0.4,76,,,Boo,S0-a,23.2
,0.003,-0.008,G,14.8,0.9,0.4,55,,,Boo,SBa,23.2
1,-0.027,37.325,G,14.8,1.1,0.8,4,,,Dra,Sc,23.4
1,0.067,-50.764,G,15.3,1.2,0.6,25,,,Vir,E-S0,24.4
,0.003,-1.451,G,15.5,1.0,0.6,18,,,Vir,SABb,23.5
,0.008,14.914,G,15.8,0.9,0.5,178,,,Se1,E,24.3
1,0.028,-14.920,G,14.9,0.9,0.5,92,,,Se1,S?,23.1
,0.011,0.423,G,15.1,0.9,0.4,34,,,Se1,SBb,23.2
,0.004,0.003,G,15.9,0.7,0.6,142,,,Se1,Sab,23.7
1,0.048,0.542,G,15.4,0.8,0.7,52,,,Se1,E,23.8
,-0.083,62.107,G,14.8,1.3,0.5,76,,,UMi,Sa,23.6
1,0.095,-60.145,G,15.1,1.0,0.6,124,,,Se1,SBab,23.5
,0.008,5.271,G,15.3,0.9,0.8,17,,,Se1,Sbc,23.6
2,0.061,-4.065,G,14.5,1.1,0.7,3,,,Se1,E,23.6
,0.041,7.065,G,15.7,0.7,0.3,117,,,Se1,Sab,23.3
,0.011,-2.044,G,14.9,1.2,1.2,73,,,Se1,E,24.2
,0.012,-17.101,GPair,,1.0,,,,,Se1,,
,0.007,22.528,G,16.2,0.7,0.3,32,,,Se1,I,23.2
,0.026,-12.068,G,15.4,1.1,0.8,54,,,Se1,E,24.4
,0.028,0.813,G,15.6,0.6,0.6,55,,,Se1,SBb,23.3
1,0.010,16.021,G,14.4,1.1,0.4,77,,,Se1,Sb,22.8
,0.052,-25.266,G,14.3,1.6,0.9,153,,,Se1,Scd,23.5
3,-0.018,69.874,G,13.5,1.0,0.9,3,,,UMi,Sc,22.4
,0.095,-51.002,G,15.6,0.7,0.5,37,,,Se1,SBb,23.4
,0.019,-5.163,G,14.7,0.8,0.7,153,,,Se1,E,23.2
,0.021,8.600,G,14.4,1.1,1.0,48,,,Se1,Sc,23.2
,0.018,-5.108,G,14.7,1.3,0.4,131,,,Se1,SBc,23.1
,0.063,1.389,G,15.4,0.9,0.5,164,,,Se1,S0,23.8
,0.010,0.738,G,15.1,0.8,0.3,63,,,Se1,S0-a,23.6
,0.033,-19.245,G,15.2,0.8,0.7,50,,,Se1,S0,23.3
,0.016,10.133,G,14.7,0.9,0.8,115,,,Se1,E?,23.1
,-0.005,17.618,G,15.3,1.0,0.2,41,,,CrB,S0-a,23.8
,-0.313,56.378,G,15.6,0.7,0.3,54,,,UMi,,23.5
1,0.339,-70.185,G,14.5,0.5,0.5,69,,,Se1,SABa,21.6
,0.011,5.741,G,15.0,1.0,0.8,160,,,Se1,SBc,23.5
,-0.325,64.316,G,14.6,1.4,1.4,150,,,UMi,E,24.3
,0.340,-39.038,G,14.7,0.7,0.5,107,,,Her,E-S0,22.8
,-0.120,29.013,G,15.1,1.4,0.4,168,,,UMi,Sbc,23.7
,0.070,-3.045,G,14.7,1.3,0.9,90,,,Dra,S0,23.9
,0.031,0.174,G,15.5,0.5,0.5,125,,,Dra,,22.5
1,0.132,-57.490,G,14.1,1.1,0.8,164,,,Se1,Sbc,22.9
1,0.007,5.371,G,12.9,2.2,0.9,32,,,Se1,SBc,23.2
,-0.031,30.654,G,14.2,1.1,1.0,19,,,Her,E,23.4
,0.006,0.073,G,13.6,1.2,1.0,0,,,Her,S0,22.9
,-0.076,22.207,G,14.7,1.8,1.1,142,,,UMi,E,24.8
,0.135,-54.689,G,14.3,0.8,0.7,11,,,Se1,SABb,23.1
,0.000,4.037,G,13.4,1.1,1.0,10,,,Her,E,23.6
,0.006,-4.197,G,15.6,0.8,0.4,135,,,Se1,SABa,23.5
,0.010,-13.818,G,13.1,1.9,0.9,134,,,Se1,SABc,23.4
,-0.009,13.712,G,15.7,0.8,0.5,30,,,Se1,S0-a,23.7
,0.000,0.075,G,15.6,0.8,0.5,143,,,Se1,S0-a,23.6
,0.004,0.150,G,15.2,0.7,0.5,96,,,Se1,E,23.3
,0.000,2.033,G,14.7,0.7,0.6,161,,,Her,SABb,23.1
,0.004,-2.174,G,14.9,0.8,0.7,11,,,Se1,E,23.3
1,0.011,0.190,GPair,,0.9,,,,,Her,,
,-0.000,10.633,GPair,,0.6,,,,,CrB,,
,0.029,-11.381,G,15.5,0.6,0.6,117,,,Se1,E,23.3
,0.000,-0.044,G,15.6,1.3,0.6,169,,,Se1,E,24.8
,0.005,-1.158,G,14.1,1.1,0.7,10,,,Se1,S0-a,22.9
,0.005,3.977,G,17.4,0.5,0.3,84,,,Her,E-S0,24.6
2,0.012,-0.298,G,14.6,0.9,0.5,63,,,Her,SABc,23.3
,0.004,-2.398,G,14.4,1.0,0.8,51,,,Se1,S0-a,23.0
2,-0.002,3.290,G,16.2,0.5,0.4,164,,,Her,S0-a,23.5
,0.004,-0.714,G,13.9,1.3,0.7,145,,,Her,E-S0,24.3
2,-0.000,-0.007,G,14.8,1.0,0.7,58,,,Her,S0-a,24.6
,0.001,0.208,G,14.7,0.8,0.7,80,,,Her,S0-a,23.6
2,0.002,-0.085,G,13.8,0.7,0.5,8,,,Her,Sab,22.8
,-0.000,-0.355,G,14.7,0.8,0.5,5,,,Her,Sb,23.5
,-0.110,53.195,G,15.4,0.3,0.2,100,,,UMi,Sbc,
,0.116,-53.097,GPair,,0.7,,,,,Her,,
,0.002,0.723,G,14.4,0.8,0.6,179,,,Her,S0-a,23.5
,-0.006,0.038,G,14.7,1.3,0.3,119,,,Her,SABb,24.0
,0.010,0.047,GPair,,0.7,,,,,Her,,
,0.001,-0.492,G,14.9,0.9,0.4,114,,,Her,SBb,24.0
,-0.000,-0.062,G,14.4,0.8,0.7,2,,,Her,S0-a,23.7
,0.002,0.047,G,14.3,0.6,0.5,20,,,Her,S0,23.1
,0.000,-0.569,G,14.8,0.6,0.4,13,,,Her,SBbc,23.0
,0.022,-6.412,G,14.7,1.0,0.5,5,,,Se1,Sa,23.2
,0.005,-3.242,G,14.4,2.6,0.5,57,,,Se1,Sc,23.8
,0.005,4.793,G,14.9,0.8,0.4,111,,,Se1,SBab,22.7
,0.033,-2.291,G,14.5,1.2,0.4,158,,,Se1,Sbc,22.9
1,-0.081,59.554,G,15.6,0.7,0.2,114,,,Dra,Sb,23.1
2,0.026,0.337,G,15.3,0.7,0.3,65,,,UMi,Sa,
,0.117,-60.394,G,14.6,0.7,0.6,110,,,Her,SBab,22.4
,0.016,1.760,G,14.8,1.1,0.6,2,,,Her,Sab,23.5
1,0.009,25.230,G,15.0,1.2,0.3,95,,,CrB,S0-a,24.2
,0.048,-20.969,G,14.9,1.4,0.9,3,,,Her,E-S0,24.2
,-0.069,46.979,G,14.6,1.4,0.4,169,,,Dra,Sab,23.7
,0.039,-9.531,G,13.8,1.3,1.2,65,,,Dra,E,23.3
,-0.022,11.219,G,15.3,0.8,0.7,5,,,Dra,E,23.6
1,0.011,1.744,G,14.9,1.1,0.4,17,,,Dra,S0-a,23.6
,-0.010,2.429,G,13.7,0.9,0.7,163,,,Dra,SBbc,22.3
,0.005,-0.048,G,14.9,0.8,0.6,49,,,Dra,Sc,23.0
1,0.012,-0.147,G,15.3,0.9,0.9,60,,,Dra,Sb,23.1
,0.131,-48.720,G,15.1,1.3,0.5,122,,,Her,S0,24.3
,0.086,-11.032,G,14.7,1.2,1.2,142,,,Her,E,24.1
,0.084,37.941,G,14.6,1.0,0.9,35,,,Her,Sc,23.3
,0.008,-0.178,G,13.4,1.5,1.1,49,,,Her,Sbc,23.5
,0.009,3.007,G,15.3,0.8,0.6,20,,,Her,Sb,23.4
,0.121,-29.967,G,15.4,1.3,0.8,87,,,Her,E-S0,24.5
,-0.101,48.375,G,15.4,1.4,0.5,71,,,Dra,Sb,23.9
,0.070,-21.625,G,15.3,0.6,0.5,53,,,Her,SBa,22.8
1,0.017,19.581,G,14.4,1.3,0.7,122,,,Dra,Sb,23.3
,0.048,-14.277,G,16.0,0.4,0.2,106,,,Dra,Sb,23.2
,0.000,-0.048,GPair,,0.9,0.6,159,,,Her,E,24.1
,0.033,7.163,G,13.2,1.9,0.9,153,,,Dra,Sc,23.2
3,0.085,4.693,G,15.0,0.8,0.5,13,,,Dra,Sc,23.0
,0.107,-43.075,G,13.6,1.2,1.1,146,,,Her,Sc,23.2
,-0.037,34.985,G,14.6,2.0,0.6,22,,,Dra,Sbc,23.9
3,0.087,8.665,G,13.7,1.2,0.9,59,,,Dra,SBc,23.2
,0.120,-59.641,G,14.9,0.8,0.5,120,,,Oph,Sb,22.9
1,0.031,32.253,G,14.5,1.1,1.1,130,,,Her,E,23.7
,0.034,1.717,G,14.9,1.9,1.0,126,,,Her,S0,24.7
2,-0.016,21.976,G,14.6,0.8,0.6,17,,,Dra,Sc,22.9
,0.055,-24.476,G,14.8,0.2,0.2,147,,,Her,Sbc,
,-0.008,21.897,G,15.9,0.6,0.3,70,,,Dra,E,23.7
,-0.071,14.993,G,14.3,1.2,0.6,67,,,Dra,Sc,23.1
,0.094,-15.043,G,15.6,1.1,0.3,141,,,Dra,Sab,23.8
1,-0.071,15.035,G,13.9,0.9,0.5,38,,,Dra,Sb,23.2
,0.192,-59.707,G,14.2,1.0,0.5,11,,,Oph,Sb,22.4
,0.011,13.792,G,13.6,1.3,0.8,93,,,Her,Sb,23.2
,0.056,-33.580,GCl,,3.3,,,,,Oph,,
,0.003,65.578,G,14.4,0.9,0.7,65,,,Dra,Sa,22.9
,0.002,0.032,GPair,,0.9,,,,,Dra,,
,0.002,-0.041,G,15.7,0.4,0.3,138,,,Dra,S0-a,22.6
,-0.069,12.788,GPair,,1.1,,,,,Dra,,
,0.161,-27.504,G,13.7,1.6,0.8,84,,,Her,E,24.6
,0.001,0.062,G,14.7,1.6,0.7,178,,,Her,Sb,23.8
,0.003,-0.193,G,15.5,1.4,1.2,60,,,Her,S0,25.0
,0.056,-1.541,G,14.0,1.9,0.8,78,,,Her,Sab,23.6
,0.149,-88.178,PN,11.2,0.2,,,,,Ara,,
,-0.114,105.463,G,13.4,1.4,0.9,55,,,Dra,SBb,23.3
,0.198,-42.164,G,15.2,0.7,0.5,90,,,Her,Sc,22.8
,0.024,4.361,G,12.8,1.3,0.8,135,,,Her,Sbc,22.4
1,0.219,-45.981,Neb,,,,,,,Sgr,,
2,0.077,0.763,HII,,20.0,5.0,,,,Sgr,,
,0.005,-0.113,Neb,,,,,,,Sgr,,
,0.010,16.553,GCl,,9.6,,,,,Se2,,
,-0.005,38.211,G,14.9,1.0,0.7,21,,,Her,Sc,23.4
1,0.014,5.005,G,14.4,2.3,0.6,159,,,Her,Sb,23.9
1,0.006,-0.016,GPair,,1.3,,,,,Her,,
1,0.094,-55.754,HII,,15.0,15.0,,,,Sgr,,
,0.006,0.090,Neb,7.7,17.0,15.1,,,,Sgr,,
1,-0.023,75.263,G,14.7,1.4,0.4,86,,,Dra,Sab,23.6
,0.253,-66.387,RfN,6.1,20.0,10.0,,,,Sct,,
,-0.034,50.509,G,14.2,1.1,0.6,5,,,Lyr,SBa,22.9
,0.011,0.251,G,15.3,0.7,0.3,145,,,Lyr,,23.4
1,0.064,9.315,G,13.0,1.3,1.1,17,,,Dra,Sd,22.8
3,0.345,-58.106,PN,12.5,1.5,,,,,Sct,,
,-0.021,41.894,G,15.3,1.0,0.5,69,,,Lyr,SBbc,23.6
,0.401,-72.680,PN,10.7,0.1,,,,,CrA,,
1,0.088,60.353,OCl,14.0,2.0,1.0,,,,Vul,,
1,0.064,29.385,G,14.2,1.4,0.7,19,,,Cyg,S0-a,23.7
,0.073,-14.340,G,13.3,0.9,0.5,50,,,Cyg,SABc,22.2
,0.010,0.092,G,14.8,1.2,0.7,104,,,Cyg,Sc,23.5
4,0.226,-50.597,HII,,,,,,,Sgr,,
,0.299,-2.512,G,15.1,0.9,0.6,58,,,Sgr,SABb,23.2
,0.117,52.201,Cl+N,,15.0,3.0,,,,Cyg,,
,0.013,6.205,OCl,13.1,6.3,,,,,Cyg,,
1,0.132,-58.120,G,15.0,1.6,1.0,26,,,Cap,Sab,23.8
3,0.076,17.611,G,13.7,0.8,0.6,98,,,Aql,E,22.8
1,0.046,-19.169,G,14.8,0.8,0.5,8,,,Cap,Sbc,22.7
,0.006,21.414,G,14.4,1.1,0.6,87,,,Del,SBb,23.0
,0.030,-21.202,G,15.2,1.1,0.7,96,,,Cap,SBbc,23.8
,0.032,3.064,G,15.5,1.1,0.6,114,,,Cap,S0-a,24.0
1,0.035,6.172,G,14.3,1.2,1.1,55,,,Cap,S0-a,23.5
2,0.058,9.050,G,14.9,0.9,0.9,15,,,Aql,S0-a,23.5
,0.104,-19.627,G,14.9,0.9,0.4,50,,,Cap,Sc,
1,0.072,5.610,G,,1.2,0.4,109,,,Aqr,Sc,
,0.026,4.027,G,14.7,1.8,0.5,85,,,Aqr,S0-a,24.4
,0.067,-3.716,G,15.9,1.2,0.7,64,,,Aqr,Sab,24.0
,0.007,-2.574,G,15.5,1.4,0.7,83,,,Cap,S0-a,24.4
1,0.014,-0.049,G,16.0,0.9,0.6,16,,,Cap,E,24.4
,0.033,-1.704,G,15.3,0.9,0.5,44,,,Cap,S0-a,23.6
,0.030,1.453,G,14.7,0.8,0.6,16,,,Cap,SABb,22.8
,0.001,0.093,G,15.6,0.8,0.5,6,,,Cap,SBab,23.4
,0.016,-1.450,G,14.2,1.5,0.9,49,,,Cap,Sb,23.4
,-0.029,48.991,SNR,,25.1,19.9,,,,Cyg,,
,0.069,-45.024,G,15.2,0.9,0.5,61,,,Aqr,S0-a,23.9
,0.002,-0.520,G,,1.1,0.4,74,,,Aqr,Sab,
,0.010,-0.908,G,15.2,1.0,0.4,173,,,Cap,S0-a,23.8
,0.004,2.024,G,14.6,1.1,0.5,50,,,Aqr,Sab,23.1
,0.002,-0.018,G,15.6,0.5,0.4,158,,,Aqr,,22.9
,0.004,-0.563,G,14.9,1.2,0.6,98,,,Aqr,Sb,23.6
,0.002,0.648,G,15.6,1.4,0.7,2,,,Aqr,S0,24.8
,-0.000,-0.045,G,15.6,0.4,0.3,155,,,Aqr,,
,0.002,0.092,G,15.5,0.7,0.4,51,,,Aqr,S0-a,23.6
,0.000,-0.587,G,14.8,0.9,0.6,160,,,Aqr,S0-a,23.3
,0.000,0.651,G,15.7,0.7,0.2,25,,,Aqr,,23.9
,0.001,-0.182,G,16.4,0.5,0.3,30,,,Aqr,,23.6
,0.000,0.111,G,16.4,0.5,0.3,134,,,Aqr,,23.4
1,0.001,0.100,G,15.7,0.4,0.3,50,,,Aqr,,
,0.015,-2.639,G,15.2,0.8,0.6,163,,,Cap,E,23.6
,0.051,5.096,G,15.8,1.3,0.5,38,,,Aqr,SBa,24.4
,0.009,-5.488,G,15.7,0.5,0.2,38,,,Cap,,22.9
,0.037,28.688,G,14.7,1.2,0.5,171,,,Del,Sab,23.3
,0.036,-7.413,G,15.4,0.8,0.4,20,,,Equ,Sb,
,0.010,-0.017,G,15.4,0.8,0.6,48,,,Equ,Sb,23.4
,0.007,-2.725,G,15.9,0.6,0.5,167,,,Aqr,E-S0,23.6
,-0.020,44.541,OCl,,,,,,,Cyg,,
,0.046,-44.100,G,13.4,1.1,0.8,124,,,Equ,E,23.4
,0.008,-0.205,GGroup,,1.0,,,,,Equ,,
,0.004,-0.789,G,15.8,0.8,0.4,23,,,Aqr,S0,24.0
,0.000,1.218,G,15.5,0.7,0.5,152,,,Equ,,23.4
,0.001,-0.816,G,14.3,1.4,0.5,47,,,Aqr,Sa,23.2
,-0.034,45.590,OCl,,5.1,,,,,Cyg,,
,0.051,-45.576,G,15.1,0.7,0.5,54,,,Aqr,,23.1
,0.084,-7.069,G,15.0,1.4,0.8,13,,,Aqr,E-S0,24.4
,0.000,-0.728,G,15.0,0.8,0.6,127,,,Aqr,Sc,23.1
,0.006,6.697,G,15.3,0.9,0.6,38,,,Aqr,E,24.0
,0.007,0.621,G,15.8,0.6,0.4,113,,,Aqr,Sbc,23.3
,-0.001,2.272,G,15.2,0.6,0.4,125,,,Equ,E,
1,0.074,0.329,G,14.8,0.7,0.6,118,,,Equ,SBab,22.7
1,0.010,-1.217,G,15.7,0.6,0.5,132,,,Equ,,23.3
,0.019,-0.379,G,15.7,0.7,0.6,145,,,Peg,,23.6
,0.006,-3.907,G,15.5,0.9,0.6,69,,,Aqr,Sab,23.7
1,0.002,0.087,G,15.9,0.6,0.2,126,,,Aqr,Sb,23.1
,0.004,-0.267,G,15.4,0.8,0.6,63,,,Aqr,,23.5
,0.016,0.299,G,18.2,0.6,0.5,141,,,Aqr,SABb,23.0
,0.013,-20.126,G,13.1,1.0,0.8,131,,,Cap,E-S0,22.9
,-0.001,19.845,G,15.0,0.5,0.5,15,,,Aqr,,22.4
,0.005,0.720,G,15.0,0.8,0.4,137,,,Aqr,S0-a,23.3
,0.038,-17.387,G,15.5,0.8,0.5,119,,,Cap,S0-a,23.6
,0.004,16.155,G,15.1,0.7,0.6,102,,,Aqr,,22.9
,0.043,1.352,G,15.8,0.6,0.5,84,,,Aqr,E,23.7
,0.009,35.909,G,12.9,1.5,1.2,73,,,Cyg,E-S0,22.6
,0.079,-57.809,G,15.6,0.7,0.5,175,,,Cap,S0,23.6
,-0.001,37.044,G,14.8,1.2,1.1,37,,,Peg,E,24.1
,0.025,-10.528,G,15.4,0.7,0.7,85,,,Peg,E,23.6
,-0.046,53.384,Cl+N,,14.0,4.0,,,,Cep,,
,0.085,-62.374,G,15.3,0.8,0.5,172,,,Aqr,S0-a,23.6
,0.030,14.360,G,15.3,0.8,0.4,70,,,Peg,Sc,23.0
,0.005,-5.073,G,15.6,0.7,0.5,162,,,Peg,,23.6
1,0.014,-2.689,G,13.7,1.7,0.6,180,,,Aqr,SABb,23.4
1,0.058,-4.429,G,16.4,0.5,0.3,153,,,Aqr,,23.6
,0.008,-6.551,G,14.6,1.0,0.8,47,,,Cap,E,23.4
,-0.002,11.288,G,15.1,0.9,0.6,117,,,Aqr,Sab,23.4
,0.004,-0.034,G,15.6,0.6,0.5,65,,,Aqr,E,23.4
,0.022,1.440,G,15.1,0.8,0.6,84,,,Peg,E-S0,23.3
,0.013,-16.774,G,14.9,1.0,0.5,33,,,Cap,S0,23.6
,0.003,5.847,G,15.6,0.7,0.4,28,,,Aqr,Sab,23.3
,0.045,4.600,G,15.5,0.8,0.5,132,,,Aqr,E,24.0
,-0.001,1.383,G,14.4,0.9,0.6,36,,,Aqr,E,23.1
,0.039,-15.659,G,14.6,1.3,0.7,102,,,Cap,S0-a,23.8
,0.002,14.074,G,15.7,0.9,0.3,74,,,Aqr,Sc,23.3
,-0.002,11.526,G,15.2,0.5,0.4,5,,,Peg,E,
2,0.034,-21.571,G,14.0,1.6,0.5,110,,,Aqr,Sb,23.5
,0.027,17.531,G,15.2,0.9,0.9,160,,,Peg,Sbc,23.7
,0.017,-14.305,G,16.1,0.5,0.3,164,,,Aqr,S0-a,23.6
,-0.008,29.671,GPair,,1.3,,,,,Peg,,
,0.009,-29.728,G,15.4,0.6,0.6,5,,,Aqr,E,23.5
,-0.001,12.577,G,15.8,0.5,0.3,142,,,Peg,,23.0
,0.004,1.699,G,14.8,0.9,0.4,40,,,Peg,Sb,22.8
1,0.003,-1.703,G,15.1,0.8,0.6,98,,,Peg,E,23.5
1,0.003,12.512,G,15.2,1.1,0.8,103,,,Peg,E,24.3
,0.014,-12.476,G,15.6,0.7,0.4,61,,,Peg,,23.6
1,0.051,-16.212,G,15.6,0.6,0.5,55,,,Aqr,,23.3
,0.003,0.068,G,15.3,0.8,0.7,20,,,Aqr,Sa,23.3
,0.040,17.203,G,16.8,0.4,0.3,30,,,Peg,S0,
,0.035,-16.455,GTrpl,,1.0,,,,,Aqr,,
,-0.025,65.615,OCl,,4.8,,,,,Lac,,
,0.046,-74.947,G,13.9,1.1,0.7,9,,,Aqr,Sb,22.4
,0.007,11.905,G,16.1,0.6,0.4,57,,,Aqr,E-S0,23.4
,0.031,12.258,G,14.8,1.1,0.9,52,,,Aqr,S0-a,23.6
,0.013,-23.497,G,12.8,2.3,2.2,119,,,Aqr,Sa,23.3
,0.003,-0.055,G,14.8,1.2,0.7,28,,,Aqr,SBa,23.7
,-0.002,5.470,G,14.9,1.7,0.5,76,,,Aqr,Sc,23.7
,-0.021,53.317,G,15.4,1.1,0.6,38,,,Lac,SBb,23.9
,0.012,16.690,OCl,9.1,4.2,,,,,Lac,,
,0.051,-74.931,G,13.5,1.6,1.2,42,,,Aqr,E,23.3
,0.055,26.079,G,15.8,0.6,0.4,5,,,Peg,E,23.4
,0.052,-22.382,G,12.7,1.4,1.1,87,,,Aqr,E-S0,23.1
,0.060,16.058,G,15.5,0.8,0.5,29,,,Aqr,E-S0,23.7
,0.015,-3.935,G,13.7,1.5,0.8,95,,,Aqr,Sb,22.8
1,0.085,-3.645,G,15.2,0.6,0.3,48,,,Aqr,,23.1
1,0.184,-1.604,G,15.0,0.9,0.9,46,,,Aqr,Sc,23.5
1,0.013,-3.081,G,15.1,0.8,0.7,158,,,Aqr,SABb,23.3
,-0.075,93.892,PN,14.0,0.5,,,,,Cep,,
,0.189,-79.070,G,14.6,1.0,0.6,40,,,Psc,SBa,23.2
,0.026,-14.104,G,15.9,0.9,0.2,125,,,Aqr,,24.5
2,0.031,-23.730,G,10.5,4.6,3.2,43,,,Gru,E,23.1
,-0.002,41.139,G,14.3,0.6,0.5,158,,,Psc,E,22.8
,0.025,10.496,G,15.0,0.6,0.6,12,,,Peg,Sc,22.6
2,0.077,-24.164,GPair,,1.2,,,,,Aqr,,
1,0.008,6.216,G,14.6,0.6,0.5,124,,,Psc,Sm,22.3
,0.019,-0.455,G,14.8,0.8,0.4,3,,,Psc,Sc,22.5
,0.005,0.025,G,15.2,1.1,0.5,171,,,Psc,S0-a,24.0
,0.023,-10.332,G,,0.5,0.4,105,,,Aqr,,
,-0.022,73.781,HII,11.5,1.8,1.8,90,,,Cep,,
,0.060,-72.883,G,14.6,1.1,0.7,169,,,Aqr,Sa,23.2
,0.006,29.898,G,15.2,1.0,0.6,60,,,Peg,S0-a,23.9
,0.033,12.384,G,14.2,1.7,0.8,176,,,Peg,S0,24.0
,0.029,-23.837,G,13.9,1.0,0.5,149,,,Psc,Sc,22.9
1,0.024,24.745,G,15.5,0.9,0.9,165,,,Peg,S0-a,24.1
2,0.075,-40.950,G,14.6,1.2,1.0,25,,,Aqr,E-S0,23.7
1,0.011,16.305,G,14.4,0.7,0.7,45,,,Psc,Sd,22.4
,0.023,-4.167,G,15.1,0.8,0.6,135,,,Psc,E,23.6
1,0.031,9.645,G,17.8,0.6,0.3,49,,,Peg,,24.8
3,0.049,3.970,G,15.7,1.1,0.2,172,,,Peg,Sa,24.1
,0.015,-27.871,G,15.1,0.5,0.5,25,,,Aqr,,22.5
,0.544,8.390,G,14.5,1.4,0.8,83,,,Psc,SABb,23.0
,-0.496,-12.190,G,15.0,0.8,0.4,150,,,Aqr,Sbc,22.7
,0.020,13.277,G,14.4,1.5,1.1,32,,,Psc,S0-a,23.9
,-0.002,17.499,G,16.6,0.5,0.3,135,,,Peg,,23.9
,0.005,-27.184,G,15.8,0.7,0.3,125,,,Aqr,S0-a,23.8
,0.000,-0.760,G,13.0,1.3,0.8,25,,,Aqr,Sb,23.2
,0.002,10.551,G,14.4,1.6,1.2,65,,,Psc,S0-a,24.0
1,0.017,-2.073,G,14.0,2.2,0.6,3,,,Aqr,SBa,23.8
1,0.021,9.560,G,15.2,0.5,0.4,20,,,Psc,S0-a,
,0.025,-7.706,G,14.6,1.5,0.7,133,,,Psc,SABb,23.5
,0.028,78.801,G,14.7,1.0,0.6,51,,,Cep,S0-a,23.4
,0.035,-70.847,G,14.3,0.9,0.4,71,,,Psc,Sd,22.1
,0.048,-0.784,G,14.4,1.6,0.5,92,,,Psc,Sb,23.4
,0.005,-7.582,G,14.7,0.6,0.6,150,,,Aqr,E,22.4
,0.053,8.301,G,15.5,0.9,0.6,135,,,Psc,S0,24.0
,0.012,-3.047,G,14.7,1.3,0.5,130,,,Psc,S0-a,24.0
,0.006,10.373,G,13.4,0.8,0.4,169,,,Peg,Scd,21.5
,0.023,-27.368,G,15.2,1.3,0.2,11,,,Aqr,Sc,23.1
,0.054,17.379,GGroup,,1.0,,,,,Psc,,
2,0.049,9.245,G,15.0,1.1,0.4,106,,,Peg,Sab,23.4
1,0.043,-12.307,G,14.4,1.3,1.1,4,,,Psc,Sb,23.6
,0.001,0.072,G,14.1,1.2,1.0,3,,,Psc,Sbc,23.1
,0.004,0.611,G,14.6,1.0,0.8,172,,,Psc,S0,23.4
,0.013,12.771,G,15.9,0.5,0.4,88,,,Peg,S0,23.2
,0.000,-0.007,G,15.9,0.6,0.5,140,,,Peg,E-S0,23.7
,0.013,-26.497,G,14.7,0.6,0.6,20,,,Cet,Sc,22.1
,0.018,6.892,G,15.0,0.9,0.6,108,,,Cet,S0,23.6
,0.001,8.867,G,15.2,0.8,0.3,13,,,Psc,Sb,23.3
,0.001,5.153,G,16.3,0.4,0.3,15,,,Psc,,
1,0.003,40.017,G,13.2,1.8,1.2,26,,,And,Sb,23.0
,-23.963,-35.544,G,15.1,0.7,0.5,136,,,Peg,Sc,22.9
,0.014,-7.256,G,15.4,0.9,0.7,132,,,Psc,Sa,23.8
,0.046,-11.183,G,13.6,2.1,0.8,73,,,Cet,SBb,23.3
,0.002,-4.410,G,14.5,1.1,0.9,22,,,Cet,S0,23.5
1,0.073,-20.774,G,13.5,1.9,1.3,124,,,Scl,E-S0,23.6
,0.005,-32.095,G,14.8,1.8,0.5,73,,,Tuc,SBbc,23.9
1,0.064,112.523,G,15.1,1.0,0.4,70,,,And,S0,23.9
,0.004,0.007,G,15.2,1.0,0.3,170,,,And,Sb,23.0
,0.006,-0.015,G,15.5,0.8,0.5,172,,,And,E,23.9
3,0.091,-24.370,G,14.9,1.0,0.4,28,,,And,SBb,23.0
,0.004,-1.773,G,15.6,0.7,0.3,36,,,And,S0,23.6
,0.011,0.592,G,15.0,0.5,0.4,70,,,And,,22.8
,0.004,-0.726,G,14.2,0.8,0.7,36,,,And,Sbc,22.5
,0.006,1.225,G,14.1,1.1,0.8,143,,,And,SABc,23.4
,0.001,-1.108,G,16.7,0.5,0.4,14,,,And,,23.5
2,0.009,0.023,G,15.6,0.7,0.4,78,,,And,E,23.6
,0.016,-15.042,G,15.0,1.4,1.4,150,,,Psc,S0-a,24.5
,0.027,31.222,G,15.0,0.9,0.9,150,,,And,S0,23.6
,0.052,-29.309,G,14.9,2.4,0.7,3,,,Psc,SBc,24.5
,0.035,12.600,G,15.3,0.9,0.3,126,,,Psc,Sc,23.0
,0.049,-47.085,G,14.4,1.4,0.3,15,,,Scl,Scd,22.7
,0.008,-6.650,G,13.8,1.4,0.8,27,,,Scl,S0-a,23.2
,0.024,2.240,G,14.3,1.3,0.7,129,,,Scl,Scd,23.1
,0.008,20.650,G,15.2,0.8,0.3,40,,,Cet,Sb,23.1
,0.009,6.492,G,15.5,0.7,0.2,116,,,Cet,S0-a,23.4
,0.003,-22.498,G,12.5,2.8,1.5,143,,,Scl,SABm,23.3
2,0.046,1.034,G,15.2,1.4,0.5,103,,,Cet,SBb,23.8
,0.001,0.066,G,13.6,1.5,1.4,49,,,Cet,SBc,23.2
1,0.008,30.295,G,14.8,1.0,0.5,84,,,Psc,SABb,23.1
,0.006,0.713,G,14.5,1.8,1.8,20,,,Psc,E,24.6
,0.002,0.081,G,15.4,0.9,0.7,125,,,Psc,E,24.1
1,0.007,0.034,G,15.7,1.1,0.9,76,,,Psc,S0,24.5
,0.008,-0.129,G,15.7,0.7,0.6,12,,,Psc,S0,23.7
,0.002,0.033,G,16.4,0.6,0.3,4,,,Psc,S0-a,23.9
,0.001,-7.084,G,14.6,1.1,0.8,14,,,Cet,Sb,23.3
1,0.026,-23.261,G,16.7,1.3,0.2,68,,,Cet,Sc,24.3
,0.015,1.345,G,13.9,1.8,0.7,176,,,Cet,IB,23.7
,0.008,18.129,G,14.8,0.9,0.8,140,,,Cet,Sa,22.8
,0.011,-20.991,G,15.6,0.8,0.5,143,,,Scl,Sc,23.2
1,0.004,0.032,G,15.3,0.8,0.4,18,,,Scl,Sb,23.1
,0.018,-1.488,G,14.8,1.0,0.5,6,,,Scl,SBc,23.0
1,0.004,0.645,G,16.2,1.0,0.2,48,,,Scl,Sc,23.7
,0.008,1.641,G,15.8,1.2,0.3,47,,,Cet,Sbc,23.8
,0.015,47.353,G,15.3,0.6,0.5,28,,,And,S0-a,23.1
,0.002,4.754,G,15.0,1.4,1.2,95,,,And,SABb,24.4
,-0.001,-4.774,G,15.1,0.8,0.6,110,,,And,S0,23.4
,0.012,-0.681,G,14.7,0.3,0.2,20,,,And,,
,0.013,-45.935,G,15.6,1.2,0.4,30,,,Cet,S0,24.5
,0.037,0.004,G,16.4,0.7,0.3,153,,,Cet,S0-a,24.1
1,0.032,80.201,Cl+N,,6.3,,,,,Cas,,
1,0.010,-50.873,G,15.4,0.9,0.7,167,,,Psc,Sbc,23.6
1,0.005,-53.417,G,15.2,1.2,0.4,129,,,Phe,SABb,23.6
,0.000,2.460,G,15.4,1.4,0.3,12,,,Phe,Sb,23.8
,0.016,66.710,G,15.0,1.9,0.8,118,,,Psc,Sab,24.5
,-0.020,-79.630,G,15.0,1.6,0.4,152,,,Tuc,SBb,23.8
,0.020,63.881,G,15.0,1.0,0.5,3,,,Psc,Sa,23.4
,-0.003,-29.269,G,15.5,1.2,0.3,107,,,Cet,Sbc,23.4
,0.009,-0.030,G,15.5,0.8,0.5,92,,,Cet,Sbc,23.3
,0.008,-0.628,G,14.5,0.9,0.4,116,,,Cet,Sbc,22.4
,0.005,14.167,G,15.4,1.1,0.8,149,,,Cet,E,24.4
,0.019,-35.427,G,14.6,1.4,0.6,112,,,Phe,Sc,23.4
1,0.010,-3.490,G,12.9,1.7,1.4,143,,,Phe,SBbc,23.4
1,0.020,49.490,G,14.4,0.9,0.8,138,,,Cet,Sc,22.9
,0.010,-34.916,G,13.7,2.0,0.7,171,,,Scl,S0-a,23.9
,0.006,-6.005,G,13.7,1.1,1.0,44,,,Phe,S0,22.7
,0.032,24.766,G,13.9,1.6,1.4,110,,,Cet,S0-a,23.6
,-0.031,-56.764,OCl,12.0,1.5,1.5,,,,Tuc,,
,0.003,-0.039,OCl,12.3,1.2,0.8,20,,,Tuc,,
,0.080,74.489,G,9.5,18.3,17.1,50,,,Cet,I,25.0
,0.005,31.072,G,17.6,0.6,0.5,60,,,Psc,,24.6
,-0.016,-84.323,G,14.3,1.3,0.6,148,,,Phe,SBbc,23.1
,0.013,23.704,G,12.9,1.6,1.5,5,,,Scl,Sbc,23.1
,-0.011,-23.604,G,14.6,1.4,0.5,124,,,Phe,S0-a,23.7
,0.028,83.445,G,15.6,0.9,0.5,156,,,Psc,S0,24.0
,0.024,0.655,G,15.2,0.8,0.6,93,,,Psc,S0,23.5
,-0.002,-19.112,G,14.6,1.0,0.7,87,,,Psc,Sbc,23.1
,-0.015,-60.681,G,14.6,1.4,0.4,3,,,Phe,Sbc,23.2
,0.021,29.187,G,14.6,0.7,0.6,160,,,Cet,Sab,22.5
,0.003,0.032,GPair,,1.2,,,,,Cet,,
,-0.041,-54.536,OCl,12.4,0.9,0.9,,,,Tuc,,
,0.040,25.135,G,12.1,1.8,1.4,9,,,Phe,E-S0,23.0
,-0.025,-26.388,OCl,13.8,1.0,1.0,,,,Tuc,,
,0.032,27.202,G,13.7,1.6,0.6,139,,,Phe,SBbc,23.0
,0.011,17.512,G,12.5,1.6,1.5,112,,,Scl,E,23.5
,0.008,31.149,G,16.0,0.8,0.6,56,,,Cet,,24.1
,-0.017,-49.321,G,15.2,1.6,0.3,64,,,Phe,Sb,23.8
,0.008,0.278,G,14.2,0.8,0.5,85,,,Phe,Sab,22.3
,0.033,64.159,G,16.5,0.2,0.2,5,,,Psc,E,
,-0.014,-63.614,G,11.4,2.9,2.2,97,,,Phe,E,23.7
,0.019,63.594,G,15.7,0.8,0.7,153,,,Psc,E,24.1
,0.000,-0.011,G,15.6,1.1,0.7,148,,,Psc,E,24.6
,0.009,15.713,G,15.0,0.6,0.4,103,,,Psc,S0,22.4
,-0.009,-63.804,G,12.9,1.7,1.3,90,,,Scl,SBc,23.2
,0.022,63.804,G,14.9,0.8,0.7,105,,,Psc,E,23.2
,-0.010,-34.029,G,14.4,0.8,0.7,100,,,Cet,E,22.6
,0.002,0.034,G,15.4,0.2,0.2,20,,,Cet,Sb,20.6
,-0.037,-71.139,OCl,15.0,0.8,0.7,40,,,Tuc,,
1,0.041,71.359,G,15.2,0.9,0.7,79,,,Cet,SBa,23.5
,-0.048,-72.784,HII,11.7,0.8,0.7,40,,,Tuc,,
,0.054,88.944,G,14.4,0.9,0.8,11,,,Psc,E,23.9
,0.004,-0.042,G,15.1,0.7,0.6,17,,,Psc,SABc,23.5
,0.009,23.177,G,15.1,0.9,0.4,40,,,And,Sc,23.2
,0.007,-5.667,G,15.1,0.4,0.4,155,,,Psc,S0,21.9
,-0.031,-89.075,G,14.7,1.9,0.3,136,,,Phe,Sbc,23.6
,0.008,5.455,G,13.6,1.3,0.7,62,,,Phe,SBb,23.2
1,0.044,82.350,G,14.2,1.3,0.2,170,,,Psc,S0-a,23.2
1,0.004,-1.753,G,14.5,1.0,0.5,50,,,Psc,Sa,23.0
,-0.055,-101.526,OCl,14.0,1.7,1.5,50,,,Tuc,,
1,0.037,38.680,G,13.1,2.3,0.5,170,,,Scl,SBbc,22.7
1,0.033,63.000,G,14.6,0.8,0.7,18,,,Psc,E,23.1
,-0.058,-102.111,OCl,13.5,1.1,1.1,,,,Tuc,,
1,-0.001,-1.695,OCl,14.0,1.2,1.2,,,,Tuc,,
3,0.122,105.924,G,14.3,0.9,0.9,73,,,Psc,Sc,22.9
,-0.019,-49.517,G,15.4,1.0,0.7,45,,,Cet,Sc,23.6
,0.003,50.223,G,15.8,0.3,0.2,50,,,Psc,Sc,21.9
,0.020,0.012,G,15.7,0.8,0.3,5,,,Psc,,24.0
,-0.021,-49.988,GPair,,3.0,,,,,Cet,,
1,0.030,46.502,G,13.9,1.4,1.0,138,,,Psc,Sab,23.2
,0.002,3.346,G,14.8,0.5,0.5,70,,,Psc,E,22.3
,-0.024,-84.009,G,14.9,0.5,0.3,23,,,Phe,Sbc,21.9
,0.028,85.213,G,14.3,0.7,0.2,58,,,And,Sab,21.6
,-0.000,-3.990,G,15.6,0.6,0.4,179,,,Psc,E,23.4
,0.002,2.957,G,15.2,0.7,0.3,129,,,Psc,Sc,22.3
,-0.001,-27.655,G,15.3,0.3,0.2,145,,,Psc,,
,0.011,27.933,G,15.5,0.6,0.5,46,,,Psc,S0-a,23.1
,0.002,-0.212,G,14.9,0.7,0.5,103,,,Psc,S0-a,23.0
,-0.008,-33.192,G,14.9,1.0,0.5,101,,,Cet,Sd,23.0
,0.014,33.170,G,14.3,0.9,0.4,119,,,Psc,Sab,22.5
,0.007,1.177,G,14.1,1.3,0.6,173,,,And,Sb,22.9
,0.004,-1.023,G,15.8,0.7,0.5,124,,,Psc,S0,23.6
,0.004,-0.225,G,,0.4,0.3,165,,,Psc,,
1,0.004,0.086,G,14.8,0.7,0.5,0,,,Psc,S0-a,22.9
,0.002,-0.192,G,16.4,0.4,0.3,64,,,Psc,E,23.2
,0.006,-0.028,G,14.8,0.6,0.4,171,,,Psc,S0,22.7
,0.000,0.101,G,15.0,0.5,0.3,130,,,Psc,S0,
,0.010,0.251,G,16.3,0.5,0.4,122,,,Psc,S0-a,23.2
,0.004,-0.171,G,15.6,0.5,0.4,144,,,Psc,S0,22.9
,-0.010,-34.893,G,16.0,0.7,0.3,162,,,Cet,S0-a,23.7
,0.012,3.264,G,14.8,1.1,0.7,4,,,Cet,E,23.9
,0.006,7.092,G,15.3,1.8,1.1,86,,,Psc,E,25.2
,-0.004,-10.316,G,13.6,0.8,0.8,16,,,Cet,E,23.1
,0.002,2.061,G,15.0,0.8,0.5,104,,,Cet,S0-a,23.3
,0.006,14.395,G,14.8,1.9,0.8,117,,,Psc,S0,24.9
2,0.008,3.345,G,15.3,0.8,0.6,92,,,Psc,E,23.7
,0.001,-1.582,G,14.4,1.1,0.7,172,,,Psc,Sc,23.1
1,0.021,-1.826,G,14.3,1.1,0.8,162,,,Psc,Sc,23.0
,-0.007,-18.277,G,14.4,0.6,0.5,107,,,Cet,E,23.9
,0.013,18.321,G,15.6,0.5,0.5,85,,,Psc,SBcd,22.9
1,-0.043,-86.004,OCl,14.3,1.2,1.2,,,,Hyi,,
2,0.099,88.373,G,14.7,2.5,0.5,42,,,Psc,Sb,24.3
2,0.033,-30.214,G,16.6,0.6,0.5,94,,,Cet,,24.3
,0.011,25.610,G,14.5,0.7,0.5,95,,,Psc,I,22.3
2,0.082,20.782,G,15.0,0.7,0.4,120,,,Tri,,22.9
,-0.014,-67.291,G,14.0,1.5,1.1,173,,,Scl,S0,23.6
,0.046,5.011,G,13.8,1.2,0.9,155,,,Scl,Sbc,22.7
,0.017,37.439,G,14.6,1.1,0.5,100,,,Psc,Sbc,22.8
,0.027,-42.714,G,14.8,1.5,0.4,51,,,Scl,SABb,23.4
,0.004,43.077,G,14.1,2.5,0.5,28,,,Psc,Sb,23.7
,-0.002,-43.131,G,14.2,1.3,0.5,126,,,Scl,S0-a,23.4
,0.034,56.019,G,15.3,0.5,0.5,60,,,Psc,Sc,22.8
,0.002,-17.158,G,14.6,0.3,0.3,35,,,Psc,,
,0.037,22.714,G,11.6,6.5,2.4,150,,,Tri,SBm,24.0
,0.004,-60.935,G,13.3,1.3,0.8,6,,,For,Sbc,23.0
,0.003,6.710,G,12.5,2.2,1.2,142,,,For,E,24.0
,0.034,48.904,G,15.6,0.8,0.5,64,,,Ari,S?,23.5
,0.004,5.184,G,14.1,1.4,0.8,134,,,Tri,SABc,23.3
,0.010,8.737,G,14.8,1.3,0.4,61,,,And,S0-a,23.9
,-0.002,-2.851,G,13.0,1.5,1.4,70,,,Tri,E,24.0
,-0.024,-65.825,G,12.9,1.6,1.5,21,,,For,Sc,23.2
,0.027,65.835,G,15.1,0.8,0.7,157,,,Tri,S0,23.7
,0.000,-14.789,G,14.9,1.0,0.3,35,,,Ari,Sbc,23.0
1,0.004,-28.095,G,14.7,0.9,0.7,76,,,Cet,Sb,23.0
,-0.010,-24.264,G,14.8,0.9,0.6,86,,,For,Sb,22.9
1,0.024,17.268,G,15.5,1.1,0.6,168,,,Cet,S0-a,24.2
,0.021,39.509,G,15.2,0.7,0.5,48,,,Ari,Sc,23.0
2,-0.004,-39.390,G,16.1,0.8,0.3,138,,,Cet,S0-a,24.1
,0.024,21.473,G,15.0,1.6,0.5,95,,,Psc,S0,24.7
,0.053,58.518,PN,12.0,0.2,,,,,Cas,,
,-0.024,-45.681,G,14.7,0.7,0.5,122,,,Ari,Sbc,22.7
,0.000,-10.896,G,14.7,1.1,0.7,150,,,Psc,S0,23.5
,0.002,-2.669,G,15.3,1.0,0.2,64,,,Psc,S0-a,23.8
1,0.016,24.537,G,16.3,0.6,0.3,123,,,Tri,,24.1
,0.001,-0.024,G,14.9,0.8,0.6,140,,,Tri,E-S0,23.3
,-0.008,-24.563,G,15.4,0.9,0.9,80,,,Psc,,23.9
,0.006,10.524,G,14.7,1.5,0.4,155,,,Ari,SABa,23.7
,-0.002,-15.018,G,15.6,1.3,0.2,154,,,Cet,Sc,23.5
,0.002,-0.006,G,16.7,0.4,0.2,55,,,Cet,E,23.6
,-0.005,-16.068,G,15.2,0.6,0.2,50,,,Cet,S0,
,0.017,-16.445,G,13.9,1.5,1.3,11,,,For,Sbc,23.4
,-0.008,0.999,G,16.6,0.6,0.4,172,,,For,Scd,23.9
,0.024,32.556,G,15.5,0.6,0.3,47,,,Cet,S0-a,23.2
,-0.017,-33.808,G,14.3,1.7,0.6,43,,,For,SBbc,23.2
,0.023,5.429,G,14.6,1.1,0.9,45,,,For,Sbc,23.4
,0.019,52.392,G,14.4,1.2,0.9,10,,,Ari,Sb,23.4
2,-0.006,-35.660,G,14.8,1.7,0.6,75,,,Cet,Sa,24.0
,0.014,-13.948,G,14.8,1.4,1.2,47,,,For,S0,23.8
,0.001,-6.893,G,15.5,0.9,0.3,76,,,For,Sb,23.2
,0.022,41.901,G,15.3,1.4,1.4,50,,,Psc,S0,24.8
,0.001,-0.012,G,15.3,0.8,0.8,175,,,Psc,E-S0,23.5
,0.007,-2.223,G,,0.7,0.7,0,,,Psc,,
1,0.021,7.572,G,13.6,1.4,0.7,127,,,Ari,SABc,24.1
,0.022,-1.812,G,15.5,0.8,0.7,167,,,Ari,SABa,23.7
,-0.000,-7.399,G,14.3,1.3,1.0,172,,,Psc,Scd,23.6
,0.014,9.102,G,15.4,0.9,0.9,130,,,Ari,E,24.1
1,0.005,-11.503,G,15.2,0.4,0.3,105,,,Psc,,
,0.007,11.016,G,15.5,0.6,0.4,9,,,Ari,S0-a,23.3
,0.001,-15.240,G,15.9,0.7,0.5,126,,,Cet,Sbc,23.5
1,0.053,-32.422,G,12.5,2.0,0.8,4,,,For,Sb,22.8
,0.102,65.589,G,13.1,1.4,0.7,94,,,Tri,Sbc,23.0
,0.003,0.018,G,15.6,0.8,0.4,146,,,Tri,S0,23.8
,-0.005,-27.522,G,15.5,0.7,0.4,154,,,Cet,,23.5
1,-0.004,-36.346,G,12.4,2.5,1.1,28,,,For,SBbc,23.2
,0.034,63.597,G,14.7,1.9,0.4,30,,,Tri,Sa,24.2
,-0.004,-19.887,G,15.7,0.8,0.3,63,,,Ari,Sc,23.1
,0.001,-0.038,G,14.5,1.1,1.1,95,,,Ari,S0,23.5
,0.022,21.991,G,14.9,1.4,1.0,26,,,Tri,Sb,24.0
,0.042,-1.918,G,14.8,1.3,0.6,36,,,Tri,Sab,23.6
,-0.001,-16.782,G,15.0,0.9,0.7,90,,,Ari,S0-a,23.6
,0.084,46.280,HII,,12.0,12.0,,,,Cas,,
,-0.062,-103.413,G,13.7,1.1,0.7,86,,,Phe,E-S0,23.1
,0.044,61.766,G,15.2,1.0,0.4,142,,,Ari,SBb,23.3
,0.014,-6.964,G,,0.3,0.2,100,,,Ari,,
,0.041,32.540,G,14.9,0.8,0.4,40,,,And,Sc,22.8
1,-0.009,-26.388,G,14.0,1.2,0.5,30,,,Ari,Sb,23.3
,0.017,3.500,G,13.4,1.0,0.8,105,,,Ari,E,23.4
,0.010,0.026,G,15.7,0.5,0.5,35,,,Ari,E,22.9
,0.001,-0.012,G,15.8,1.0,0.9,136,,,Ari,E,24.4
,0.047,38.360,Cl+N,6.5,60.0,60.0,,,,Cas,,
,-0.052,-38.514,G,15.7,0.6,0.5,156,,,Ari,E,23.6
,0.016,0.007,G,15.6,0.6,0.5,24,,,Ari,E,23.2
1,0.019,-0.033,G,15.0,0.8,0.5,50,,,Ari,SBab,23.0
,-0.037,-65.993,G,14.2,1.4,1.0,150,,,Eri,Sab,23.3
,0.020,8.812,G,14.4,1.1,0.7,7,,,For,SBab,23.1
,-0.019,-8.547,G,12.2,2.1,1.6,35,,,Eri,E,23.7
,0.022,8.590,G,14.3,1.1,0.8,100,,,For,S0-a,23.3
1,0.058,66.650,G,14.3,1.4,1.2,123,,,Tri,S0,23.7
,-0.041,-69.101,G,14.3,1.3,1.2,125,,,For,SBab,23.0
,0.033,47.875,GPair,,0.9,,,,,Ari,,
,0.005,-22.244,G,15.3,0.8,0.7,78,,,Cet,E,23.7
,0.026,15.093,G,15.0,2.0,0.6,25,,,Cet,E,25.3
,0.003,1.989,G,15.2,0.5,0.3,65,,,Cet,,
,0.009,7.739,GPair,,1.0,,,,,Ari,,
1,0.037,18.290,G,13.3,1.4,0.8,78,,,Tri,Sc,24.1
1,0.005,-22.973,G,14.8,1.1,0.8,22,,,Cet,Sc,23.6
,0.002,-36.540,G,12.8,2.1,1.8,107,,,For,S0-a,23.5
,0.012,29.001,G,14.4,1.1,0.2,154,,,Cet,Sa,23.0
1,0.013,12.740,G,15.8,0.9,0.7,26,,,Ari,E,24.5
1,0.056,48.114,Neb,,120.2,,,,,Cas,,
,-0.033,-43.382,G,15.2,0.7,0.7,140,,,Ari,S0,23.3
,-0.005,-47.201,G,14.1,1.4,0.7,64,,,For,S0,23.6
,0.019,31.255,G,15.2,0.7,0.6,16,,,Cet,Sb,23.1
,0.017,11.806,GGroup,,0.7,0.6,28,,,Ari,E,23.8
,-0.007,-11.785,G,15.6,0.6,0.5,42,,,Cet,,23.6
1,0.022,16.350,G,15.2,0.6,0.2,175,,,Ari,Sc,22.1
,0.000,-4.215,G,15.2,1.0,0.4,96,,,Ari,Sbc,23.3
1,0.015,3.689,G,15.1,0.6,0.5,50,,,Ari,SBb,23.0
,-0.003,-7.471,G,15.6,1.1,0.3,20,,,Ari,Sa,24.0
,-0.000,-8.577,G,14.2,1.0,0.6,74,,,Cet,SBab,22.9
,0.007,0.349,G,15.0,0.9,0.4,97,,,Cet,Sbc,23.0
2,0.034,11.275,G,16.0,0.6,0.5,131,,,Ari,,23.4
,0.055,45.897,Cl+N,6.5,40.0,10.0,,,,Cas,,
,-0.057,-51.045,G,15.4,0.8,0.5,90,,,Cet,E-S0,23.8
3,0.005,-23.350,G,14.4,1.4,0.4,94,,,Eri,SBb,23.5
,0.021,33.297,G,14.8,0.5,0.4,154,,,Ari,S0,22.7
,-0.004,-5.861,G,16.3,0.5,0.3,40,,,Ari,S0-a,23.2
,-0.004,-14.210,G,14.4,1.1,0.5,56,,,Cet,Sab,23.0
,0.013,15.387,G,15.1,0.8,0.4,149,,,Ari,Sab,23.0
,-0.008,-45.910,G,14.2,1.9,0.9,174,,,For,S0-a,24.2
,-0.001,0.117,G,14.3,1.3,0.8,15,,,For,SBbc,23.2
,0.008,-0.016,G,12.6,2.6,1.8,4,,,For,E,24.6
,0.059,56.679,G,14.6,1.3,0.8,150,,,Ari,S0,23.8
,-0.019,-58.830,G,14.6,2.7,0.6,4,,,For,Sbc,24.3
,0.048,42.124,G,15.7,0.6,0.6,180,,,Cet,S0,23.4
,-0.020,-42.982,G,12.7,1.3,0.8,63,,,For,E,23.1
,0.028,43.026,G,14.9,1.3,1.0,91,,,Cet,Sbc,24.0
,-0.007,-24.481,G,15.2,1.0,0.8,84,,,Eri,E-S0,23.8
,0.016,24.965,G,14.6,1.5,1.2,17,,,Cet,,24.7
,0.004,0.067,G,15.9,0.4,0.4,35,,,Cet,,
,0.035,-3.542,G,15.6,0.7,0.3,124,,,Cet,S0,23.4
,-0.005,-8.184,G,13.5,1.6,0.9,133,,,Eri,Sm,23.1
,-0.009,63.019,HII,,4.0,4.0,,,,Cas,,
1,0.109,-51.059,G,15.3,1.2,0.5,26,,,Cet,S0-a,24.2
,0.041,26.402,G,14.7,0.9,0.7,85,,,Per,S0-a,23.2
,-0.040,-75.455,G,12.6,1.6,0.9,19,,,For,E-S0,23.1
,0.010,11.979,G,14.1,1.2,1.1,7,,,For,S0,23.5
,-0.023,-23.051,G,16.3,0.9,0.2,153,,,Hor,Sb,23.8
,0.008,-1.596,G,15.2,0.6,0.4,180,,,Hor,,22.9
,0.004,-0.010,G,16.0,1.2,0.2,137,,,Hor,Sc,23.8
,0.043,42.387,G,14.9,1.9,1.1,34,,,Eri,E-S0,24.7
1,0.022,12.879,G,15.0,1.1,0.4,22,,,Cet,Sb,23.3
2,-0.019,-36.012,G,14.9,1.4,0.5,137,,,For,Sc,23.4
,0.023,28.464,G,14.8,1.1,0.9,1,,,Eri,S0,23.8
3,0.032,23.608,G,15.6,1.0,1.0,150,,,Ari,S0,24.4
,0.004,0.399,G,16.6,0.4,0.3,44,,,Ari,,23.6
,-0.029,-42.663,G,13.8,1.8,1.0,12,,,Eri,SBd,23.3
,0.030,42.673,G,17.1,0.4,0.2,54,,,Ari,S0-a,23.8
,0.003,-0.010,G,15.8,0.8,0.5,3,,,Ari,S0,23.9
,-0.014,-44.861,G,13.3,1.4,1.1,164,,,For,S0-a,23.6
,-0.029,-28.960,G,15.8,0.8,0.3,18,,,Hor,Sab,23.5
,0.048,43.418,G,14.7,1.0,0.6,31,,,Eri,S0-a,23.4
,-0.007,-11.609,G,13.6,3.7,0.7,73,,,Eri,SBc,23.7
,0.032,-2.900,G,14.4,1.3,0.4,161,,,For,S0-a,23.5
,0.061,62.459,G,13.9,0.8,0.7,92,,,Per,S0,23.3
,0.002,-0.042,G,16.8,0.9,0.3,164,,,Per,S0-a,23.7
,0.003,0.065,G,15.6,0.7,0.4,67,,,Per,S0-a,23.6
,-0.050,-87.747,GPair,,1.9,,,,,Hor,,
,0.030,19.862,G,14.4,1.4,0.6,102,,,For,SBab,23.4
1,0.018,-3.653,G,14.5,1.2,0.5,64,,,For,SBbc,22.9
1,-0.017,-20.459,G,14.1,1.2,0.7,68,,,Hor,SBb,23.6
,0.038,21.130,G,14.5,1.2,0.7,60,,,For,SBb,23.3
2,-0.010,-16.965,G,15.8,1.1,0.2,6,,,Hor,Sc,23.4
,0.047,18.190,G,14.4,2.0,0.4,149,,,For,SBb,23.5
,-0.002,-17.135,G,13.0,1.9,1.4,112,,,Hor,SABc,23.4
,0.007,-1.091,G,16.2,0.6,0.5,29,,,Hor,SBc,23.6
,0.007,1.649,G,15.4,0.9,0.6,81,,,Hor,SBc,23.4
,0.032,-4.143,G,16.2,0.8,0.5,12,,,Hor,S0-a,24.4
,0.068,57.726,G,15.6,0.6,0.2,150,,,Tau,Sb,
,-0.004,-37.436,G,13.8,1.7,1.1,84,,,For,E-S0,23.7
,-0.027,-19.819,G,16.0,0.6,0.4,148,,,Hor,S0-a,23.4
1,0.005,1.973,G,16.9,0.4,0.3,31,,,Hor,Sbc,23.3
1,0.007,-0.962,G,16.7,0.7,0.3,76,,,Hor,Sbc,24.0
1,0.003,0.002,G,16.6,0.6,0.2,81,,,Hor,Sbc,23.2
1,0.036,30.141,G,14.1,1.8,0.5,30,,,Eri,Sab,23.4
,-0.034,-29.707,G,14.2,0.9,0.6,139,,,Hor,SBab,23.2
,0.056,55.651,G,15.8,0.8,0.6,14,,,Tau,E,24.1
,0.003,-2.633,G,15.4,0.8,0.8,78,,,Tau,,23.8
,-0.051,-53.094,G,14.6,0.9,0.4,15,,,Hor,S0,24.0
,-0.004,-1.443,G,12.6,2.3,1.2,54,,,Hor,Sc,22.9
,0.093,95.578,G,16.0,1.0,0.5,135,,,Per,S0,24.3
,-0.084,-92.802,G,14.3,1.0,0.7,67,,,Hor,Sc,23.1
,0.004,-1.313,G,16.0,0.6,0.3,146,,,Hor,Sc,23.2
,0.006,2.620,G,14.9,0.9,0.5,58,,,Hor,Sc,22.9
,0.006,-4.307,G,15.5,0.8,0.6,82,,,Hor,Sb,23.6
1,0.009,0.871,G,14.8,1.0,0.9,37,,,Hor,Sab,23.3
1,0.003,-0.538,GPair,,0.7,,,,,Hor,,
1,0.029,4.681,G,15.8,0.5,0.4,15,,,Hor,Sc,22.7
,-0.006,-4.631,G,15.3,0.8,0.3,127,,,Hor,S0-a,24.4
,0.001,0.008,G,14.4,0.9,0.5,64,,,Hor,S0-a,23.7
,0.020,2.280,G,14.8,0.6,0.5,131,,,Hor,Sc,22.9
,0.005,2.374,G,15.7,0.8,0.6,162,,,Hor,Sb,23.8
,0.001,-0.014,G,13.2,1.2,0.9,16,,,Hor,SBc,22.6
,0.003,-2.454,G,14.5,1.6,0.4,153,,,Hor,Sc,23.7
,-0.002,-2.693,G,17.1,0.5,0.2,56,,,Hor,Sbc,23.5
,0.041,29.413,G,13.5,2.6,0.6,140,,,Eri,SBbc,23.2
,0.005,2.234,G,12.0,2.3,1.2,125,,,Eri,Sc,22.4
,-0.037,-30.426,G,11.6,3.0,1.7,60,,,Hor,Sb,22.8
,-0.001,-5.337,G,15.8,0.7,0.6,176,,,Ret,Sbc,23.5
,0.069,62.309,G,15.5,1.3,0.5,33,,,Tau,Sbc,24.1
,-0.056,-57.524,G,16.5,1.0,0.2,33,,,Hor,Sc,23.8
,0.009,1.015,G,16.0,0.5,0.3,79,,,Hor,Sc,22.6
,0.007,1.028,G,12.8,3.0,0.7,148,,,Hor,SBm,23.1
,-0.011,-6.793,G,15.2,1.1,0.3,111,,,Ret,Sab,23.4
,0.017,8.256,G,15.5,0.6,0.4,19,,,Hor,Sc,22.9
,0.035,27.657,G,14.8,2.2,0.5,1,,,Eri,SBd,23.9
1,-0.036,-31.879,G,16.6,0.6,0.3,92,,,Ret,Sbc,23.6
,-0.005,-3.381,G,15.1,1.0,0.6,117,,,Ret,SABc,23.9
,0.015,5.232,G,15.6,0.6,0.2,114,,,Hor,Scd,22.5
,0.062,54.593,G,14.9,0.8,0.4,64,,,Tau,Sbc,23.1
,-0.053,-53.922,G,16.2,0.5,0.3,97,,,Hor,Sc,23.0
,0.027,5.471,G,14.9,1.3,0.3,39,,,Hor,Sab,24.1
,0.005,1.223,G,12.4,3.0,0.8,75,,,Hor,Sb,23.1
,-0.010,-8.694,G,15.9,0.8,0.4,173,,,Hor,Sab,23.6
,0.007,0.683,G,16.4,0.7,0.2,152,,,Hor,Sc,23.4
,-0.000,-0.026,G,16.7,0.5,0.2,10,,,Hor,,23.9
,0.006,2.444,G,15.9,0.8,0.4,159,,,Hor,Sc,23.4
,0.039,34.050,G,15.6,0.4,0.4,65,,,Eri,,22.4
,-0.032,-31.938,G,15.8,0.8,0.6,128,,,Hor,Scd,23.7
,0.060,65.179,G,14.6,0.8,0.6,180,,,Tau,Sb,22.9
,-0.061,-67.892,G,15.7,1.2,0.2,8,,,Hor,Sab,23.9
1,-0.002,-7.823,G,14.9,1.3,0.4,21,,,Ret,Sb,23.4
1,0.012,0.198,G,15.7,0.5,0.4,61,,,Ret,Sab,22.8
1,0.036,10.700,G,16.4,0.8,0.2,139,,,Hor,Sc,23.5
1,0.012,1.720,G,14.6,1.3,0.2,102,,,Hor,Sm,22.7
,-0.006,-9.699,GGroup,,1.4,,,,,Ret,,
1,0.029,4.097,G,14.6,1.4,0.8,132,,,Hor,E-S0,24.0
,0.088,75.292,Neb,,,,,,,Tau,,
,-0.041,-75.857,G,16.2,0.8,0.3,40,,,Hor,Sc,23.6
1,0.039,17.813,G,11.9,2.8,2.5,57,,,For,SABb,23.4
,-0.020,-17.933,G,16.0,0.7,0.2,4,,,Hor,,24.1
,0.073,77.224,Neb,,2.0,2.0,90,,,Tau,,
,-0.086,-82.906,G,16.3,0.9,0.2,102,,,Ret,Sc,23.6
,-0.004,-1.813,G,13.5,1.0,0.7,76,,,Ret,Sa,22.6
,0.111,60.328,G,15.7,0.8,0.6,12,,,Tau,E,24.0
,-0.064,-58.142,G,15.1,0.8,0.7,148,,,Ret,Sbc,23.9
,0.024,8.094,G,12.4,4.9,0.8,82,,,Hor,SBc,23.6
2,0.120,82.733,PN,11.4,0.1,,,,,Per,,
,-0.076,-83.295,G,15.0,0.9,0.7,46,,,Hor,S0-a,23.4
,0.098,86.207,G,15.8,0.3,0.2,47,,,Per,E,23.1
,-0.053,-72.754,G,11.3,2.4,2.0,35,,,Eri,E,23.0
,0.015,7.809,G,13.7,1.3,0.6,48,,,Eri,Sbc,22.4
1,-0.030,-20.831,G,14.9,1.5,1.0,66,,,Hor,IAB,24.1
,-0.027,-10.940,G,13.7,1.2,0.5,71,,,Ret,SABa,23.1
1,0.016,1.278,GPair,,0.7,,,,,Ret,,
1,0.041,1.905,G,15.7,0.6,0.5,18,,,Ret,SBc,23.2
,0.047,16.357,G,15.7,0.6,0.4,102,,,Hor,Sc,23.0
,0.063,60.629,G,15.7,0.5,0.2,2,,,Tau,S0,23.2
,-0.089,-79.635,G,15.0,1.1,0.7,21,,,Ret,S0,23.9
,0.021,6.614,G,14.8,0.8,0.6,137,,,Dor,SABb,23.6
,0.067,58.420,G,15.2,0.8,0.5,64,,,Tau,S0,23.6
,-0.051,-59.697,G,15.6,0.7,0.5,58,,,Ret,Sc,23.2
,0.009,1.401,G,15.8,0.7,0.5,123,,,Dor,Sbc,23.2
,-0.012,-6.387,G,16.1,1.1,0.2,1,,,Ret,Sc,23.9
,0.017,6.363,G,15.9,0.6,0.4,43,,,Dor,Sc,23.1
,0.006,-0.690,G,15.6,1.1,0.3,30,,,Ret,SBc,23.2
,0.005,0.305,G,15.3,1.2,0.2,124,,,Ret,Sb,24.1
1,0.105,90.182,G,16.0,0.9,0.8,100,,,Per,E,24.3
,-0.089,-89.823,G,14.2,0.9,0.5,54,,,Dor,Sc,23.1
,-0.000,-0.094,G,15.7,1.0,0.4,180,,,Dor,SBc,23.6
1,0.082,47.149,G,15.8,0.6,0.5,103,,,Eri,Sab,23.0
,0.014,-49.672,G,14.7,1.1,0.4,75,,,Dor,IAB,23.0
,0.003,1.643,G,15.0,1.2,0.5,127,,,Dor,SABa,23.7
,-0.011,-4.280,G,15.9,1.4,0.2,119,,,Ret,Sc,23.8
,0.041,12.443,G,11.8,1.4,1.2,84,,,Hor,E-S0,21.9
,0.014,5.829,G,14.4,1.1,0.7,84,,,Hor,SBc,23.0
,-0.026,-19.062,G,14.8,1.7,0.3,90,,,Ret,Sb,23.6
,0.009,2.761,G,14.7,1.9,0.5,155,,,Dor,Scd,24.3
,0.003,-0.022,G,14.3,1.1,0.9,124,,,Dor,E-S0,23.9
,0.066,23.459,G,13.7,1.4,0.7,68,,,Eri,S0-a,23.0
,-0.007,-0.264,G,14.7,1.1,0.7,136,,,Eri,S0,23.6
1,-0.024,-20.870,G,14.5,1.4,0.3,12,,,Dor,Sb,23.9
,0.001,-0.846,G,16.5,0.6,0.4,54,,,Dor,SABc,23.7
,0.056,41.358,G,15.5,0.9,0.7,126,,,Eri,E,24.0
,-0.053,-41.498,G,15.2,0.8,0.6,104,,,Dor,SBbc,23.1
2,0.011,-3.884,G,14.7,1.1,0.8,10,,,Ret,SABc,23.2
,0.031,5.082,G,13.8,1.2,0.8,36,,,Dor,SBb,23.3
,-0.365,-30.356,G,11.2,2.9,1.7,68,,,Men,SBbc,22.9
,0.383,29.495,G,15.4,1.1,0.4,165,,,Dor,Sc,23.4
,0.015,4.978,G,15.3,0.5,0.5,73,,,Dor,S0-a,22.6
,-0.141,-28.895,G,16.4,0.5,0.4,115,,,Men,Sab,23.4
1,0.149,18.046,G,11.9,1.9,1.6,14,,,Ret,Sbc,22.4
,0.093,64.256,G,15.2,0.6,0.5,65,,,Tau,SABa,22.8
,-0.068,-59.982,G,13.8,3.4,0.5,18,,,Dor,Scd,23.5
,0.043,24.208,G,14.0,1.3,0.6,170,,,Eri,S0,23.3
,-0.043,-24.891,G,13.9,1.2,0.8,158,,,Ret,E-S0,24.1
2,0.080,40.955,G,14.8,0.9,0.5,174,,,Eri,Sab,22.9
,0.013,-0.024,G,15.8,0.5,0.5,47,,,Eri,,23.4
,-0.033,-40.248,G,14.6,1.2,0.4,36,,,Dor,Sa,23.2
,0.034,1.200,G,15.3,0.9,0.6,133,,,Dor,SBbc,23.4
,0.122,90.179,Neb,11.5,,,,,,Per,,
,-0.070,-77.540,G,14.3,1.3,0.9,171,,,Cae,S0-a,23.4
1,-0.034,-15.887,G,14.5,1.4,0.7,88,,,Dor,SABc,23.4
,0.027,4.829,GGroup,,1.2,,,,,Dor,,
1,0.006,-0.035,G,13.7,1.4,0.6,50,,,Dor,SBc,23.2
5,0.032,-0.551,G,14.0,1.4,0.4,125,,,Dor,Sab,23.6
,0.056,47.981,G,15.8,0.8,0.5,15,,,Eri,Sa,23.7
,-0.047,-47.857,G,13.3,1.0,0.8,75,,,Dor,E-S0,22.9
,0.001,-0.213,GPair,,1.4,,,,,Dor,,
,0.027,-0.154,G,14.9,0.9,0.5,102,,,Dor,S0-a,23.4
1,0.011,-0.436,G,13.2,2.5,0.5,112,,,Dor,S0-a,24.5
,0.003,0.769,G,15.7,0.6,0.6,141,,,Dor,E,23.6
,0.141,79.390,Neb,,4.0,4.0,,,,Tau,,
,-0.149,0.865,Neb,,,,,,,Tau,,
,0.029,-102.146,G,15.1,1.0,0.9,36,,,Men,Sm,23.8
4,0.260,70.186,G,15.8,1.0,0.3,71,,,Eri,,24.6
,0.006,0.228,G,16.1,1.5,0.2,55,,,Eri,Sc,24.1
1,0.027,0.044,G,15.3,1.2,0.3,116,,,Eri,IB,23.1
,0.006,-0.338,G,14.7,2.5,0.3,96,,,Eri,Sc,23.7
2,0.016,-0.812,G,14.4,1.8,0.4,152,,,Eri,SBc,23.2
,0.003,1.279,G,14.5,1.3,1.1,65,,,Eri,SBc,23.7
,-0.202,-71.885,G,14.7,2.0,0.3,88,,,Men,Sc,23.7
,0.276,61.039,G,13.8,2.1,1.1,100,,,Lep,Sbc,23.7
,-0.115,-53.403,Cl+N,11.3,0.7,0.6,170,,,Dor,,
,0.119,40.697,G,13.8,1.8,1.0,156,,,Cae,SBb,23.3
4,-0.079,-40.888,Cl+N,,0.7,0.6,130,,,Dor,,
,0.144,73.779,G,15.4,0.3,0.2,26,,,Ori,,22.8
3,-0.053,-70.776,HII,14.2,0.6,0.6,,,,Dor,,
,-0.001,-2.052,Cl+N,,1.0,0.9,110,,,Dor,,
1,0.160,48.096,G,14.7,1.2,0.6,54,,,Lep,SBb,23.3
2,0.203,-16.744,G,13.9,1.8,1.5,66,,,Col,E-S0,23.9
2,0.091,10.073,G,14.5,1.0,0.8,126,,,Lep,S0,23.3
2,-0.029,-41.045,Cl+N,11.1,4.8,3.6,40,,,Dor,,
,0.152,44.916,G,13.8,1.8,0.9,103,,,Lep,SBd,23.2
2,0.010,9.218,G,14.2,1.9,0.6,175,,,Lep,SABa,23.8
1,-0.156,-61.520,GCl,13.9,1.4,1.4,,,,Men,,
,0.169,39.048,G,13.3,3.2,0.7,110,,,Col,Sc,23.2
1,0.019,12.866,G,13.9,1.3,0.8,83,,,Lep,SABa,23.0
2,-0.017,-51.842,GCl,13.5,2.3,2.3,,,,Men,,
1,-0.003,-2.644,G,15.5,0.9,0.5,27,,,Men,Sbc,23.4
,0.228,59.293,G,13.4,1.9,0.9,99,,,Lep,SBb,23.0
,0.056,42.598,HII,,1.0,1.0,0,,,Tau,,
,-0.163,-93.542,Neb,12.0,0.2,,,,,Dor,,
,-0.044,-5.113,GCl,12.4,3.3,3.3,,,,Men,,
,0.094,44.288,G,13.6,1.6,1.3,86,,,Col,Scd,23.1
,-0.071,-45.067,GCl,14.2,1.3,1.3,,,,Men,,
,0.287,121.667,PN,10.8,0.1,,,,,Aur,,
,-0.085,-84.425,G,12.9,2.9,0.8,83,,,Col,SBc,23.5
,0.022,20.533,G,14.2,1.2,0.6,93,,,Lep,Sbc,22.9
,0.088,-5.394,G,13.5,1.6,1.1,50,,,Lep,SBa,23.1
,0.036,-10.739,GPair,,1.0,,,,,Col,,
1,0.010,-0.077,G,16.5,0.4,0.2,3,,,Col,,
,0.070,58.155,OCl,,,,,,,Gem,,
,-0.001,-0.087,OCl,8.4,2.7,,,,,Gem,,
,0.008,-51.928,G,12.9,1.4,1.1,115,,,Col,SBab,22.3
,0.078,48.288,Neb,,,,,,,Ori,,
,-0.241,-97.351,G,13.1,1.8,0.9,108,,,Men,SBc,23.3
,0.032,1.781,GCl,14.2,1.6,1.6,,,,Men,,
,0.261,93.119,HII,,4.0,4.0,,,,Ori,,
,0.056,-39.356,G,11.1,3.4,0.9,103,,,CMa,Sc,22.1
,-0.159,-53.989,G,14.6,1.1,1.0,122,,,Men,Sab,23.4
,0.247,62.378,PN,10.5,0.1,,,,,CMa,,
,0.087,72.067,G,12.4,2.2,1.1,116,,,Lyn,SABc,23.3
4,0.292,-77.012,G,15.2,1.6,0.3,91,,,CMa,IB,23.6
2,0.411,93.285,G,13.6,0.8,0.8,125,,,Cam,SBa,22.6
1,-0.026,-42.883,G,15.1,0.9,0.8,180,,,Gem,E,23.7
,-0.049,-42.941,RfN,,20.0,20.0,,,,Mon,,
,0.050,42.983,G,16.0,0.6,0.3,140,,,Gem,,23.5
,0.132,32.414,G,12.5,0.8,0.8,95,,,Cam,E,22.0
,-0.070,-38.554,G,15.0,0.9,0.8,10,,,Gem,Sab,23.4
,0.031,-7.376,G,14.8,1.0,0.6,140,,,Gem,Sab,23.3
,0.016,-0.051,G,14.9,1.5,0.8,103,,,Gem,S0-a,24.5
1,0.254,53.184,GGroup,,1.1,,,,,Cam,,
,-0.102,-39.634,G,14.9,0.6,0.4,125,,,Gem,Sbc,22.1
,-0.008,-10.966,G,16.1,0.3,0.2,30,,,Gem,,
,-0.001,-0.046,G,15.1,0.2,0.2,175,,,Gem,E,
,-0.000,0.030,G,15.1,1.1,0.7,112,,,Gem,S0,23.9
1,0.119,15.939,G,14.7,0.9,0.6,19,,,Aur,Sbc,22.9
,0.007,-13.124,G,15.2,0.8,0.5,20,,,Gem,E,23.6
,0.051,7.033,G,15.6,0.5,0.4,134,,,Gem,,23.5
,0.001,0.123,G,14.6,1.5,1.0,87,,,Gem,Sb,23.9
,0.004,-0.150,G,15.0,1.5,0.4,50,,,Gem,S0-a,24.5
1,0.008,0.072,G,13.9,1.7,0.9,153,,,Gem,E,23.9
,0.005,0.016,G,17.1,0.5,0.3,138,,,Gem,,24.3
,-0.004,-7.456,G,15.3,0.7,0.6,60,,,Gem,E,23.2
,0.012,7.310,G,13.6,1.0,0.6,26,,,Gem,SBbc,21.9
,-0.110,-93.629,G,13.2,1.3,0.8,59,,,Car,SABb,23.0
,0.133,95.476,G,14.9,1.2,0.3,66,,,Gem,Sa,23.4
,-0.140,-100.697,G,13.6,2.2,0.7,164,,,Vol,SBbc,23.1
,0.211,101.804,G,14.6,0.9,0.7,154,,,Gem,SBc,23.0
,0.012,0.002,G,16.3,0.9,0.8,138,,,Gem,Sab,23.8
,0.094,-7.360,G,15.0,0.7,0.3,52,,,Gem,E,23.1
1,0.049,7.090,G,15.2,1.7,0.3,124,,,Gem,SBc,23.5
,0.038,-6.478,G,15.2,0.4,0.3,12,,,Gem,S0,22.5
,0.068,32.820,G,13.8,0.8,0.8,145,,,Cam,SBb,22.6
1,0.026,-27.746,G,14.6,0.8,0.5,139,,,Gem,SBa,22.7
,0.020,0.054,G,15.7,0.7,0.6,103,,,Gem,S0-a,23.5
,0.002,-5.148,G,15.4,0.7,0.6,71,,,Gem,S0-a,23.4
,0.013,5.827,G,14.4,0.9,0.8,40,,,Lyn,SBab,23.0
2,0.016,-5.791,G,14.3,0.6,0.4,87,,,Cnc,Sc,22.0
,0.013,-3.068,G,15.6,0.8,0.3,19,,,Cnc,E,24.0
,0.016,3.005,G,14.4,1.2,0.6,176,,,Cnc,Sc,22.9
,-0.096,-86.563,RfN,,5.0,,,Toby Jug Nebula,,Car,,
,0.139,96.577,G,16.2,0.6,0.5,23,,,Lyn,E,24.1
,0.001,0.022,G,15.4,0.8,0.4,121,,,Lyn,SBbc,23.2
,0.010,-0.013,G,16.3,0.5,0.3,71,,,Lyn,S0,23.3
1,-0.006,-1.513,G,14.8,1.1,0.8,87,,,Lyn,SBa,23.5
,0.012,-23.404,G,13.4,1.1,0.8,142,,,Cnc,SABa,22.9
,0.016,23.690,G,14.2,1.1,0.6,30,,,Lyn,SBa,23.5
2,0.063,-10.548,G,15.7,0.6,0.5,159,,,Cnc,S0,23.3
,0.002,-20.598,G,14.9,1.7,1.7,120,,,CMi,E,24.9
1,0.049,40.655,G,12.6,2.9,0.4,172,,,Lyn,SBc,21.8
,-0.002,-10.249,G,16.0,0.5,0.5,124,,,Lyn,E,23.5
4,0.004,-11.627,G,15.2,0.8,0.7,140,,,Cnc,S0-a,23.4
7,0.031,-0.666,G,14.0,1.8,0.3,149,,,Cnc,Sbc,22.7
,0.002,-0.066,G,15.0,0.8,0.5,52,,,Cnc,Sa,23.0
,0.008,1.360,G,16.5,0.3,0.2,122,,,Cnc,Sbc,22.8
,-0.000,-0.861,G,16.6,0.4,0.3,122,,,Cnc,Sd,23.3
2,0.000,-2.223,G,14.7,0.9,0.6,168,,,Cnc,S0,23.3
,0.003,3.370,G,15.3,0.7,0.4,119,,,Cnc,S0,23.3
1,0.003,-0.603,G,15.1,0.8,0.4,8,,,Cnc,SABc,22.8
10,0.018,0.558,G,15.2,1.9,0.2,152,,,Cnc,Sc,23.7
,0.002,0.061,G,15.5,0.4,0.4,90,,,Cnc,E,22.3
,0.000,-1.748,G,15.6,1.0,0.2,30,,,Cnc,Sb,23.4
1,0.003,1.479,G,15.4,0.4,0.3,150,,,Cnc,E,22.6
10,0.016,0.266,G,13.9,0.9,0.8,45,,,Cnc,Sbc,22.8
5,0.002,-1.046,G,15.6,0.5,0.3,68,,,Cnc,SABc,22.9
1,-0.002,-4.434,G,15.3,0.6,0.4,149,,,Cnc,S?,22.8
2,0.005,2.081,G,14.4,0.9,0.7,125,,,Cnc,SBab,23.4
13,0.019,-1.953,G,15.4,0.8,0.4,162,,,Cnc,S0-a,23.8
,0.001,-0.079,GTrpl,,0.6,0.3,93,,,Cnc,Sab,22.9
,-0.001,-0.964,G,16.0,0.8,0.2,6,,,Cnc,Sc,23.2
1,-0.032,-43.768,G,11.5,2.1,2.0,47,,,Pup,E,23.0
,0.035,43.881,GPair,,0.7,,,,,Cnc,,
14,0.010,-15.342,G,13.9,1.2,0.4,169,,,Hya,SABa,22.6
1,0.014,16.247,G,14.9,2.0,0.4,116,,,Cnc,SABd,23.7
5,0.013,-0.008,G,16.8,0.5,0.3,164,,,Cnc,,23.8
1,0.004,-0.873,G,16.1,0.5,0.3,46,,,Cnc,S0-a,23.2
,0.003,2.803,G,14.8,0.6,0.4,32,,,Cnc,SBc,22.6
,0.001,0.010,G,14.0,0.9,0.5,61,,,Cnc,Sc,22.7
,-0.001,-2.599,G,14.4,1.1,0.7,160,,,Cnc,E-S0,23.4
,0.003,2.686,G,14.6,1.2,0.6,3,,,Cnc,E-S0,23.8
6,0.011,-0.902,G,15.0,0.7,0.3,91,,,Cnc,Sab,23.2
12,0.023,7.342,G,14.8,1.6,0.5,78,,,Cnc,SBab,23.8
1,0.000,-8.426,G,14.9,0.8,0.7,5,,,Cnc,Sbc,23.1
1,0.009,8.391,G,14.5,1.2,0.8,44,,,Cnc,S0,23.7
1,-0.035,-46.616,G,12.1,2.5,1.3,60,,,Pup,Sb,23.0
5,0.044,39.141,G,14.9,0.6,0.5,160,,,Cnc,Sc,22.7
,0.026,10.078,G,15.3,0.5,0.5,161,,,Cnc,SBb,23.4
,-0.034,-43.746,G,,2.2,0.3,84,,,Pup,SBb,
,0.035,43.711,G,14.6,0.9,0.6,64,,,Cnc,E,24.2
,-0.033,-43.714,G,14.8,1.1,0.6,21,,,Pup,Sa,23.2
,0.034,43.737,G,13.2,1.3,0.9,23,,,Cnc,E-S0,23.7
,-0.034,-43.724,G,,1.0,0.5,35,,,Pup,S0-a,
,0.038,43.698,G,14.2,0.8,0.7,162,,,Cnc,S0,23.5
1,0.000,-8.352,G,14.6,0.9,0.6,165,,,Cnc,S0,23.2
,0.016,8.635,G,14.4,0.6,0.5,93,,,Cnc,E-S0,23.2
,0.078,1.747,G,15.4,0.9,0.7,73,,,Cnc,S0-a,23.8
,0.013,4.831,G,15.1,0.8,0.5,27,,,Lyn,Sbc,23.0
1,0.057,-6.467,G,14.7,1.2,0.5,18,,,Cnc,Sc,23.2
,0.023,-11.154,G,15.8,0.6,0.3,150,,,Cnc,S0-a,23.4
,0.133,53.894,G,13.3,1.3,0.3,125,,,Cam,SBb,22.3
1,-0.123,-126.574,OCl,2.5,29.1,,,omi Vel Cluster,,Vel,,
,0.066,71.321,G,14.6,0.6,0.5,5,,,Cnc,Sc,22.4
,0.038,9.885,G,14.3,1.2,0.8,27,,,Cnc,E,23.6
,0.005,0.066,G,15.1,0.7,0.6,98,,,Cnc,Sb,23.0
,-0.077,-76.388,OCl,4.6,6.0,,,,,Vel,,
2,0.071,65.906,G,15.3,0.6,0.3,6,,,Cnc,S0-a,23.1
,0.018,1.157,G,15.7,0.5,0.5,3,,,Cnc,SBc,23.2
,0.003,19.158,G,15.1,0.9,0.4,112,,,Lyn,Sc,23.0
,0.003,-0.315,G,14.9,1.1,0.7,101,,,Lyn,S0,23.9
,-0.003,-5.969,G,15.4,0.8,0.8,120,,,Cnc,S0-a,23.7
,-0.031,-47.143,G,15.4,0.7,0.4,120,,,Hya,S0-a,23.2
,0.034,44.848,G,14.8,0.8,0.6,109,,,Cnc,S0-a,23.5
,0.009,7.728,G,14.9,0.8,0.6,7,,,Lyn,Sbc,22.9
,-0.011,-19.517,G,14.2,1.6,0.8,173,,,Cnc,S0-a,23.8
,0.002,-0.091,G,15.1,1.2,0.2,86,,,Cnc,Sbc,23.2
1,0.004,0.720,G,14.3,0.9,0.7,148,,,Cnc,Sa,22.8
4,0.024,0.461,G,15.7,0.6,0.4,46,,,Cnc,E,23.2
3,0.026,-0.847,G,16.4,0.4,0.3,111,,,Cnc,Sc,23.1
1,0.002,-14.844,G,14.8,0.8,0.7,141,,,Hya,E,23.4
,0.047,29.580,G,13.3,1.4,0.9,53,,,Cnc,Sc,23.1
,0.001,-12.456,G,15.7,0.7,0.6,130,,,Cnc,E,23.6
,0.006,-0.005,G,14.6,0.8,0.6,114,,,Cnc,Sb,22.8
2,0.062,-17.295,G,15.2,0.6,0.4,119,,,Hya,S0,22.9
,0.042,34.950,G,15.6,0.7,0.6,98,,,Lyn,E,23.8
,0.037,-7.284,G,14.6,1.6,0.4,76,,,Cnc,Sc,23.3
,0.008,-1.295,G,14.6,0.6,0.4,146,,,Cnc,Sab,22.8
,0.011,-1.343,G,14.4,1.0,0.5,40,,,Cnc,S0-a,22.9
,0.003,-13.359,GGroup,,1.0,,,,,Cnc,,
,0.002,-9.082,G,15.6,0.8,0.3,131,,,Hya,Sab,23.4
,0.013,17.090,G,15.2,0.8,0.4,109,,,Cnc,Sc,23.0
,0.030,14.613,G,14.5,1.3,0.6,19,,,Lyn,SBbc,23.2
,-0.007,-10.940,G,15.0,0.9,0.4,116,,,Cnc,E,23.6
1,-0.021,-45.482,G,12.9,1.8,1.2,119,,,Hya,E-S0,23.9
1,0.051,51.800,G,16.1,1.4,0.4,31,,,Cnc,Sa,23.6
1,0.023,-9.740,GPair,,0.9,,,,,Cnc,,
,0.001,-0.015,G,15.3,0.8,0.8,155,,,Cnc,Sb,23.6
,0.024,5.989,G,14.2,0.7,0.6,12,,,Cnc,S0,22.9
,0.022,1.385,G,15.2,0.8,0.7,48,,,Cnc,S0-a,23.6
,0.006,1.596,G,15.2,0.8,0.4,18,,,Cnc,SBbc,23.1
,0.005,-2.856,G,13.6,1.5,0.6,147,,,Cnc,Sa,23.9
1,-0.107,-98.894,PN,10.4,0.1,,,,,Car,,
1,0.167,95.371,G,13.9,1.4,0.7,156,,,Cnc,S0-a,23.3
,-0.022,-1.933,G,15.8,0.9,0.7,105,,,Cnc,Sb,24.2
,0.003,-0.024,G,15.7,0.7,0.3,132,,,Cnc,Sab,23.2
,-0.001,-2.543,G,15.4,0.7,0.4,62,,,Cnc,Sab,23.0
,0.002,-3.108,G,14.4,1.0,0.7,100,,,Cnc,Sa,23.1
1,0.023,16.853,G,15.7,0.6,0.5,54,,,Lyn,E-S0,23.4
,-0.006,-14.580,G,16.2,0.6,0.4,75,,,Cnc,SBab,23.4
1,0.033,14.768,G,15.8,0.7,0.4,118,,,Lyn,E,23.9
1,0.016,2.329,G,14.8,2.4,0.5,143,,,Lyn,Sb,24.2
,0.049,-14.505,G,16.1,0.7,0.2,62,,,Leo,Sbc,23.2
,0.001,-0.067,G,15.8,0.5,0.4,103,,,Leo,Sab,23.1
,0.007,0.011,G,15.2,0.8,0.5,147,,,Leo,Sab,23.2
,0.002,1.816,G,15.1,1.0,0.6,89,,,Leo,S0-a,23.6
,0.004,0.072,G,15.4,0.8,0.5,92,,,Leo,E-S0,23.8
,0.019,13.834,G,14.8,0.9,0.9,45,,,LMi,E,23.5
,0.002,-0.008,G,16.1,0.5,0.5,60,,,LMi,S0,23.3
,-0.033,-70.794,G,11.1,5.8,1.2,37,,,Pyx,SBab,23.7
,0.044,55.812,G,15.2,1.0,0.9,105,,,Leo,S0-a,23.9
,-0.008,-30.192,G,14.4,1.1,0.5,151,,,Hya,S0,23.4
,0.023,28.215,G,15.5,0.6,0.5,4,,,Leo,SBbc,23.0
,0.014,9.056,G,14.7,1.1,0.7,92,,,Leo,Sbc,23.3
,-0.004,-7.407,G,15.8,0.6,0.2,96,,,Leo,Sbc,22.7
,0.012,6.758,G,15.6,1.0,0.3,111,,,Leo,Sbc,23.5
,-0.000,0.194,G,14.2,1.3,1.0,40,,,Leo,E-S0,23.6
,0.007,-0.280,G,14.7,0.6,0.4,172,,,Leo,S0-a,23.1
,-0.005,0.331,G,15.6,0.6,0.4,140,,,Leo,E,23.3
,0.001,-0.046,G,15.5,0.6,0.3,152,,,Leo,SBb,22.8
1,-0.010,-26.061,G,14.5,0.8,0.5,161,,,Hya,SBbc,22.5
,-0.008,-16.039,G,13.9,2.8,1.8,145,,,Hya,E,25.0
,0.040,43.104,G,15.6,0.7,0.5,103,,,Leo,Sb,23.3
2,0.015,-4.354,G,15.0,0.9,0.6,135,,,Leo,Sbc,23.3
,-0.002,-6.550,G,14.1,1.8,0.5,164,,,Leo,Sb,23.3
,-0.042,-77.098,OCl,7.4,7.2,,,,,Vel,,
1,0.090,86.935,G,14.6,1.0,0.7,177,,,Leo,SABb,23.1
,0.036,4.804,G,14.9,0.9,0.6,74,,,LMi,S0,23.3
,-0.033,-72.598,G,15.7,0.8,0.3,48,,,Ant,Sab,23.4
,0.051,75.230,G,14.8,1.0,0.7,1,,,LMi,E,23.5
1,0.030,-9.306,G,14.7,0.7,0.3,11,,,Leo,Sab,22.5
,0.011,6.669,G,15.4,0.7,0.4,33,,,LMi,Sbc,23.1
,0.038,0.006,G,15.8,0.7,0.4,115,,,LMi,SBa,23.5
,0.005,-6.619,G,15.3,0.8,0.3,25,,,Leo,Sb,23.1
,0.001,-0.219,G,16.2,0.6,0.3,125,,,Leo,Sa,23.8
,0.016,8.455,G,14.9,1.4,0.4,164,,,LMi,SBab,23.7
,-0.060,-96.442,PN,10.4,0.0,,,,,Car,,
,0.075,95.253,G,15.6,0.6,0.5,75,,,LMi,Sa,23.0
,0.000,0.045,G,16.5,0.4,0.3,100,,,LMi,Sbc,23.0
1,0.031,-7.937,G,15.8,0.8,0.6,18,,,Leo,Sab,23.7
,0.002,-0.017,G,15.7,0.6,0.4,79,,,Leo,Sab,23.0
,-0.011,-59.042,G,13.3,1.7,0.9,48,,,Ant,IB,22.6
,0.042,65.298,G,15.8,0.7,0.4,19,,,LMi,E,23.9
1,0.010,-66.345,G,15.5,1.6,0.9,148,,,Ant,Sb,
,0.028,-0.002,G,13.1,4.2,0.8,43,,,Ant,SABa,24.1
1,0.011,-0.044,G,13.3,3.4,0.7,63,,,Ant,Sab,23.8
1,0.077,70.292,G,14.9,1.1,0.4,174,,,LMi,Sb,23.3
,0.002,0.278,G,14.9,1.0,0.9,13,,,LMi,E-S0,23.5
,-0.032,-71.429,G,15.4,0.7,0.6,98,,,Ant,S0,23.4
,0.052,70.898,G,15.8,0.7,0.5,110,,,LMi,E,23.8
,0.000,-3.119,G,15.5,0.3,0.2,90,,,LMi,E,
,0.006,-6.809,G,14.3,0.9,0.7,57,,,Leo,S0-a,22.8
,0.015,6.748,G,15.6,0.6,0.6,15,,,LMi,SBbc,23.3
,-0.035,-67.113,G,12.0,2.3,1.7,180,,,Ant,Sc,23.4
,0.000,-0.073,G,13.6,1.4,0.9,30,,,Ant,SBbc,22.7
,0.040,66.830,G,14.8,0.7,0.4,64,,,LMi,S0-a,22.9
,0.015,3.482,G,15.8,0.7,0.6,55,,,LMi,E,23.8
,-0.023,-69.359,G,13.7,2.1,0.7,56,,,Ant,S0,23.9
,0.051,70.429,G,15.6,0.6,0.5,123,,,LMi,SBc,23.0
2,0.023,-0.968,G,15.0,1.0,0.9,20,,,LMi,E,23.6
,-0.026,-66.821,G,12.2,6.5,0.6,74,,,Ant,Sc,23.9
,0.002,-4.611,G,14.0,2.0,1.1,36,,,Ant,Sa,24.0
,0.008,2.983,G,12.0,2.0,1.4,180,,,Ant,E-S0,23.2
,0.016,-2.867,G,13.4,1.8,1.2,98,,,Ant,S0-a,23.4
,0.051,72.118,G,14.8,0.8,0.7,75,,,LMi,Sb,23.1
,-0.018,-71.956,G,14.6,1.9,0.4,45,,,Ant,SBc,23.4
,0.006,6.379,G,12.2,2.6,1.8,17,,,Ant,Sc,23.3
,0.002,-7.237,G,15.0,1.5,0.8,180,,,Ant,SABc,23.9
,0.005,3.445,G,14.1,2.0,0.6,25,,,Ant,Sbc,23.3
,0.042,62.839,G,15.2,0.9,0.6,158,,,LMi,E-S0,23.8
,-0.016,-48.911,G,13.9,1.5,0.6,4,,,Hya,SBbc,22.8
,0.034,51.750,G,14.5,1.0,0.8,171,,,LMi,SBc,23.1
,0.009,3.528,GPair,,0.8,,,,,LMi,,
,0.002,-4.497,G,15.3,0.5,0.4,65,,,LMi,SBcd,22.6
1,-0.024,-66.607,G,15.6,0.8,0.6,95,,,Ant,,23.9
,0.050,69.763,G,15.6,0.8,0.4,121,,,LMi,Sb,23.5
,-0.036,-71.732,G,14.0,2.2,1.4,70,,,Ant,SBbc,24.1
,0.037,71.695,G,15.9,0.5,0.3,143,,,LMi,Sbc,22.8
,0.005,-8.509,G,14.5,0.9,0.7,109,,,LMi,SABb,22.9
,0.004,-3.542,G,14.5,0.8,0.6,36,,,Leo,Sa,22.7
,0.001,-59.259,G,12.1,1.9,1.7,89,,,Ant,E-S0,23.2
,-0.023,-27.769,PN,10.3,0.1,,,,,Car,,
,-0.009,-4.417,G,11.7,3.3,1.3,8,,,Car,SBbc,23.1
1,0.063,32.302,G,14.3,1.8,0.9,119,,,Ant,Scd,23.9
,0.058,72.838,G,15.6,0.6,0.4,95,,,LMi,S0-a,23.1
,-0.022,-72.448,G,13.7,1.0,0.6,17,,,Ant,Sm,22.6
,-0.000,0.280,G,14.4,1.7,0.5,17,,,Ant,SBb,23.5
,0.026,0.495,G,12.1,3.5,1.7,46,,,Ant,SBb,23.6
,0.047,68.239,G,14.8,0.9,0.6,14,,,LMi,Sb,23.0
,-0.004,-18.519,G,15.0,0.7,0.4,166,,,Leo,Sa,22.6
,-0.001,-48.753,G,15.6,0.9,0.4,110,,,Ant,SBcd,23.3
,0.044,69.049,G,15.8,0.7,0.6,50,,,LMi,E,24.1
,-0.003,-8.522,G,15.1,0.7,0.4,70,,,LMi,S0-a,23.1
,0.017,8.653,G,14.7,1.0,0.6,6,,,LMi,S0-a,23.5
,-0.006,-11.928,G,15.4,0.8,0.6,57,,,Leo,S0-a,23.6
,0.009,11.944,G,14.9,1.1,0.6,93,,,LMi,SBa,23.6
,0.007,-11.993,G,15.5,0.7,0.6,146,,,Leo,E,23.6
,-0.022,-58.229,G,16.1,0.8,0.4,172,,,Ant,SBbc,23.8
1,0.059,61.718,G,15.5,0.9,0.4,26,,,LMi,Sa,23.6
,-0.027,-63.551,G,15.4,1.5,0.3,2,,,Ant,SBcd,23.7
,0.081,103.868,G,10.5,12.9,5.6,48,Coddington's Nebula,,UMa,SABm,24.4
,-0.050,-101.048,G,15.9,0.6,0.6,55,,,Ant,Sbc,23.5
,0.010,-0.267,G,14.9,0.9,0.6,42,,,Ant,Sb,23.1
,0.034,65.667,G,15.3,0.7,0.4,103,,,LMi,Sb,23.1
,-0.011,-66.641,G,15.1,1.5,0.3,143,,,Ant,Sc,23.5
1,0.016,2.359,G,12.7,2.0,1.8,128,,,Ant,Sc,23.5
,-0.014,-26.099,OCl,4.3,6.0,,,,,Car,,
,0.028,27.275,G,12.9,1.3,1.2,150,,,Ant,Sbc,22.9
,0.034,56.397,G,14.9,0.6,0.5,124,,,Leo,E,22.8
,-0.022,-60.967,G,12.7,1.4,0.6,134,,,Ant,S0,23.1
1,0.019,6.195,G,12.5,1.5,1.2,85,,,Hya,E,23.3
,-0.000,-5.846,G,12.3,2.0,1.5,36,,,Ant,E-S0,23.6
,0.014,4.178,G,12.5,1.6,1.3,154,,,Ant,Sa,23.3
,0.008,6.347,G,14.3,0.8,0.4,11,,,Hya,Sb,22.2
,0.066,51.000,G,14.7,1.0,1.0,10,,,Leo,S0,23.4
,0.006,8.091,G,14.4,1.0,0.6,134,,,LMi,SBc,23.0
1,-0.007,-47.779,G,15.5,0.9,0.6,88,,,Hya,S0-a,23.9
,-0.003,-11.597,G,13.5,1.7,1.4,112,,,Hya,E-S0,23.3
1,-0.031,-48.917,G,13.9,1.3,0.8,179,,,Car,Sab,22.9
,0.060,46.158,G,11.7,2.6,1.7,8,,,Hya,E,23.9
,0.032,53.810,G,15.3,0.7,0.4,152,,,LMi,Sa,22.9
,-0.038,-85.461,HII,,20.0,20.0,,,,Car,,
,0.153,131.053,G,15.6,0.6,0.5,115,,,UMa,,23.3
,0.010,0.003,G,15.5,0.3,0.3,165,,,UMa,E,
,-0.071,-136.717,OCl,,48.0,,,tet Car Cluster,,Car,,
1,0.108,97.167,G,14.9,1.2,1.0,40,,,LMi,SBm,23.7
1,0.014,5.183,G,14.6,1.1,0.4,112,,,LMi,S0-a,23.3
,0.001,0.038,G,15.3,0.8,0.5,63,,,LMi,SBab,23.2
,-0.001,-5.226,G,15.4,0.8,0.3,121,,,LMi,SBc,23.0
3,0.056,-0.000,G,15.8,0.8,0.6,108,,,LMi,E-S0,24.1
1,0.132,6.036,G,16.5,0.2,0.2,16,,,UMa,SBab,
,0.008,-0.859,G,15.4,0.4,0.3,80,,,UMa,S0-a,
,0.001,0.842,G,15.3,0.7,0.5,69,,,UMa,E,23.4
,0.000,-0.123,G,14.8,0.9,0.5,97,,,UMa,S0,23.4
1,0.003,-0.698,G,15.7,0.3,0.2,67,,,UMa,E,
,0.002,0.539,G,14.2,1.0,0.9,110,,,UMa,S0-a,23.9
,-0.034,-103.754,PN,11.2,0.1,,,,,Car,,
1,0.058,45.156,G,13.5,1.1,0.7,64,,,Crt,E-S0,23.3
2,0.087,46.997,G,15.8,0.8,0.3,50,,,Leo,Sb,23.4
,0.014,-50.630,G,12.0,2.4,1.7,43,,,Crt,SABc,23.0
,0.029,35.848,G,15.7,0.8,0.7,110,,,Leo,SBa,23.8
,0.016,-0.017,G,16.2,0.7,0.3,28,,,Leo,Sa,23.8
1,-0.045,-88.719,Neb,,,,,,,Cha,,
,0.053,88.287,G,17.1,0.4,0.4,55,,,Leo,E,23.9
,0.001,-0.072,G,16.5,0.6,0.4,17,,,Leo,Sc,23.8
,0.006,-1.115,G,15.0,0.9,0.8,110,,,Leo,Sb,23.5
1,0.001,0.970,G,16.6,0.7,0.4,73,,,Leo,E,24.5
,0.004,-1.870,G,14.2,1.0,0.9,62,,,Leo,E-S0,22.7
,0.001,0.977,G,15.0,1.0,0.7,100,,,Leo,S0-a,23.8
,0.001,-0.920,G,16.4,0.6,0.4,100,,,Leo,S0,23.9
,0.003,1.355,G,16.6,0.4,0.3,105,,,Leo,Sc,23.5
3,0.007,-0.230,G,16.5,0.6,0.4,76,,,Leo,E,24.3
,-0.000,1.119,G,15.7,0.8,0.3,92,,,Leo,S0-a,23.7
,0.002,0.642,G,16.9,0.5,0.3,2,,,Leo,Sc,23.7
1,0.002,-2.304,G,16.1,0.6,0.5,16,,,Leo,Sb,23.5
,0.000,0.903,G,15.3,0.8,0.7,74,,,Leo,E,23.9
,0.002,2.724,G,16.7,0.5,0.4,21,,,Leo,Sbc,23.7
,-0.000,-1.612,G,16.3,0.5,0.4,84,,,Leo,Sb,23.5
,-0.000,0.208,G,16.3,0.7,0.6,45,,,Leo,E,24.3
1,0.003,0.051,G,16.9,0.4,0.3,93,,,Leo,E,23.8
,0.000,-0.335,G,17.4,0.4,0.3,68,,,Leo,E,24.1
,0.000,0.215,G,16.9,0.6,0.3,128,,,Leo,Sbc,24.1
,0.001,1.316,G,17.3,0.3,0.2,131,,,Leo,E,
2,0.006,-1.258,G,16.8,0.4,0.3,158,,,Leo,Sb,23.4
,0.000,1.172,G,15.8,0.7,0.3,110,,,Leo,S0-a,24.0
3,0.003,-1.885,G,17.5,0.6,0.2,103,,,Leo,Sm,24.2
,0.001,2.058,G,14.3,1.1,0.7,167,,,Leo,S0-a,23.1
,0.000,-1.665,G,16.7,0.6,0.5,173,,,Leo,E,24.6
,-0.003,-26.288,G,14.6,1.6,0.5,140,,,Crt,SBa,23.8
1,0.008,25.954,G,16.6,0.5,0.3,166,,,Leo,Sab,23.5
2,0.001,-1.620,G,15.3,0.8,0.6,35,,,Leo,Sc,23.6
,0.001,0.886,G,15.4,1.1,0.7,23,,,Leo,Sc,24.1
1,0.003,-1.227,G,17.7,0.1,0.1,155,,,Leo,Sc,22.0
,0.000,2.394,G,18.2,0.2,0.2,10,,,Leo,,23.7
,0.001,-0.267,G,16.4,0.7,0.3,121,,,Leo,S0-a,24.3
,0.000,0.066,G,15.7,0.9,0.6,23,,,Leo,S0-a,24.2
,0.001,-2.208,G,15.9,0.8,0.3,132,,,Leo,S0-a,23.8
2,0.008,2.292,G,17.0,0.4,0.3,87,,,Leo,E,24.0
,0.002,1.001,G,17.0,0.8,0.6,171,,,Leo,I,24.9
4,0.005,-0.140,G,16.9,0.7,0.2,31,,,Leo,Sm,24.0
,0.000,0.015,G,18.0,0.3,0.3,47,,,Leo,,24.1
1,0.004,-2.207,G,16.6,0.5,0.4,100,,,Leo,E,24.1
1,0.001,2.608,G,15.6,0.8,0.4,86,,,Leo,SBbc,23.2
,0.003,0.352,G,16.5,0.5,0.4,58,,,Leo,Sbc,23.6
2,0.001,-1.842,G,15.8,0.7,0.5,43,,,Leo,Scd,23.7
1,0.000,0.168,G,17.0,0.4,0.3,120,,,Leo,Sc,23.6
,0.001,-0.936,G,17.2,0.4,0.2,78,,,Leo,Sc,23.6
,0.000,-1.706,G,17.0,0.4,0.3,117,,,Leo,Sb,23.7
,0.002,8.238,G,15.8,0.9,0.8,19,,,Leo,S0,24.2
,0.000,-5.196,G,15.7,0.7,0.4,70,,,Leo,Sab,23.2
2,0.008,-2.979,G,16.5,0.5,0.4,148,,,Leo,SBbc,23.5
,0.001,3.236,G,15.1,0.9,0.8,63,,,Leo,E,23.8
,0.002,-0.149,G,17.5,0.5,0.4,153,,,Leo,I,24.6
2,0.003,-2.935,G,16.6,0.5,0.4,44,,,Leo,Sb,23.6
,0.005,2.538,G,16.3,0.6,0.6,40,,,Leo,E,24.0
,-0.029,-74.890,OCl,8.2,7.2,,,,,Car,,
,0.030,74.677,G,21.0,0.7,0.4,100,,,Leo,I,28.5
,0.000,-0.253,G,17.7,0.4,0.2,81,,,Leo,Sm,23.7
1,0.001,0.323,G,15.8,0.6,0.3,99,,,Leo,Sbc,23.1
,0.004,0.038,G,17.9,0.2,0.2,83,,,Leo,E,23.5
,0.001,0.017,G,15.6,0.8,0.6,24,,,Leo,E,24.0
1,0.002,1.886,GTrpl,,0.7,,,,,Leo,,
,0.001,-1.930,G,17.4,0.5,0.2,104,,,Leo,E,24.6
,0.000,-1.316,G,16.8,0.5,0.4,85,,,Leo,Sb,23.9
,0.003,2.712,G,17.2,0.5,0.4,116,,,Leo,E,24.3
1,0.000,-1.396,G,16.7,0.4,0.4,70,,,Leo,Sbc,23.5
1,0.002,1.376,G,17.6,0.4,0.2,177,,,Leo,Sc,23.9
2,0.002,-1.005,G,17.2,0.4,0.3,114,,,Leo,Sbc,23.8
1,0.003,0.039,G,16.5,0.8,0.3,12,,,Leo,SBc,24.0
,0.011,21.901,G,15.1,1.2,0.2,100,,,UMa,Sab,23.4
2,0.005,0.013,G,15.1,0.8,0.8,144,,,UMa,E-S0,23.5
,-0.003,-22.442,G,16.9,0.4,0.3,65,,,Leo,Sbc,23.5
,0.002,-3.163,G,17.4,0.4,0.3,57,,,Leo,Sb,23.8
,-0.000,0.400,G,16.6,0.4,0.3,122,,,Leo,SBbc,23.7
,0.000,1.295,G,17.5,0.3,0.2,38,,,Leo,Sc,23.5
1,0.007,23.916,G,14.8,1.1,0.7,38,,,UMa,E-S0,24.2
,-0.003,-20.936,G,15.2,0.6,0.2,70,,,Leo,SBb,
,0.001,-1.690,G,16.7,0.5,0.3,166,,,Leo,E,24.2
1,0.002,-2.932,G,16.6,0.5,0.4,91,,,Leo,E,24.1
,0.001,-0.230,G,15.8,0.6,0.3,84,,,Leo,SABc,23.2
,0.001,1.083,G,17.4,0.4,0.2,43,,,Leo,Sbc,23.7
,0.005,24.708,G,15.4,0.6,0.5,133,,,UMa,E,23.4
,-0.002,-20.241,G,16.7,0.6,0.2,100,,,Leo,E,24.6
,-0.000,-4.247,G,16.7,0.3,0.3,80,,,Leo,E,23.1
,0.000,4.266,G,17.0,0.5,0.2,82,,,Leo,Sc,23.7
1,-0.000,-4.184,G,17.1,0.5,0.2,101,,,Leo,Sbc,23.6
,0.000,-1.566,G,15.2,0.7,0.5,79,,,Leo,SBa,23.3
,0.001,-0.580,G,15.4,0.7,0.2,34,,,Leo,Sa,22.9
,0.002,16.503,G,15.1,0.7,0.7,178,,,Leo,E,23.3
,0.000,-11.652,G,17.4,0.5,0.3,108,,,Leo,E,24.4
,0.001,1.513,G,16.8,0.4,0.3,175,,,Leo,Sab,23.6
,0.001,-1.455,G,15.8,0.9,0.3,145,,,Leo,Sd,23.6
,-0.000,0.342,G,14.9,1.4,0.4,98,,,Leo,Sc,23.5
,0.079,-42.045,G,12.3,2.2,1.2,179,,,Hya,S0-a,23.5
,-0.078,43.179,G,17.2,0.3,0.2,90,,,Leo,E,23.6
,0.000,-1.296,G,17.1,0.5,0.3,149,,,Leo,Sc,24.2
,0.000,0.175,G,17.0,0.9,0.3,90,,,Leo,S?,24.5
,0.000,-0.549,G,17.3,0.4,0.3,46,,,Leo,SBb,23.9
,0.001,1.667,G,15.9,0.4,0.3,166,,,Leo,Sb,22.8
,-0.000,-4.975,G,16.6,0.4,0.4,169,,,Leo,Sb,23.3
,0.000,3.298,G,18.1,0.3,0.2,22,,,Leo,S?,23.8
3,0.004,-0.007,G,17.7,0.3,0.2,60,,,Leo,E,24.1
,-0.000,0.819,G,15.2,0.9,0.4,160,,,Leo,Sc,23.4
,-0.000,-1.305,G,15.3,0.8,0.6,154,,,Leo,Sb,23.3
1,0.001,1.319,G,17.5,0.3,0.3,179,,,Leo,Sd,23.5
,0.001,-3.195,G,16.5,0.7,0.4,5,,,Leo,E,24.4
,0.001,2.195,G,17.2,0.4,0.3,146,,,Leo,I,23.7
,0.001,1.096,G,15.2,0.9,0.8,19,,,Leo,Sd,23.7
,-0.000,-4.557,G,16.4,0.7,0.3,162,,,Leo,Sa,23.8
,0.005,4.234,G,16.4,0.7,0.4,17,,,Leo,SBab,23.8
,0.001,0.273,G,15.5,0.9,0.7,2,,,Leo,E,24.1
,0.000,0.001,G,16.6,0.9,0.3,115,,,Leo,Sab,24.6
,0.001,0.238,G,15.5,0.8,0.7,34,,,Leo,Sc,23.8
,0.002,-0.932,G,18.1,0.4,0.2,156,,,Leo,,25.0
,0.001,1.490,G,18.0,0.1,0.0,132,,,Leo,,
,0.001,-4.633,G,16.9,0.5,0.3,15,,,Leo,Sc,23.6
,0.001,3.341,G,17.1,0.6,0.4,156,,,Leo,I,24.2
,0.001,-1.491,G,17.1,0.5,0.3,82,,,Leo,E?,24.2
,0.001,-1.955,GPair,,0.5,,,,,Leo,,
1,0.005,2.685,G,17.4,0.4,0.3,37,,,Leo,Sc,23.8
,0.001,-2.791,GPair,,0.6,,,,,Leo,,
,0.004,2.362,G,16.4,0.8,0.5,136,,,Leo,E,24.6
,0.001,0.710,G,16.9,0.8,0.3,173,,,Leo,Sc,24.2
,0.000,1.433,G,17.2,0.5,0.3,137,,,Leo,SBbc,23.9
,0.001,-1.640,G,17.4,0.6,0.2,92,,,Leo,Sc,24.1
,0.000,-2.025,G,16.3,0.5,0.3,84,,,Leo,Sb,23.4
,0.000,2.025,G,17.8,0.3,0.2,61,,,Leo,,
,0.002,-2.359,G,17.3,0.4,0.2,65,,,Leo,Sb,23.8
,0.005,3.372,G,15.1,0.9,0.2,18,,,Leo,Sb,22.6
2,0.006,-1.692,G,17.5,0.3,0.2,30,,,Leo,Sbc,23.3
2,0.008,3.147,G,15.2,1.0,0.4,33,,,Leo,SBab,23.6
,0.000,-5.506,G,16.7,0.7,0.3,89,,,Leo,Sb,24.2
,0.003,2.359,G,16.9,0.5,0.2,24,,,Leo,Sc,23.6
,0.003,-0.274,G,16.8,0.5,0.4,71,,,Leo,Sb,23.8
,0.001,-1.594,G,16.7,0.4,0.3,58,,,Leo,E,23.6
,0.002,3.142,G,17.1,0.5,0.3,116,,,Leo,Sab,24.1
,0.000,-2.167,G,16.6,0.7,0.3,180,,,Leo,Sbc,23.9
1,0.003,2.284,G,17.3,0.5,0.3,94,,,Leo,E,24.4
,-0.000,0.924,G,16.1,0.6,0.3,59,,,Leo,Sc,23.2
,-0.000,-3.607,G,16.6,0.5,0.2,24,,,Leo,Sc,23.3
,0.002,3.725,G,16.8,0.2,0.2,32,,,Leo,E,
,-0.000,-2.523,G,15.1,1.4,0.6,118,,,Leo,SBbc,24.0
,0.003,1.408,G,15.8,0.9,0.3,12,,,Leo,Sb,23.6
2,0.006,0.391,G,15.2,0.7,0.7,56,,,Leo,Sbc,23.5
1,0.001,-4.508,G,14.9,1.0,0.4,52,,,Leo,I,23.1
,0.001,1.591,G,15.7,0.9,0.5,175,,,Leo,Sa,23.9
,0.002,-2.508,G,15.5,0.5,0.4,58,,,Leo,Sbc,22.9
3,0.003,5.756,G,17.5,0.5,0.4,17,,,Leo,E,24.4
,-0.000,-1.427,G,16.9,0.6,0.3,149,,,Leo,E,24.5
1,0.003,-1.830,G,16.5,0.4,0.4,39,,,Leo,E,23.5
,0.001,3.698,G,16.8,0.2,0.2,173,,,Leo,Sbc,
,-0.000,-3.191,G,17.1,0.5,0.2,0,,,Leo,E,24.6
,0.000,2.606,G,17.3,0.4,0.3,154,,,Leo,Sc,23.8
1,0.000,-3.774,G,17.1,0.5,0.2,63,,,Leo,Sbc,23.7
,0.003,3.532,G,15.5,0.7,0.7,15,,,Leo,Sc,23.9
,0.000,-1.731,G,16.4,0.7,0.3,127,,,Leo,Sbc,23.8
,0.001,1.077,G,16.8,0.7,0.5,81,,,Leo,S0-a,24.6
,-0.000,-1.372,G,15.0,0.9,0.7,119,,,Leo,SBa,23.4
,0.001,2.772,G,17.2,0.2,0.1,15,,,Leo,E,
,0.002,-0.900,G,17.1,0.5,0.4,9,,,Leo,Sc,24.3
1,0.000,-3.968,G,15.0,0.8,0.3,126,,,Leo,Sc,22.5
,0.001,2.332,G,17.3,0.4,0.2,46,,,Leo,Sc,23.7
,-0.000,-1.594,G,16.7,0.5,0.3,119,,,Leo,SABc,23.6
,-0.000,-0.653,G,14.5,0.9,0.4,172,,,Leo,Sab,22.6
1,0.003,0.541,G,18.5,0.3,0.2,121,,,Leo,,24.9
,-0.003,-22.579,G,14.6,1.0,0.4,45,,,Crt,Sab,22.8
,0.004,21.995,G,15.3,1.8,0.3,160,,,Leo,Sc,24.0
,0.002,4.558,G,16.9,0.2,0.2,111,,,Leo,E,
1,0.002,0.380,G,16.6,0.3,0.2,157,,,Leo,E,
,0.004,24.809,G,15.3,0.8,0.7,113,,,UMa,S0-a,23.6
,-0.004,-28.724,G,16.9,0.5,0.3,31,,,Leo,E,24.4
1,0.004,2.241,G,16.8,0.6,0.4,157,,,Leo,Sa,24.2
2,0.000,-3.279,G,15.9,0.5,0.4,88,,,Leo,Sc,23.1
2,0.004,2.777,G,18.0,1.1,0.9,0,,,Leo,I,26.7
,0.002,-3.264,G,15.2,0.9,0.7,81,,,Leo,SABc,23.6
,-0.020,-71.591,Neb,,15.1,6.0,,,,Cen,,
,0.022,76.207,GPair,,0.7,,,,,Leo,,
,-0.000,-2.589,G,16.9,0.5,0.3,50,,,Leo,Sm,23.4
1,0.002,-1.613,G,16.7,0.6,0.3,176,,,Leo,Sbc,23.9
,0.001,3.837,G,16.1,0.6,0.5,110,,,Leo,Sbc,23.6
,-0.000,-2.885,G,16.5,0.5,0.2,119,,,Leo,E,24.0
,0.002,-0.954,G,16.8,0.4,0.3,170,,,Leo,Sb,23.6
1,0.002,3.497,G,18.5,0.3,0.2,90,,,Leo,,24.8
1,0.006,-1.600,G,17.2,0.3,0.3,94,,,Leo,Sc,23.4
2,0.003,0.652,G,17.1,0.3,0.2,15,,,Leo,E,23.4
2,0.001,-24.654,G,14.7,1.2,0.7,151,,,Crt,SABc,23.2
1,0.005,25.769,G,16.6,0.5,0.3,118,,,Leo,SBbc,23.5
,0.001,-2.089,G,16.9,0.7,0.2,118,,,Leo,Sc,24.0
,0.001,2.802,GPair,,0.5,,,,,Leo,,
,0.001,-0.156,G,16.0,0.6,0.3,70,,,Leo,SBb,23.3
1,0.004,-0.885,G,16.6,0.5,0.3,159,,,Leo,Sc,23.3
1,0.002,0.986,G,16.6,0.5,0.3,146,,,Leo,Sbc,23.6
1,0.003,-0.169,G,17.3,0.3,0.3,114,,,Leo,SBbc,23.5
,0.001,-0.467,G,17.0,0.6,0.4,114,,,Leo,S0-a,24.4
1,0.002,-0.057,G,16.8,0.4,0.3,34,,,Leo,Sb,23.4
5,0.003,-1.173,G,17.8,0.2,0.2,35,,,Leo,,23.4
,0.001,-21.195,G,14.6,1.3,0.9,139,,,Crt,S0-a,23.8
1,0.003,21.435,G,17.1,0.6,0.2,84,,,Leo,Sc,23.7
,-0.004,-42.121,G,13.8,1.0,0.8,143,,,Hya,S0-a,22.7
,0.006,43.903,G,15.5,0.7,0.3,179,,,Leo,Sc,23.1
2,0.002,-2.547,G,18.0,0.3,0.2,38,,,Leo,,23.8
1,0.004,3.244,G,15.9,0.6,0.3,45,,,Leo,Sd,23.1
1,0.004,-3.893,G,16.9,0.6,0.2,124,,,Leo,Sa,23.5
1,0.001,2.868,G,16.8,0.4,0.3,12,,,Leo,E,23.8
1,0.006,21.101,G,15.3,0.5,0.2,21,,,UMa,S0-a,22.2
2,0.004,0.051,G,14.7,0.9,0.7,143,,,UMa,SABb,23.1
,0.001,-22.179,G,16.2,0.5,0.4,118,,,Leo,E?,23.9
,0.003,-2.048,G,15.8,0.7,0.3,58,,,Leo,Sb,23.2
2,0.008,24.224,G,14.9,1.2,0.4,7,,,UMa,SBab,23.4
,0.002,-20.991,G,15.2,0.7,0.4,153,,,Leo,Sd,22.9
1,0.010,-0.313,G,16.5,0.4,0.3,109,,,Leo,Sbc,23.1
1,0.011,0.672,G,15.3,0.9,0.6,130,,,Leo,E,23.9
2,0.010,-3.625,G,15.0,0.8,0.6,73,,,Leo,Sbc,23.3
,0.000,1.760,G,16.2,0.7,0.3,68,,,Leo,Sc,23.5
,0.009,43.030,G,15.1,0.4,0.3,25,,,UMa,Sa,21.9
,-0.016,-117.866,Cl+N,4.5,7.2,,,lam Cen Nebula,,Cen,,
,0.022,75.947,GPair,,1.0,,,,,Leo,,
,0.007,19.325,G,15.0,0.5,0.3,154,,,UMa,SBab,
,0.000,-0.890,G,14.2,0.8,0.6,3,,,UMa,SBm,22.5
,0.027,-94.806,Cl+N,,6.0,,,,,Cen,,
1,0.042,101.436,G,14.9,0.7,0.6,81,,,UMa,Sc,22.6
,0.029,-18.242,G,13.6,1.5,0.4,81,,,Leo,Sa,23.6
,0.015,13.601,G,15.8,0.3,0.3,161,,,UMa,Sbc,22.1
2,0.013,-13.730,G,14.2,0.4,0.4,5,,,Leo,E-S0,21.9
,0.004,7.146,G,14.8,0.9,0.8,56,,,Leo,Sbc,23.4
,0.005,4.533,G,14.9,0.8,0.5,23,,,UMa,S0,23.3
,0.002,1.854,G,15.7,0.7,0.6,55,,,UMa,Sbc,23.6
1,0.010,1.850,G,15.4,0.8,0.7,104,,,UMa,Sb,23.7
,0.025,-3.659,G,15.7,0.5,0.3,21,,,UMa,S0,23.0
4,0.040,-96.218,RfN,,3.0,2.0,130,,,Mus,,
,0.012,95.724,G,14.7,0.8,0.6,17,,,UMa,E,23.3
,0.026,-10.226,G,15.6,0.9,0.4,80,,,Leo,S0-a,23.9
,0.000,-24.497,G,13.8,1.3,0.7,95,,,Vir,SBbc,22.7
1,0.016,34.569,G,15.7,0.7,0.5,150,,,UMa,E,23.8
1,0.006,2.669,G,14.4,1.4,0.8,120,,,UMa,SBcd,23.5
,-0.000,-38.534,G,14.0,2.2,0.5,100,,,Vir,Sc,23.1
2,0.024,-32.528,G,12.2,2.1,1.2,121,,,Cen,I,23.0
,0.019,69.735,G,15.4,1.0,0.4,130,,,UMa,SBcd,23.5
,0.008,0.120,G,14.5,0.8,0.5,174,,,UMa,S0,23.0
,0.010,-105.843,G,13.3,2.0,1.3,41,,,Mus,E,23.6
,-0.029,105.873,G,14.9,0.5,0.4,3,,,UMa,SBa,22.4
2,0.056,-1.492,G,15.5,0.7,0.5,77,,,UMa,SBd,23.4
,0.002,0.034,G,15.1,0.9,0.4,139,,,UMa,S0,23.9
,0.010,0.113,G,14.8,1.0,0.9,15,,,UMa,S0,23.5
,0.060,7.969,G,15.3,0.6,0.4,64,,,UMa,SBbc,22.9
2,0.020,-27.763,G,15.1,0.7,0.3,15,,,Vir,Sb,22.8
,0.010,-0.410,G,15.8,0.7,0.2,35,,,Vir,Sc,23.2
,0.001,20.216,G,14.8,0.6,0.5,161,,,UMa,S?,22.5
,0.006,1.966,G,16.0,0.3,0.3,6,,,UMa,E,
,-0.003,-20.119,G,15.7,0.5,0.4,62,,,Vir,Sc,22.8
,0.005,-40.643,G,12.6,3.4,0.8,114,,,Hya,SBc,23.5
,0.001,-2.032,G,14.4,1.8,0.4,23,,,Hya,Sb,23.3
2,0.002,61.321,G,15.7,0.7,0.3,51,,,UMa,Sc,22.9
1,0.006,2.177,G,15.5,0.7,0.4,73,,,UMa,SBbc,23.1
,0.013,-0.143,G,15.6,0.6,0.5,86,,,CVn,Sc,23.3
,0.008,-0.570,G,14.9,0.8,0.6,145,,,Com,S0-a,23.2
,-0.006,-19.565,G,15.8,0.6,0.4,24,,,Vir,SBc,23.6
,0.001,-43.273,G,13.8,2.4,0.7,160,,,Hya,SBc,23.6
1,0.004,61.373,G,15.6,0.7,0.4,75,,,Com,E,23.7
,0.006,-17.771,G,14.7,0.9,0.5,22,,,Com,Sb,23.0
1,0.002,-43.916,G,12.2,2.1,1.9,84,,,Hya,S0-a,23.6
1,0.007,41.516,G,15.9,0.6,0.3,46,,,Vir,Sa,23.1
,0.000,-1.160,G,15.3,0.6,0.4,159,,,Vir,Sc,22.9
,0.004,28.815,G,14.5,0.8,0.6,20,,,CVn,Sb,22.7
,0.006,-70.352,G,13.2,0.7,0.2,164,,,Hya,Sbc,20.6
,0.005,42.950,G,15.2,0.5,0.5,16,,,Vir,SBbc,22.4
,0.001,2.188,G,16.4,0.6,0.3,50,,,Com,SBbc,23.8
,0.001,-0.044,G,15.9,0.7,0.2,176,,,Com,Sab,23.2
,-0.001,0.418,G,14.0,1.3,1.0,130,,,Com,E,23.3
,0.002,0.233,G,16.4,0.4,0.3,77,,,Com,E,23.2
,0.007,-1.175,G,15.5,1.3,0.8,178,,,Vir,SABm,24.4
,0.002,25.690,G,14.3,0.2,0.2,179,,,CVn,E,
,0.000,-24.373,G,15.9,1.0,0.6,138,,,Com,I,24.3
,0.003,-2.041,G,15.1,0.9,0.3,168,,,Vir,Sab,22.9
,0.003,-2.137,G,14.9,0.7,0.4,102,,,Vir,E-S0,23.0
2,0.004,1.572,G,15.7,0.6,0.3,152,,,Vir,S0,23.1
,0.001,1.570,G,14.8,1.3,0.4,30,,,Com,SBc,23.2
1,0.006,-0.023,G,17.0,0.6,0.2,31,,,Com,Sbc,24.1
,0.001,0.967,G,15.2,0.6,0.5,40,,,Com,E-S0,22.9
,0.001,-0.687,G,15.1,1.0,0.5,3,,,Com,Sd,23.2
,0.011,0.613,G,16.2,0.7,0.2,150,,,Com,Sbc,23.5
1,0.007,-1.713,G,14.8,0.9,0.5,165,,,Vir,SABm,22.7
,0.002,-2.502,G,15.3,0.5,0.4,40,,,Vir,Sbc,22.4
,0.003,1.367,G,15.3,0.4,0.3,106,,,Vir,Sab,22.0
,0.000,0.957,G,15.1,0.9,0.4,22,,,Vir,SBbc,22.9
,0.001,-1.235,G,15.3,0.8,0.7,171,,,Vir,S?,23.4
,0.002,1.688,G,17.0,0.6,0.2,60,,,Vir,Sd,23.5
1,0.001,-2.753,G,16.6,0.9,0.2,170,,,Vir,Sab,24.4
,0.000,3.966,G,14.3,1.3,0.5,70,,,Com,Sc,22.7
1,0.006,-1.058,G,15.3,1.3,0.3,132,,,Vir,Sbc,23.5
,0.002,0.080,G,16.5,0.6,0.3,37,,,Vir,Sbc,23.9
1,0.005,1.482,G,15.7,0.9,0.6,0,,,Com,Sm,23.8
2,0.004,-1.789,G,17.1,0.5,0.3,131,,,Vir,I,24.0
,0.001,1.532,G,15.3,0.6,0.3,4,,,Com,Sab,22.5
,0.006,-0.680,G,16.3,0.7,0.5,158,,,Com,E,24.3
,0.003,-1.452,GTrpl,,0.5,,,,,Vir,,
,0.004,0.721,G,14.8,1.3,0.5,62,,,Vir,IAB,24.0
1,0.003,1.284,G,16.3,0.5,0.3,127,,,Com,Scd,23.3
,0.002,-0.635,G,14.3,1.7,1.4,3,,,Com,I,24.5
,0.002,-0.914,G,14.8,0.7,0.5,178,,,Vir,Sab,22.7
,0.000,1.482,G,13.6,2.2,0.4,120,,,Com,SBc,23.5
,0.000,-0.434,G,14.6,0.8,0.7,175,,,Com,Sc,22.8
,0.001,-1.578,G,14.8,1.0,0.5,18,,,Vir,Sa,23.2
1,0.001,2.416,G,14.4,1.2,0.9,179,,,Com,S0,23.6
,0.002,-0.960,G,15.7,1.0,0.3,138,,,Com,Sc,23.5
1,0.001,-1.962,G,16.5,0.5,0.2,44,,,Vir,SBcd,22.9
,-0.000,-1.350,G,16.6,0.5,0.2,111,,,Vir,Sc,23.1
3,0.004,3.458,G,15.2,0.9,0.7,103,,,Com,I,23.4
,0.003,-2.920,G,14.8,0.3,0.3,157,,,Vir,SBd,21.1
,0.002,12.897,G,15.1,0.9,0.6,62,,,Com,Sa,23.4
1,0.001,-9.163,G,14.6,1.1,0.7,179,,,Com,Sc,23.2
,0.001,-1.746,G,15.7,0.6,0.5,31,,,Vir,Sb,22.4
,0.001,-1.152,G,15.3,0.7,0.4,22,,,Vir,S0-a,23.2
,-0.001,2.654,G,15.0,0.7,0.6,55,,,Com,SBa,23.0
,0.002,-1.498,G,15.0,0.8,0.4,86,,,Vir,E-S0,23.8
,0.001,11.151,G,15.9,0.7,0.2,8,,,Com,S0-a,23.7
,0.003,-11.314,G,17.1,0.5,0.4,21,,,Vir,Sb,24.1
,0.000,11.390,G,15.7,0.5,0.3,0,,,Com,,22.7
4,0.002,-0.090,G,15.7,0.7,0.7,58,,,Com,E,23.9
1,-0.000,-9.816,G,14.5,1.1,0.5,125,,,Com,S0-a,23.2
,0.001,-3.966,G,16.4,0.4,0.3,159,,,Vir,Sb,23.0
,0.002,4.232,G,14.8,0.4,0.3,177,,,Com,Sc,21.1
,0.004,-0.653,G,14.5,0.5,0.5,108,,,Com,Sab,21.8
,0.000,10.333,G,15.8,0.5,0.4,77,,,Com,Sc,22.8
,-0.001,-9.443,G,15.2,1.1,0.4,96,,,Com,Sa,23.7
,0.003,-5.107,G,15.3,0.8,0.5,26,,,Vir,E,23.6
1,0.002,3.046,G,15.0,1.9,0.3,174,,,Vir,Sc,23.6
,-0.001,-0.164,G,15.1,1.4,0.4,58,,,Vir,S0,24.5
,0.004,-0.347,G,15.8,0.6,0.5,37,,,Vir,E,23.6
2,0.024,-91.669,G,13.7,2.4,1.3,42,,,Cha,IB,23.7
,-0.020,92.114,G,14.8,1.6,0.3,28,,,Vir,I,23.1
1,0.003,-1.543,G,14.3,1.2,0.6,130,,,Vir,Sbc,22.9
,-0.001,2.535,G,14.8,0.8,0.2,93,,,Com,Sab,22.3
,0.001,-0.209,G,14.9,0.7,0.5,160,,,Vir,Sbc,22.5
,-0.000,24.229,G,16.4,0.3,0.2,44,,,CVn,Sb,
,0.001,-28.970,G,15.0,0.6,0.3,18,,,Vir,Sab,22.3
,-0.000,17.601,G,15.0,1.1,0.6,174,,,Com,Sb,23.5
3,0.002,-0.954,G,16.2,0.5,0.4,19,,,Com,Sc,23.2
1,0.004,-15.577,G,14.7,1.3,0.5,171,,,Vir,I,23.2
,-0.001,15.188,G,15.4,0.6,0.5,146,,,Com,Sbc,22.8
,0.002,-10.939,G,15.8,0.6,0.5,134,,,Com,E-S0,23.6
,0.001,-0.492,GPair,,0.5,,,,,Vir,,
,0.001,11.960,G,14.6,1.3,0.6,150,,,Com,Sb,23.2
3,0.004,-11.402,G,16.2,0.5,0.4,26,,,Com,Sc,23.6
,-0.000,-1.945,G,15.3,0.5,0.5,24,,,Vir,Sc,22.6
,0.001,-0.136,GTrpl,,1.4,,,,,Vir,,
2,0.003,-3.872,G,14.1,1.0,1.0,50,,,Vir,E-S0,22.9
2,0.002,1.100,G,14.7,0.8,0.3,169,,,Vir,S0-a,22.8
,-0.001,18.530,G,17.1,0.3,0.2,117,,,Com,Sc,23.1
,0.001,-21.308,G,14.9,1.2,0.5,33,,,Vir,SBc,23.3
,-0.001,6.286,G,16.9,0.7,0.2,43,,,Vir,Sc,23.6
,0.001,-0.026,GPair,,0.5,,,,,Vir,,
2,0.000,11.742,G,15.3,0.9,0.5,36,,,Com,S0-a,23.7
,0.002,-10.205,GPair,,1.4,,,,,Com,,
,0.000,13.317,G,15.6,0.6,0.4,146,,,Com,Sc,23.3
,0.001,-2.001,G,16.8,0.4,0.3,29,,,Com,Sbc,23.2
1,0.001,0.418,G,16.8,0.5,0.5,54,,,Com,Sc,24.0
,0.002,-13.698,GPair,,1.0,,,,,Vir,,
,0.001,-4.147,G,15.6,0.6,0.4,42,,,Vir,SBm,22.9
,0.000,4.431,G,15.2,0.6,0.6,85,,,Vir,S0-a,23.0
,0.002,-4.503,G,15.4,0.4,0.2,37,,,Vir,Sbc,21.6
,0.001,1.616,G,14.8,0.9,0.4,115,,,Vir,SBa,22.9
,0.001,-35.559,G,12.4,1.7,1.4,41,,,Hya,E-S0,23.3
,-0.000,31.543,G,15.0,0.5,0.5,44,,,Vir,SBbc,22.3
,-0.001,20.188,G,16.0,0.6,0.4,105,,,Com,E,23.7
,0.003,-19.580,G,14.4,1.0,0.5,34,,,Vir,S0,23.1
,-0.000,3.143,G,14.7,0.7,0.5,64,,,Vir,SBcd,22.4
,0.001,3.273,G,15.1,1.0,0.5,109,,,Vir,S0,23.7
1,0.001,-0.748,G,16.6,0.5,0.3,29,,,Vir,SBc,23.6
5,0.004,16.301,G,14.8,1.0,0.6,9,,,Com,Sb,23.2
1,0.004,-18.430,G,14.7,1.4,0.8,110,,,Vir,S0,24.1
,-0.001,18.375,G,15.7,0.7,0.4,58,,,Com,SBbc,23.3
,0.001,-2.320,G,16.6,0.5,0.3,136,,,Com,E,23.8
,0.002,-16.176,G,14.6,0.6,0.6,55,,,Vir,Sbc,22.2
,-0.001,16.137,G,14.6,0.9,0.7,56,,,Com,E,23.3
,0.000,2.258,G,16.3,0.7,0.5,6,,,Com,Sb,24.0
,0.002,-16.478,G,15.3,0.7,0.5,85,,,Vir,Sa,23.2
,-0.000,-1.096,G,15.2,0.6,0.4,149,,,Vir,Sab,22.7
,0.001,-0.392,G,15.0,0.8,0.4,53,,,Vir,Sb,22.9
,-0.001,15.662,G,16.3,0.7,0.3,151,,,Com,E,24.2
2,0.002,0.650,G,16.6,0.3,0.3,123,,,Com,Sbc,23.0
4,0.002,-1.249,G,15.6,0.8,0.4,42,,,Com,Sbc,23.2
,0.002,0.514,G,15.9,0.7,0.2,106,,,Com,Sbc,23.2
,0.001,-0.761,G,14.4,0.5,0.4,155,,,Com,Sb,22.2
,-0.000,-13.507,G,15.5,0.7,0.4,101,,,Vir,Sbc,23.1
,-0.000,-0.153,G,14.8,0.8,0.6,54,,,Vir,Sc,22.8
,-0.000,14.418,G,16.2,0.6,0.3,111,,,Com,Sbc,23.3
2,0.002,-13.672,G,16.1,0.6,0.5,170,,,Vir,E,23.8
,-0.001,16.144,G,15.7,1.0,0.4,132,,,Com,Sbc,23.6
,0.003,-2.765,G,16.4,0.6,0.4,172,,,Com,E,24.0
,0.002,0.674,G,16.4,0.5,0.5,44,,,Com,E,23.8
,0.002,-14.050,G,16.4,0.5,0.4,88,,,Vir,Sbc,23.6
2,0.006,-1.162,G,15.0,1.0,0.5,2,,,Vir,SBab,23.4
,-0.003,16.165,G,16.5,0.5,0.4,6,,,Com,E,23.9
,0.001,-1.035,G,17.1,0.4,0.2,111,,,Com,Sc,23.4
,0.001,1.331,G,16.7,0.7,0.6,130,,,Com,E,24.7
,0.001,-1.172,G,15.4,1.3,0.2,146,,,Com,Sb,23.6
,0.001,-1.636,G,16.8,0.5,0.3,108,,,Com,Sbc,23.7
,0.000,2.092,G,15.6,0.6,0.5,113,,,Com,E,23.4
,0.000,0.023,G,15.8,0.5,0.3,106,,,Com,Sc,22.9
,0.001,-2.009,G,16.4,0.8,0.3,91,,,Com,Sab,24.1
,0.000,-12.388,G,16.0,1.0,0.4,78,,,Vir,IB,23.9
,0.003,-0.212,G,15.0,1.0,0.4,151,,,Vir,Sc,22.9
,-0.001,16.676,G,15.4,0.7,0.5,85,,,Com,S0-a,23.2
1,0.001,-0.245,G,15.5,0.7,0.7,110,,,Com,Sc,23.5
,0.001,-4.316,G,15.5,0.5,0.3,175,,,Com,E-S0,
1,0.001,2.182,G,15.5,1.3,0.3,93,,,Com,Sd,23.8
,-0.000,-0.765,G,16.5,0.5,0.4,104,,,Com,SBab,23.7
,0.000,1.101,G,17.5,0.4,0.2,40,,,Com,Scd,23.9
,0.002,-19.460,G,15.7,0.6,0.6,74,,,Vir,E,23.6
,-0.001,19.023,G,16.4,0.8,0.2,5,,,Com,Sc,23.8
,0.002,-15.349,G,15.9,1.1,0.5,4,,,Vir,E,24.9
,-0.001,14.682,G,17.1,0.6,0.3,128,,,Com,Sbc,24.1
,0.000,3.548,G,15.1,0.6,0.4,16,,,Com,Sc,23.1
1,0.005,-16.674,G,16.3,0.4,0.3,51,,,Vir,I,22.7
,0.000,-5.481,G,14.4,0.9,0.4,34,,,Vir,Sd,22.2
1,-0.000,17.408,G,16.5,0.5,0.2,169,,,Com,S0,23.6
,0.001,0.245,G,16.2,1.1,0.2,141,,,Com,Sc,24.1
,0.003,-17.650,G,15.2,1.2,0.4,43,,,Vir,SBbc,23.6
,-0.003,21.067,G,16.4,0.4,0.3,101,,,Com,Sc,23.2
,0.001,-2.927,G,,0.7,0.5,0,,,Com,Sc,
1,0.003,-12.253,G,16.6,0.7,0.3,90,,,Vir,S?,24.0
,-0.001,15.546,G,16.9,0.4,0.4,82,,,Com,Sa,23.7
,0.002,-14.567,G,16.6,0.6,0.3,146,,,Com,Sc,23.8
,0.000,-3.445,G,16.5,0.4,0.2,132,,,Vir,Sc,23.1
,-0.000,18.393,G,15.9,0.5,0.3,67,,,Com,Sbc,23.1
,0.002,-14.036,G,14.7,0.7,0.5,11,,,Com,S0,22.5
,0.001,-2.732,G,16.2,0.8,0.3,147,,,Vir,Scd,23.5
,-0.001,-1.364,G,16.5,0.5,0.3,77,,,Vir,Sbc,23.3
,0.001,16.543,G,16.3,0.7,0.5,17,,,Com,E,24.3
,0.000,-0.656,G,16.5,0.6,0.4,158,,,Com,Sb,23.9
,0.000,1.517,G,15.7,0.8,0.4,62,,,Com,Sbc,23.3
,0.001,-13.377,G,15.0,0.8,0.6,80,,,Com,Sc,23.0
1,0.001,-1.337,G,16.3,0.5,0.5,43,,,Vir,SBbc,23.6
,-0.001,15.842,G,15.4,1.9,0.3,174,,,Com,Sc,24.4
1,0.001,-3.449,G,16.8,0.4,0.2,13,,,Com,E,
3,0.008,-60.067,G,12.1,3.0,1.2,24,,,Cen,Sc,23.0
1,-0.003,44.271,G,14.7,0.6,0.5,101,,,Vir,SBbc,22.2
2,0.003,2.829,G,13.3,1.4,1.1,88,,,Vir,IB,23.0
,0.001,-5.291,G,13.5,1.6,0.8,18,,,Vir,SABd,23.4
1,0.001,4.294,G,17.2,0.5,0.2,110,,,Vir,SBab,23.9
,-0.001,15.913,G,15.2,0.8,0.4,149,,,Com,SBab,23.1
,0.000,0.806,G,14.4,0.6,0.6,57,,,Com,SBbc,22.7
,0.001,-2.643,G,16.7,0.6,0.4,145,,,Com,E,24.4
2,0.004,-18.516,G,13.4,1.2,1.2,30,,,Vir,Sc,23.2
,0.000,-0.434,G,13.8,1.0,0.8,12,,,Vir,I,22.3
,-0.001,20.828,G,16.5,0.8,0.4,167,,,Com,Sb,24.2
,0.001,0.143,G,16.3,0.6,0.5,128,,,Com,SBb,23.9
,0.002,-19.625,G,14.6,0.8,0.7,102,,,Vir,SABc,22.8
,-0.001,15.332,G,16.8,0.5,0.2,153,,,Com,Sbc,23.4
2,0.002,-12.839,G,16.5,0.5,0.3,89,,,Vir,Sc,23.6
,-0.001,15.373,G,16.5,0.6,0.4,102,,,Com,E,24.1
1,0.000,1.602,GTrpl,,0.9,,,,,Com,,
1,0.003,-14.188,G,15.1,0.7,0.6,38,,,Vir,Sbc,22.9
2,0.001,13.978,G,16.5,0.7,0.3,46,,,Com,Sb,23.8
,0.002,-16.372,G,15.2,0.6,0.5,137,,,Vir,SBab,22.7
1,-0.000,12.909,G,16.1,0.5,0.4,69,,,Com,E,23.4
,0.000,0.847,G,17.6,0.2,0.2,16,,,Com,S?,
,0.001,0.355,G,16.3,0.6,0.4,131,,,Com,E,23.8
,0.005,-50.981,G,14.2,1.1,1.1,28,,,Hya,S0,23.2
,0.003,-13.744,G,13.6,2.2,1.5,36,,,Cen,S0-a,23.9
,-0.006,51.794,G,16.5,0.6,0.4,80,,,Vir,Sa,23.8
,0.000,6.176,G,15.0,1.1,0.8,134,,,Com,S0,24.0
,0.002,-0.763,G,16.3,0.7,0.4,65,,,Com,SBbc,23.9
,-0.001,8.165,G,17.3,0.4,0.3,2,,,Com,E,24.0
1,0.002,-1.214,G,15.5,0.5,0.3,101,,,Com,E,22.8
1,0.002,-7.368,G,15.3,1.3,0.4,156,,,Com,SBcd,23.5
,-0.000,10.359,G,17.2,0.6,0.4,36,,,Com,SBbc,24.2
,0.000,-1.416,G,15.2,1.1,0.3,80,,,Com,Sc,23.1
,0.004,-11.785,G,16.1,0.5,0.4,31,,,Com,E,23.6
,-0.002,11.707,G,17.0,0.4,0.3,29,,,Com,Sc,23.5
,0.001,-13.165,G,14.4,0.9,0.6,70,,,Vir,E,23.7
,-0.001,12.709,G,18.6,0.2,0.2,92,,,Com,,24.3
,0.001,-13.574,G,14.9,1.1,0.4,41,,,Vir,E,23.9
,-0.001,15.552,G,16.1,0.9,0.3,142,,,Com,Sbc,23.9
1,0.002,-0.687,G,15.0,0.6,0.3,64,,,Com,Sd,22.5
,0.000,1.666,G,15.7,1.0,0.4,87,,,Com,Sc,23.8
1,0.004,-16.121,G,14.7,1.9,0.4,134,,,Vir,Scd,23.5
,-0.001,11.322,G,17.1,0.5,0.3,157,,,Com,E,24.4
,0.002,-7.752,G,14.2,1.3,1.3,179,,,Com,E,23.7
,-0.002,7.761,G,16.2,0.5,0.5,19,,,Com,E,23.7
,0.002,-11.277,G,15.9,0.6,0.5,85,,,Vir,E,23.7
,-0.000,13.849,G,16.6,0.5,0.4,96,,,Com,Sc,23.8
,0.000,-0.819,G,17.2,0.5,0.5,14,,,Com,E?,24.5
3,0.002,0.739,G,16.6,0.7,0.3,8,,,Com,E,24.7
,0.003,-18.528,G,14.1,2.3,0.7,156,,,Vir,SABc,23.6
1,-0.002,19.185,G,17.1,0.3,0.3,171,,,Com,E,23.3
,0.001,-2.844,G,15.8,0.7,0.6,26,,,Com,Sb,23.7
,0.000,-0.128,G,16.7,0.4,0.2,168,,,Com,Sb,23.2
,0.003,-8.888,G,15.1,0.9,0.8,42,,,Com,SBa,23.5
,-0.001,-4.826,G,14.4,0.9,0.8,45,,,Vir,E-S0,22.9
,-0.001,17.510,HII,,,,,,,Com,,
,0.000,3.280,G,15.0,1.1,0.5,101,,,Com,Sab,23.5
,0.003,-19.032,G,15.0,1.0,0.5,51,,,Vir,E,23.9
,-0.000,13.468,G,,0.3,0.1,135,,,Com,,
1,0.001,3.186,G,16.2,0.8,0.7,2,,,Com,I,24.2
,0.003,-2.337,G,17.2,0.3,0.2,10,,,Com,E,23.8
,-0.000,0.709,G,15.4,0.6,0.3,74,,,Com,Sa,22.9
,0.000,-1.526,G,16.9,0.6,0.5,44,,,Com,Sc,24.2
,0.001,0.574,G,15.9,0.8,0.4,67,,,Com,Sbc,23.7
1,0.002,-9.041,G,15.4,0.7,0.4,24,,,Com,SBb,22.9
,-0.002,10.901,G,16.7,0.5,0.3,72,,,Com,I,23.5
2,0.002,-14.167,G,14.9,0.8,0.4,60,,,Com,E,23.9
,0.001,10.790,G,17.2,0.3,0.3,106,,,Com,E,23.7
,0.003,-12.989,G,15.8,0.7,0.5,147,,,Vir,E,23.7
,-0.000,-0.461,G,16.3,0.6,0.4,141,,,Vir,Sc,23.5
,-0.002,14.706,G,17.3,0.4,0.4,66,,,Com,Sc,24.1
,0.002,-13.171,G,14.1,0.9,0.8,25,,,Vir,E,23.5
3,-0.000,15.458,G,16.8,0.8,0.1,98,,,Com,Sc,23.8
1,0.002,-14.736,G,15.1,1.1,0.4,166,,,Vir,I,23.5
,-0.001,-1.617,G,15.4,1.5,0.8,70,,,Vir,IB,24.5
,0.001,-1.781,G,15.4,0.5,0.2,164,,,Vir,Sbc,22.1
,0.000,1.886,G,13.6,1.1,0.8,118,,,Vir,E,23.3
,-0.000,11.834,G,16.6,0.5,0.3,70,,,Com,Sbc,23.5
1,0.000,-12.832,G,15.5,1.0,0.7,119,,,Vir,E,24.4
,0.000,16.024,G,16.1,0.8,0.6,118,,,Com,SBab,24.1
,0.003,-14.129,G,14.8,1.0,0.4,124,,,Vir,E,24.3
,0.000,13.002,G,16.5,0.6,0.4,86,,,Com,Sab,23.9
,0.002,-9.666,G,14.3,0.9,0.7,67,,,Com,I,22.5
,0.000,-6.487,G,16.6,0.4,0.2,154,,,Vir,E,23.2
,0.000,17.547,GPair,,1.5,,,,,Com,,
,0.003,-10.528,G,15.4,0.7,0.5,0,,,Com,I,23.2
,-0.001,-0.405,G,14.0,0.8,0.6,136,,,Com,E-S0,23.0
,0.005,-55.362,G,11.2,3.1,2.3,53,,,Cen,E,23.3
,-0.004,50.205,G,15.3,1.2,0.3,54,,,Vir,Sc,23.1
,0.001,14.420,G,17.0,0.3,0.3,98,,,Com,E,23.2
,0.001,0.167,G,16.4,0.7,0.4,99,,,Com,SBc,23.8
,0.001,-15.450,G,15.4,0.9,0.5,155,,,Vir,IB,23.5
1,0.005,16.990,G,14.3,0.9,0.6,81,,,Com,SBa,22.7
,0.000,-2.052,G,16.2,0.5,0.3,129,,,Com,SBab,23.1
,0.003,-7.646,G,16.3,0.5,0.3,175,,,Com,Sc,23.3
,0.001,0.010,G,16.1,0.7,0.3,32,,,Com,Sbc,23.5
,0.000,9.367,G,16.8,0.5,0.4,109,,,Com,E,24.2
,0.003,-14.883,G,13.5,1.2,0.9,104,,,Vir,E,23.2
,-0.001,1.781,G,16.3,1.0,0.3,150,,,Com,Sc,24.0
,0.000,-3.273,G,15.2,0.8,0.5,29,,,Vir,E-S0,23.3
,0.000,14.793,G,19.3,0.7,0.3,52,,,Com,Sm,25.7
,0.001,0.342,G,16.5,0.8,0.5,147,,,Com,Sc,24.5
,0.002,-12.237,G,15.6,0.8,0.3,100,,,Vir,E,24.4
,-0.001,14.800,G,16.6,0.3,0.3,24,,,Com,Sbc,22.9
,0.002,-15.172,G,14.8,0.7,0.6,74,,,Vir,E,23.7
,-0.001,15.021,G,18.1,0.3,0.2,159,,,Com,,24.4
,0.002,-3.036,G,16.6,0.6,0.5,107,,,Com,SBbc,24.0
,-0.001,-6.394,G,13.7,1.0,0.8,71,,,Com,Sc,22.3
,0.005,-3.415,G,13.0,2.6,1.1,39,,,Com,Sab,23.2
,-0.001,-2.084,G,14.3,1.1,0.5,132,,,Vir,S0,23.8
,0.000,13.882,G,15.9,0.6,0.5,143,,,Com,E,23.5
,0.001,-1.763,G,16.4,0.6,0.3,50,,,Com,Sab,23.5
,0.000,0.015,G,17.2,0.1,0.1,84,,,Com,E,
,0.001,0.682,G,16.0,0.6,0.5,10,,,Com,SBb,23.5
3,0.003,0.728,G,17.3,0.4,0.4,5,,,Com,Sb,24.0
,0.000,2.402,G,15.2,1.2,0.2,7,,,Com,Sbc,23.6
,0.001,-4.229,G,15.9,0.4,0.4,35,,,Com,Sc,22.9
1,-0.001,13.097,G,16.3,0.7,0.3,27,,,CVn,Sbc,23.6
,0.001,-10.089,G,15.6,0.7,0.4,70,,,Com,Sbc,23.1
,0.000,0.138,G,14.6,1.0,0.5,147,,,Com,SBb,22.9
1,0.005,-12.990,G,16.0,0.6,0.5,156,,,Com,SBc,23.4
,-0.004,4.216,G,15.7,0.7,0.6,8,,,Com,E,23.8
,0.002,5.579,G,17.2,0.7,0.2,170,,,Com,Sbc,24.4
,0.003,-14.595,G,15.6,0.7,0.3,9,,,Vir,Sm,23.0
,-0.000,1.445,G,14.4,1.2,0.7,164,,,Vir,E,23.6
,0.001,-4.662,G,14.0,0.8,0.4,32,,,Vir,Sd,21.6
1,0.002,4.021,G,15.4,0.9,0.5,71,,,Vir,I,23.5
1,0.003,0.612,G,14.3,1.3,0.9,68,,,Vir,IB,23.4
,-0.000,3.620,G,16.3,0.7,0.4,1,,,Com,E,24.3
1,-0.002,11.206,G,15.5,0.7,0.5,17,,,Com,Sbc,23.6
,0.005,-11.543,G,16.1,0.6,0.5,88,,,Com,Sc,23.4
1,-0.003,9.721,G,17.5,0.4,0.2,105,,,Com,E,24.4
,0.003,-13.794,G,14.6,0.6,0.3,35,,,Vir,S0-a,22.3
3,0.003,12.930,G,16.9,0.4,0.3,18,,,Com,Sb,23.5
,0.003,-14.460,G,15.4,1.1,0.4,112,,,Vir,S0-a,24.1
,0.002,2.529,G,16.9,0.5,0.3,13,,,Vir,Sc,23.6
,0.001,2.546,G,14.8,0.7,0.4,56,,,Com,Sc,22.3
,-0.000,3.150,G,16.2,0.8,0.6,87,,,Com,E-S0,24.5
,-0.000,1.500,G,15.5,0.8,0.4,55,,,Com,Sb,23.1
,0.003,-3.680,G,15.2,1.4,0.5,141,,,Com,S0,24.5
,-0.003,4.543,G,14.9,0.8,0.4,144,,,Com,S0,23.0
,0.005,-8.330,G,15.0,0.6,0.4,68,,,Vir,E,23.4
1,0.004,14.219,G,16.3,0.7,0.6,40,,,Com,Sbc,24.0
,0.001,-13.532,G,16.8,0.6,0.5,85,,,Vir,Sc,24.2
,-0.000,16.823,G,15.1,0.6,0.4,142,,,Com,E-S0,23.5
,0.004,-14.738,G,13.8,0.9,0.7,20,,,Com,E,23.3
,-0.001,-1.783,G,15.0,0.6,0.5,49,,,Vir,E,23.5
1,0.001,0.406,G,15.9,0.5,0.3,36,,,Vir,E,23.7
,0.001,-1.246,G,15.5,0.6,0.4,1,,,Vir,I,22.8
,-0.001,-0.812,G,16.7,0.4,0.3,6,,,Vir,Sc,23.3
,0.001,6.526,G,15.5,1.0,0.6,97,,,Com,E-S0,24.2
,0.000,8.708,G,17.0,0.3,0.2,142,,,Com,SBc,23.2
,0.001,0.882,G,16.4,0.5,0.3,158,,,Com,Sc,23.3
,-0.001,2.059,G,14.7,0.7,0.5,92,,,Com,S0,23.6
1,0.004,-13.995,G,14.8,0.9,0.3,164,,,Com,IB,22.3
,0.000,12.636,G,15.6,1.1,0.3,26,,,Com,Sb,23.6
,0.002,-1.710,G,16.7,0.6,0.3,0,,,Com,Sbc,23.8
1,0.002,-13.129,G,14.6,1.0,0.7,143,,,Vir,E,23.7
,-0.002,15.490,G,15.7,0.7,0.6,76,,,Com,Sbc,23.5
,0.003,-15.973,G,14.9,1.1,0.9,163,,,Vir,I,23.6
,-0.001,15.213,G,16.2,0.6,0.2,109,,,Com,Sd,23.2
,0.003,-15.497,G,14.5,0.7,0.6,154,,,Vir,E,23.3
,0.002,3.411,G,16.1,0.7,0.4,43,,,Com,E,24.1
2,0.001,-3.239,G,16.2,0.4,0.3,110,,,Vir,E,23.7
,-0.002,-0.244,G,15.8,0.7,0.5,69,,,Vir,I,23.3
,0.005,-0.030,G,15.4,1.0,0.3,69,,,Vir,SABc,22.9
,-0.003,-1.537,G,13.9,1.3,1.1,170,,,Vir,E,23.3
,-0.001,15.552,G,17.6,0.3,0.3,55,,,Com,Sb,23.9
,0.004,-14.540,G,13.8,0.9,0.9,21,,,Vir,E,23.3
,-0.000,4.756,G,15.5,1.0,0.6,1,,,Com,I,23.8
,-0.001,8.709,G,17.1,0.5,0.5,136,,,Com,Sd,24.2
,-0.000,-6.484,G,14.4,1.1,0.7,37,,,Com,Sc,22.9
,0.004,-15.582,G,14.6,2.3,0.4,43,,,Vir,Scd,23.6
,0.002,10.109,G,13.4,1.6,1.3,84,,,Vir,E,23.9
,-0.000,1.279,G,12.8,1.7,1.2,28,,,Com,Sm,22.9
1,0.001,0.146,G,14.4,0.9,0.8,120,,,Com,S0,22.9
,-0.001,11.210,G,17.1,0.3,0.2,6,,,Com,Sb,23.1
1,0.003,-14.002,G,13.7,0.9,0.8,33,,,Vir,E-S0,23.2
,0.002,16.426,G,16.6,0.4,0.2,44,,,Com,Sab,23.0
,0.003,-16.483,G,14.2,0.9,0.6,177,,,Vir,SABb,23.1
,-0.002,6.056,G,15.0,0.8,0.6,27,,,Com,Sc,23.0
1,0.003,-4.545,G,15.2,0.8,0.6,39,,,Vir,E,23.6
,-0.000,-3.461,G,15.0,0.9,0.5,76,,,Vir,E-S0,23.6
,-0.002,16.952,G,15.6,0.6,0.6,73,,,Com,E,23.4
,0.002,-14.102,G,14.8,0.7,0.6,5,,,Vir,Sbc,22.6
,-0.000,-1.318,G,15.5,0.6,0.3,64,,,Vir,E,23.7
,-0.002,16.165,G,16.1,0.8,0.2,6,,,Com,Sc,23.4
,0.003,-14.241,G,15.3,0.7,0.6,56,,,Vir,E,23.2
1,-0.001,14.731,G,17.1,0.3,0.2,127,,,Com,E,23.3
3,0.004,-0.846,G,16.2,0.7,0.2,56,,,Com,Sc,23.4
,0.004,-15.742,G,13.3,1.6,0.6,125,,,Vir,S0-a,23.8
,0.002,2.967,G,15.1,0.6,0.4,93,,,Com,SBc,22.4
,0.000,-0.641,G,14.7,0.9,0.8,25,,,Com,E,23.4
,-0.002,13.295,G,17.4,0.8,0.2,5,,,Com,SBm,24.5
2,0.008,-10.649,G,15.1,0.8,0.3,172,,,Com,SBcd,22.7
,-0.001,-3.226,G,15.9,0.7,0.7,49,,,Vir,E,24.0
,-0.001,12.621,G,17.3,0.4,0.3,158,,,Com,E,24.2
,0.001,1.308,G,15.4,1.0,0.9,49,,,Com,S0-a,24.1
,0.001,-14.622,G,14.2,1.0,0.7,69,,,Vir,E,24.0
,0.001,-0.977,G,14.9,0.8,0.6,15,,,Vir,E,23.3
4,0.000,16.790,G,15.6,0.7,0.3,62,,,Com,Sbc,22.9
,0.000,-0.410,G,16.1,0.9,0.2,70,,,Com,Sbc,23.4
,0.004,-18.297,G,15.3,1.2,0.7,16,,,Vir,SABd,23.9
,0.000,0.468,G,14.8,1.3,0.5,37,,,Vir,I,23.3
,0.002,5.980,G,15.9,0.7,0.5,14,,,Com,E,23.9
,-0.001,-2.099,G,15.8,0.8,0.6,26,,,Com,Sd,23.9
,0.002,-6.344,G,13.7,1.4,1.0,21,,,Vir,IB,22.9
,0.001,8.061,G,15.4,1.1,0.6,93,,,Com,I,23.8
,-0.001,-1.204,G,17.1,0.4,0.3,139,,,Com,Sbc,23.7
1,0.002,-3.840,G,16.5,0.4,0.3,6,,,Vir,Sc,23.4
2,0.002,5.389,G,15.2,0.3,0.3,115,,,Com,SABb,21.8
1,-0.002,2.248,G,14.5,1.8,1.2,133,,,Com,E-S0,24.5
,0.002,8.813,G,16.6,0.4,0.4,80,,,Com,E,23.6
1,0.002,-0.847,G,16.0,0.4,0.3,27,,,Com,Sab,22.8
,-0.003,-10.802,G,16.1,0.5,0.5,106,,,Com,SBc,23.2
1,0.006,11.555,G,16.1,0.9,0.2,155,,,Com,Sc,23.5
3,0.004,-13.783,G,14.6,0.9,0.8,68,,,Vir,S0,23.0
1,0.004,-1.083,G,15.7,0.7,0.4,164,,,Vir,SBb,23.2
5,0.004,-0.731,G,16.1,0.7,0.5,122,,,Vir,E,24.3
2,-0.001,17.028,HII,,,,,,,Com,,
,0.000,0.030,HII,,,,,,,Com,,
2,0.001,-0.005,HII,,,,,,,Com,,
,0.001,-1.023,G,15.5,0.6,0.3,177,,,Com,S0,23.1
,0.002,-10.325,GPair,,0.4,,,,,Com,,
,-0.001,-4.791,G,17.4,0.3,0.3,51,,,Vir,Sbc,23.7
,-0.000,15.137,G,16.5,0.5,0.2,69,,,Com,Sbc,23.1
,0.000,0.091,G,16.4,0.8,0.6,52,,,Com,SBab,24.2
,0.000,-0.178,G,15.7,0.6,0.2,71,,,Com,E,23.4
,0.002,-16.977,G,16.2,0.9,0.4,46,,,Vir,I,23.9
,-0.001,18.004,HII,,,,,,,Com,,
1,0.001,-1.171,G,17.0,0.3,0.2,23,,,Com,E,23.5
1,0.003,-13.153,G,15.2,0.7,0.5,15,,,Com,Sbc,22.9
,-0.054,68.961,PN,10.6,0.4,,,,,Cam,,
2,0.054,-56.480,G,17.5,0.6,0.5,121,,,Com,I,25.0
1,0.002,-14.325,G,16.6,0.5,0.3,141,,,Vir,Sc,23.4
,-0.000,0.646,G,15.3,0.7,0.6,121,,,Vir,E,23.5
,0.001,1.343,G,16.3,0.7,0.5,156,,,Com,E,24.2
,0.001,-7.127,G,15.0,2.3,2.2,0,,,Vir,Sm,24.9
1,0.001,4.481,G,15.2,0.8,0.3,138,,,Vir,Sc,22.9
1,-0.003,7.199,G,15.7,0.9,0.8,57,,,Com,E,24.2
,0.003,6.128,G,14.1,0.8,0.5,49,,,Com,SBb,22.7
,-0.001,1.806,G,16.7,0.3,0.2,54,,,Com,E,23.0
,0.002,-12.976,G,13.0,1.1,0.5,5,,,Vir,IB,21.2
1,-0.001,13.571,G,15.0,0.8,0.7,108,,,Com,S0,23.3
,0.004,-14.310,G,14.5,1.2,1.0,73,,,Vir,S0,23.6
,-0.002,15.029,G,15.9,1.4,0.2,121,,,Com,SBc,23.8
2,0.001,-0.271,G,15.6,0.9,0.2,127,,,Com,Sab,23.4
,0.004,-20.351,G,14.4,0.8,0.5,46,,,Vir,I,22.2
3,0.000,16.860,G,16.8,0.4,0.3,109,,,Com,Sc,23.5
1,0.006,0.077,G,16.6,0.8,0.6,78,,,Com,SBc,24.8
,-0.001,4.344,G,15.0,1.4,0.4,139,,,Com,Sab,23.8
,0.005,-1.500,G,15.6,0.5,0.3,129,,,Com,Sb,22.8
,0.000,0.422,G,15.7,0.7,0.6,134,,,Com,S0,23.6
,0.004,-11.905,G,15.7,0.8,0.5,152,,,Com,E?,23.8
,0.006,-5.152,G,16.4,0.8,0.3,74,,,Vir,E,24.7
,-0.000,5.497,G,16.1,0.4,0.2,157,,,Com,E,
,0.001,-3.839,G,16.0,0.5,0.4,174,,,Vir,SBa,23.4
,0.000,7.810,G,15.8,0.7,0.5,12,,,Com,Sm,23.4
,0.001,-6.930,G,16.5,0.6,0.5,16,,,Vir,E,24.3
,0.002,-2.234,G,16.6,0.4,0.2,141,,,Vir,E,23.5
,0.002,0.099,G,14.7,3.4,0.5,93,,,Vir,Sb,24.8
,-0.001,3.876,G,15.0,0.4,0.3,18,,,Com,Sa,21.4
,0.003,12.521,G,17.4,0.3,0.2,130,,,Com,Sb,23.4
,0.005,-13.509,G,14.3,1.4,0.7,132,,,Com,S?,23.1
,0.000,1.367,G,15.0,1.1,0.6,44,,,Com,S0,23.8
,0.000,-0.972,G,17.0,0.5,0.3,159,,,Com,S0-a,24.1
,-0.001,12.544,G,17.7,0.3,0.2,158,,,Com,Sc,23.6
,0.000,-8.102,G,15.2,1.1,0.3,11,,,Com,Sc,23.1
1,0.007,-10.235,G,14.3,0.7,0.3,63,,,Vir,I,21.8
,-0.002,18.712,G,15.6,0.5,0.5,74,,,Com,S0,22.8
1,0.000,1.231,G,15.6,0.8,0.2,165,,,Com,Sc,22.9
,0.004,-12.406,G,15.7,1.0,0.8,14,,,Com,E,24.5
,0.000,-0.071,G,16.0,0.3,0.2,131,,,Com,Sbc,
,-0.001,11.670,G,15.2,0.8,0.6,56,,,Com,E,23.5
,0.002,-15.120,G,16.5,0.5,0.4,99,,,Vir,Sb,23.7
,-0.001,-1.014,G,15.4,0.4,0.4,80,,,Vir,S0,22.4
,-0.000,14.709,G,15.9,0.5,0.3,15,,,Com,SBc,23.0
,-0.000,1.820,G,16.4,0.4,0.2,76,,,Com,E,23.5
1,0.004,-13.964,G,15.3,1.0,0.5,73,,,Com,SBab,23.5
1,0.000,-0.559,G,14.2,1.1,0.7,91,,,Vir,S0-a,23.1
,0.004,13.708,G,16.8,0.4,0.3,92,,,Com,E,24.1
,0.003,-16.786,G,15.8,0.6,0.4,125,,,Vir,E,23.4
,-0.000,-0.048,G,15.8,0.9,0.7,48,,,Vir,E,24.5
,0.000,3.027,G,14.7,0.8,0.7,165,,,Vir,S?,23.5
1,0.002,1.840,G,14.8,1.2,0.7,19,,,Com,E-S0,24.0
,-0.001,-4.196,G,14.4,0.7,0.6,55,,,Vir,Sbc,22.2
,0.010,-47.275,G,13.3,1.2,1.2,41,,,Cen,SBbc,22.2
,-0.007,63.280,G,16.0,0.5,0.2,47,,,Com,E,23.3
,0.000,-0.002,G,17.9,0.7,0.1,174,,,Com,,25.8
,-0.000,0.209,G,16.4,0.4,0.3,26,,,Com,E,23.2
,0.004,-14.324,G,16.6,0.5,0.3,109,,,Vir,Sb,23.8
,-0.001,14.098,G,16.2,0.9,0.2,15,,,Com,SBb,23.7
1,0.000,0.021,G,15.4,0.7,0.3,89,,,Com,Sbc,22.9
,0.004,-16.051,G,15.1,1.3,0.8,140,,,Vir,I,24.1
1,-0.001,10.630,G,16.9,0.3,0.3,97,,,Com,Sbc,23.2
1,0.001,5.623,G,14.5,1.1,1.0,95,,,Com,S0,23.3
,0.002,-15.543,G,14.3,1.0,0.9,94,,,Vir,E,23.1
,0.005,0.202,G,13.7,0.6,0.5,15,,,Vir,E,22.2
,-0.001,11.202,G,17.0,0.4,0.3,49,,,Com,E,23.7
,0.000,-1.923,G,16.8,0.3,0.2,114,,,Com,Sab,23.1
,0.000,1.929,G,16.9,0.4,0.2,94,,,Com,Sbc,23.3
,0.002,-0.922,G,17.8,0.2,0.2,20,,,Com,E,23.5
,0.000,-6.972,G,15.2,1.3,0.7,74,,,Com,E,24.7
,0.002,8.230,G,16.1,0.5,0.2,76,,,Com,Sbc,23.0
1,0.002,-0.436,G,17.2,0.6,0.1,109,,,Com,Sm,23.5
,0.000,0.930,G,15.1,0.6,0.5,133,,,Com,Sb,22.8
,0.001,-11.178,G,15.5,0.9,0.6,3,,,Vir,E,24.2
1,0.002,-0.759,G,15.1,0.8,0.6,85,,,Vir,I,23.1
4,0.003,0.286,G,15.9,0.4,0.3,55,,,Vir,Sbc,22.3
,-0.001,11.737,G,15.4,0.6,0.6,35,,,Com,Sbc,23.1
5,0.005,-2.626,G,16.8,0.4,0.3,49,,,Com,E,23.5
,0.000,-0.005,G,16.9,0.3,0.2,46,,,Com,E,23.4
4,0.003,-0.009,G,16.5,0.4,0.3,24,,,Com,SBb,23.0
,0.001,-9.131,G,16.0,0.9,0.3,4,,,Vir,E-S0,24.4
1,0.003,-1.175,G,15.1,0.8,0.3,172,,,Vir,Sc,22.8
,-0.006,27.938,G,13.3,3.3,3.1,0,,,CVn,IAB,25.0
1,0.006,-17.652,G,16.3,0.6,0.5,84,,,Com,E,24.1
,0.004,-10.494,G,15.0,0.9,0.4,4,,,Vir,SBa,23.1
,-0.000,12.415,G,16.5,0.4,0.3,34,,,Com,Sc,22.9
,0.001,-1.782,G,14.7,0.8,0.6,95,,,Com,Sa,23.1
,0.001,-10.308,G,15.7,0.7,0.5,94,,,Vir,E,23.6
,0.003,0.530,G,14.9,0.5,0.4,42,,,Vir,Sbc,22.1
1,0.000,8.716,G,17.6,0.4,0.2,94,,,Com,E,24.4
,-0.003,19.918,G,15.9,0.8,0.7,56,,,CVn,Sb,23.9
,0.005,-28.634,G,15.0,0.5,0.4,5,,,Vir,Sc,22.1
2,0.004,-0.165,G,16.6,0.5,0.3,59,,,Vir,E-S0,23.6
,-0.000,-0.173,G,15.0,0.5,0.3,43,,,Vir,SBc,22.0
1,0.004,-0.104,G,14.7,1.3,0.4,41,,,Vir,SBbc,23.1
,-0.001,8.555,GPair,,0.7,,,,,Com,,
3,0.006,-10.262,G,15.0,0.7,0.6,4,,,Vir,Sbc,22.7
,0.002,3.054,G,15.7,1.2,0.8,131,,,Vir,I,24.5
,-0.000,-0.940,G,15.7,0.8,0.6,41,,,Vir,E,24.1
1,-0.002,29.992,G,15.1,0.7,0.5,136,,,CVn,S0-a,23.1
,0.006,-30.980,G,15.2,0.7,0.4,143,,,Vir,SBab,22.9
,-0.001,9.835,G,16.5,0.6,0.5,64,,,Com,SBc,24.1
1,0.001,19.498,G,16.0,0.8,0.2,155,,,CVn,E?,24.2
,0.006,-27.171,G,14.0,2.2,0.7,71,,,Vir,S0,24.4
,0.001,-4.244,G,16.0,0.5,0.3,87,,,Vir,I,22.9
,-0.000,3.957,G,15.0,2.3,1.4,125,,,Vir,E,25.7
,0.001,6.691,G,13.7,1.0,0.4,136,,,Com,Sm,22.2
1,-0.006,21.982,G,15.7,0.3,0.2,106,,,CVn,S?,21.9
,0.006,-30.455,G,15.3,0.6,0.5,40,,,Vir,Sc,22.8
1,-0.003,30.397,G,15.4,1.3,0.3,115,,,CVn,Sc,23.4
,0.007,-29.778,G,14.7,1.2,1.1,139,,,Vir,Sc,23.8
,-0.001,10.073,G,16.6,0.4,0.3,116,,,Com,Sbc,23.4
,-0.003,18.377,G,16.3,0.3,0.3,44,,,CVn,SBb,22.8
,0.004,-18.181,G,14.6,0.6,0.5,136,,,Com,Scd,22.5
,-0.001,-8.724,G,16.1,0.6,0.5,129,,,Vir,Sbc,23.2
,0.002,-2.122,G,16.4,0.5,0.4,47,,,Vir,I,23.3
1,-0.000,12.715,G,17.7,0.4,0.2,131,,,Com,SBc,23.8
,0.003,-9.346,G,13.9,1.2,0.9,151,,,Com,E,23.8
,-0.001,7.843,G,15.8,0.5,0.4,170,,,Com,Sc,23.0
1,0.002,-2.305,G,19.1,0.2,0.1,57,,,Com,,24.8
1,0.002,1.585,G,15.6,0.6,0.3,7,,,Com,Sc,22.7
1,-0.000,-7.483,G,14.1,1.0,0.3,45,,,Com,SBc,22.0
1,0.003,6.167,G,16.3,0.7,0.5,161,,,Com,Sb,24.0
,0.000,-0.323,G,14.9,1.0,0.9,39,,,Com,S0-a,23.7
,-0.003,18.647,G,16.1,0.5,0.4,37,,,CVn,Sbc,23.3
4,0.004,-0.001,G,16.6,0.2,0.2,85,,,CVn,Sc,
2,0.008,-29.475,G,14.5,1.3,0.6,126,,,Vir,Sab,23.4
1,-0.002,3.567,G,16.9,0.4,0.3,26,,,Vir,SBc,23.3
1,-0.002,28.860,G,15.2,0.6,0.5,53,,,CVn,E,22.9
,0.005,-19.992,G,16.3,0.6,0.2,157,,,Com,Sc,23.3
,-0.000,-8.909,G,16.5,0.4,0.3,120,,,Vir,E,23.5
,0.002,8.415,G,17.4,0.3,0.2,60,,,Com,E,23.9
,0.003,1.957,G,17.8,0.4,0.2,40,,,Com,I,23.9
,0.002,-0.261,G,16.7,0.4,0.3,130,,,Com,SBbc,23.6
2,0.003,-2.874,G,17.0,0.4,0.3,47,,,Com,Sb,23.7
,0.000,-8.929,G,16.1,1.1,0.3,77,,,Vir,E,25.0
3,-0.001,28.991,G,16.8,0.3,0.3,83,,,CVn,SBb,23.1
,0.001,-2.642,G,15.6,0.8,0.5,15,,,CVn,Sbc,23.6
,0.006,-26.327,G,14.1,1.9,0.7,20,,,Vir,E,24.3
,-0.004,26.084,G,15.7,1.0,0.4,106,,,CVn,Sbc,23.7
,0.004,-24.528,G,16.2,0.8,0.3,51,,,Vir,Sc,23.8
,-0.001,10.725,G,16.5,0.5,0.2,37,,,Com,Sc,23.1
1,-0.003,18.111,G,15.2,0.6,0.3,38,,,CVn,Sbc,22.6
,0.005,-28.430,G,14.8,0.9,0.5,126,,,Vir,E,24.1
3,0.002,28.401,G,15.5,0.7,0.5,98,,,CVn,Sbc,23.1
,0.006,-21.183,G,16.8,0.6,0.3,45,,,Com,SBbc,23.8
,0.001,-0.109,G,17.5,0.2,0.2,157,,,Com,Sb,
,-0.004,19.771,G,16.7,0.3,0.3,168,,,CVn,Sbc,22.9
1,0.008,-20.177,G,15.9,0.7,0.7,20,,,Com,Sbc,23.8
,-0.000,1.325,G,16.1,0.5,0.4,3,,,Com,Sb,23.4
3,0.001,-1.042,G,17.4,0.4,0.2,74,,,Com,Sbc,23.8
1,-0.002,21.568,G,15.6,0.9,0.2,18,,,CVn,E,24.2
3,0.016,-55.119,G,14.5,2.8,0.4,32,,,Crv,SBcd,23.9
,-0.010,50.975,GPair,,0.6,,,,,CVn,,
5,0.008,-21.668,G,14.2,1.3,0.4,179,,,Com,Sa,23.0
1,0.001,25.688,G,17.2,0.9,0.4,156,,,CVn,Sbc,23.4
,0.002,-4.107,G,16.3,0.6,0.4,159,,,CVn,Sb,23.6
2,0.014,-43.206,G,14.8,1.1,0.4,6,,,Vir,Sab,23.3
,0.002,-19.204,G,13.8,1.3,1.0,179,,,Hya,S0,23.1
,-0.008,45.971,G,16.5,0.6,0.4,132,,,Com,Sbc,24.1
,0.001,-0.775,G,16.7,0.6,0.4,150,,,Com,Sbc,24.1
,-0.002,17.955,G,15.7,0.8,0.8,7,,,CVn,E,24.1
,0.004,-14.399,G,17.3,0.3,0.2,34,,,Com,Sbc,23.0
,0.001,-1.079,G,16.9,0.4,0.2,169,,,Com,Sb,23.5
,0.008,-36.133,G,16.4,0.6,0.5,70,,,Crv,,23.6
,-0.011,51.498,G,17.0,0.5,0.4,54,,,CVn,Sc,24.0
1,0.013,-51.439,G,15.3,1.4,0.3,35,,,Crv,Sc,23.5
1,0.002,-0.104,G,15.3,1.1,0.7,0,,,Crv,S0-a,24.1
,0.002,-0.057,G,15.8,0.6,0.4,178,,,Crv,,
,0.000,5.452,G,14.3,1.8,0.7,178,,,Vir,S0,24.2
,0.004,-5.461,G,14.1,1.1,0.8,162,,,Crv,Sc,22.8
,-0.009,52.441,G,16.1,0.7,0.3,53,,,CVn,Sab,23.6
,0.031,-67.790,G,11.7,3.4,1.0,10,,,Hya,S0,24.0
1,-0.015,15.267,G,14.2,1.5,1.1,138,,,Crv,S0,23.7
,-0.008,54.384,G,16.2,0.5,0.4,72,,,CVn,SBc,23.3
1,0.012,-54.031,G,14.2,0.9,0.6,70,,,Crv,Sb,23.0
,-0.010,54.408,G,16.2,0.5,0.2,98,,,CVn,Sc,23.0
,0.002,-0.003,G,16.5,0.5,0.2,86,,,CVn,SBc,23.2
,0.008,-20.461,G,17.0,0.6,0.3,73,,,Com,I,24.0
2,0.004,2.012,G,16.0,0.8,0.8,76,,,Com,Sm,24.2
1,-0.003,18.636,G,16.1,0.3,0.3,164,,,CVn,E,
,0.001,-1.370,G,16.5,0.5,0.2,179,,,CVn,Sc,23.2
,0.007,0.817,G,16.3,0.4,0.3,31,,,CVn,Sc,22.9
2,0.008,-17.753,G,17.3,0.3,0.2,126,,,Com,Sc,23.3
,0.002,-0.649,GPair,,0.6,,,,,Com,,
1,-0.000,18.687,G,15.3,0.7,0.5,49,,,CVn,E,23.6
1,0.006,-4.330,G,16.0,1.1,0.4,60,,,CVn,Scd,24.2
,0.002,3.056,G,17.3,0.4,0.3,6,,,CVn,Sbc,23.6
,0.001,2.019,G,16.6,0.4,0.2,24,,,CVn,SBa,23.0
,0.003,-4.062,G,16.4,0.8,0.3,107,,,CVn,E,24.7
,0.006,-16.694,G,16.6,0.7,0.2,122,,,Com,Sc,23.8
,0.003,-0.485,G,17.5,0.4,0.3,109,,,Com,Sbc,24.4
1,0.007,-28.725,G,14.8,1.1,0.3,159,,,Vir,Sc,22.9
,-0.004,28.419,G,17.7,0.4,0.3,119,,,Com,,24.2
,-0.005,18.981,G,16.5,0.4,0.3,133,,,CVn,SBb,23.3
,0.001,-2.195,G,16.4,0.9,0.4,134,,,CVn,Sd,24.2
,0.000,2.393,G,16.0,0.7,0.3,86,,,CVn,Sab,23.5
,0.005,-19.529,G,18.6,0.2,0.2,146,,,Com,,24.1
,0.001,-0.082,G,16.5,0.5,0.3,145,,,Com,E,23.8
,0.000,3.493,GPair,,0.6,,,,,Com,,
,0.001,-3.420,G,16.6,0.7,0.4,115,,,Com,SBb,24.1
,0.001,0.048,G,17.3,0.4,0.2,63,,,Com,SBb,23.8
,-0.000,-0.019,G,17.0,0.6,0.2,64,,,Com,Sc,23.9
,-0.000,3.411,G,17.1,0.3,0.3,34,,,Com,Sb,23.4
,0.001,-3.453,G,16.5,0.5,0.4,17,,,Com,E,23.9
,0.001,0.034,G,16.5,0.2,0.2,38,,,Com,E,
,0.001,-0.080,G,16.8,0.4,0.4,120,,,Com,SBb,24.0
,0.001,0.074,G,16.8,0.5,0.4,102,,,Com,E,23.9
,0.000,3.079,G,16.7,0.3,0.3,11,,,Com,Sbc,23.0
,0.003,-3.021,G,17.8,0.4,0.2,43,,,Com,Sbc,24.1
,0.001,0.163,G,13.9,3.1,0.7,25,,,Com,SBc,23.9
1,-0.005,19.451,G,16.0,0.6,0.4,179,,,CVn,Sbc,23.6
,0.004,-16.127,G,17.0,0.4,0.2,175,,,Com,SBbc,23.6
,0.002,-3.384,G,17.4,0.4,0.3,94,,,Com,SBb,23.9
,-0.000,3.458,G,16.7,0.5,0.3,157,,,Com,Sb,23.8
,0.005,-30.696,G,14.2,1.1,0.5,11,,,Vir,Sb,22.6
,-0.004,27.801,G,16.4,0.8,0.6,147,,,Com,Sbc,24.5
,-0.004,17.474,G,16.8,0.5,0.4,35,,,CVn,Sbc,23.7
,0.005,-18.143,G,17.8,0.4,0.3,22,,,Com,,24.5
1,-0.004,20.559,G,15.2,0.9,0.3,57,,,CVn,Sa,23.4
1,0.001,-2.386,G,17.3,0.4,0.3,19,,,CVn,Sc,24.1
,0.002,-1.132,G,16.9,0.5,0.3,105,,,CVn,Sbc,23.8
,0.002,3.169,G,15.4,1.2,0.6,176,,,CVn,S0-a,24.2
,0.001,-0.598,G,16.9,0.6,0.2,72,,,CVn,SBm,23.4
1,0.000,0.579,G,15.8,0.7,0.7,18,,,CVn,Sb,23.6
,0.026,-89.550,G,11.3,3.0,2.1,6,,,Cen,E,23.4
,-0.023,90.020,G,16.6,0.1,0.1,19,,,CVn,Sc,
,0.001,-2.090,G,17.2,0.3,0.2,166,,,CVn,Sc,23.3
,0.005,-16.947,G,17.1,0.4,0.2,40,,,Com,Sbc,23.6
,0.000,6.615,G,14.8,1.0,0.6,178,,,Com,S0,23.5
3,0.001,9.042,G,15.7,0.6,0.4,72,,,CVn,SABb,23.0
,0.007,-16.441,GTrpl,,0.9,,,,,Com,,
1,0.002,-1.068,G,17.5,0.5,0.2,2,,,Com,S?,23.8
,0.007,-26.347,G,13.3,2.4,0.8,172,,,Vir,SBcd,23.2
,-0.011,47.948,G,16.6,0.4,0.3,55,,,CVn,Sb,23.0
1,0.002,-4.747,GPair,,0.5,,,,,CVn,,
1,0.005,-8.347,G,15.6,0.7,0.5,57,,,Com,SABc,23.1
,-0.001,9.070,G,17.3,0.4,0.2,112,,,CVn,Sc,23.5
1,0.002,2.252,G,15.4,0.9,0.6,124,,,CVn,Sab,23.4
1,0.006,-16.239,G,15.6,0.6,0.4,164,,,Com,Sc,23.0
,-0.001,16.215,G,15.9,0.6,0.4,108,,,CVn,E,23.6
,0.000,1.370,G,15.8,0.7,0.2,16,,,CVn,E-S0,23.7
,0.002,-1.319,G,16.1,0.5,0.2,73,,,CVn,Sc,23.1
,0.000,-0.162,G,16.1,0.7,0.2,90,,,CVn,Sb,23.4
1,0.008,-19.696,G,18.1,0.4,0.3,121,,,Com,E,25.1
2,0.013,-41.658,G,13.7,1.3,1.1,166,,,Hya,E-S0,23.0
,-0.015,63.318,G,17.0,0.3,0.3,145,,,CVn,Sbc,23.0
,0.006,-20.045,G,17.1,0.4,0.3,40,,,Com,Sb,23.6
,-0.005,18.368,G,16.2,0.6,0.3,7,,,CVn,Sbc,23.2
,0.010,-19.147,G,16.1,0.7,0.4,154,,,Com,Sb,23.7
2,0.006,-0.793,G,16.5,0.5,0.5,58,,,Com,SBbc,24.0
2,0.002,-0.006,G,16.6,0.5,0.4,111,,,Com,E,24.1
2,-0.003,17.020,G,15.7,0.6,0.3,136,,,CVn,Sb,23.1
,-0.000,3.934,G,16.4,0.7,0.5,14,,,CVn,E,24.3
1,0.006,-11.659,G,14.1,0.9,0.3,59,,,Com,S0,23.9
,0.002,-4.333,G,16.1,0.6,0.3,63,,,Com,Sab,23.3
,-0.004,16.155,G,16.1,0.5,0.2,13,,,CVn,Sc,
,0.005,-12.126,G,14.0,0.9,0.4,71,,,Com,S0,23.5
,0.001,-0.025,G,14.6,0.7,0.5,100,,,Com,S0,23.6
,0.002,-3.724,G,17.6,0.3,0.3,5,,,Com,E,24.1
,-0.001,3.772,G,14.2,1.0,0.2,72,,,Com,S0,23.7
,0.003,-9.097,G,16.5,0.6,0.5,145,,,Com,SBb,23.9
,0.001,0.028,G,16.5,0.6,0.4,157,,,Com,E,24.2
,-0.005,20.106,G,16.7,0.5,0.4,153,,,CVn,Sbc,23.9
,0.005,-15.783,G,16.9,0.4,0.3,45,,,Com,Sab,23.5
,0.001,-3.814,G,17.1,0.2,0.1,83,,,Com,Sb,
,-0.002,8.724,G,14.4,0.8,0.5,41,,,Com,S0,23.5
,-0.003,9.401,G,15.9,0.5,0.4,165,,,CVn,E,23.3
,0.003,-9.630,G,14.7,0.6,0.5,40,,,Com,E,23.4
,0.002,-3.746,G,16.7,0.5,0.4,112,,,Com,E,24.2
,-0.001,3.762,G,14.0,0.7,0.7,10,,,Com,E,23.4
,-0.000,0.071,G,14.9,0.6,0.5,14,,,Com,S0,23.3
2,0.001,-0.080,G,14.7,0.7,0.4,82,,,Com,S0,23.6
1,0.003,-8.932,G,17.1,0.3,0.2,158,,,Com,Sb,23.3
,-0.003,17.012,G,15.4,0.7,0.5,15,,,CVn,Sc,23.2
,-0.000,0.274,G,15.6,0.8,0.5,42,,,CVn,E?,23.6
,0.003,-8.156,G,15.3,0.4,0.4,48,,,Com,E-S0,23.3
,0.002,-8.321,GTrpl,,0.8,,,,,Com,,
1,0.000,3.193,G,16.7,0.4,0.3,119,,,Com,Sbc,23.3
1,-0.000,5.039,G,14.4,0.8,0.4,141,,,Com,S0,23.5
1,-0.004,10.999,G,15.1,0.9,0.5,31,,,CVn,S0-a,23.5
,0.003,-11.033,G,14.7,0.7,0.3,153,,,Com,E,23.6
1,0.003,-8.228,G,18.6,0.2,0.2,131,,,Com,,24.0
1,-0.006,19.529,G,16.8,0.4,0.3,45,,,CVn,SBb,23.2
3,0.007,-19.528,G,17.7,0.3,0.3,70,,,Com,E,24.2
,0.000,-0.032,G,16.4,0.4,0.3,75,,,Com,Sc,22.9
,0.031,-51.882,G,13.3,1.9,1.4,124,,,Cen,E,23.5
,-0.036,71.024,G,15.6,0.5,0.4,40,,,CVn,E,23.1
2,0.004,-9.837,G,14.0,0.9,0.3,30,,,Com,Sa,22.8
,0.000,0.031,G,14.4,0.9,0.4,66,,,Com,E-S0,23.7
1,-0.002,11.675,G,15.9,0.5,0.4,1,,,CVn,E,23.2
,0.005,-17.885,G,17.2,0.3,0.2,164,,,Com,SBc,23.1
2,-0.003,13.979,G,16.9,0.4,0.3,45,,,CVn,E,23.6
,0.002,-8.722,G,14.6,0.6,0.4,8,,,Com,S0,23.0
1,-0.002,11.614,G,17.1,0.4,0.3,53,,,CVn,Sbc,23.3
,-0.000,-0.718,G,15.7,0.6,0.3,32,,,CVn,E,23.5
,0.001,-2.107,G,17.1,0.4,0.2,68,,,CVn,Sm,23.5
,-0.001,2.053,G,15.1,1.1,1.1,91,,,CVn,E,24.1
,0.001,-0.005,G,15.4,0.9,0.8,143,,,CVn,E,24.0
2,0.007,-18.846,G,16.3,0.3,0.2,146,,,Com,E,
2,-0.004,17.894,G,16.3,0.5,0.3,65,,,CVn,Sab,23.2
,0.004,-9.855,G,15.1,0.4,0.4,1,,,Com,E,22.9
,0.000,0.075,G,14.9,0.5,0.4,131,,,Com,E,23.4
1,0.002,-5.579,G,16.8,0.4,0.4,4,,,Com,Sb,23.6
2,0.000,0.056,G,17.4,0.4,0.2,91,,,Com,SBc,23.6
,-0.005,17.933,G,17.0,0.2,0.1,168,,,CVn,E,
1,0.002,-1.879,G,16.6,0.9,0.2,80,,,CVn,Sc,23.9
,0.003,-10.569,G,14.7,0.4,0.4,26,,,Com,E,22.6
1,0.003,-8.944,G,16.6,0.6,0.3,176,,,Com,E,24.4
1,0.001,0.008,G,16.6,0.6,0.3,176,,,Com,E,24.4
,-0.002,8.942,G,14.6,0.6,0.4,73,,,Com,S0,23.1
,-0.002,9.094,G,16.3,0.5,0.3,167,,,CVn,S0-a,23.3
,0.000,-0.887,G,15.4,0.8,0.6,151,,,CVn,Sc,23.3
,-0.000,2.506,G,16.6,0.4,0.2,109,,,CVn,E,23.6
,0.004,-10.804,G,15.4,0.5,0.4,16,,,Com,S0,23.8
,-0.004,11.189,G,16.4,0.2,0.2,124,,,CVn,Sb,
,0.003,-10.277,G,14.7,0.6,0.4,176,,,Com,E-S0,22.9
,0.001,-0.896,G,15.2,0.5,0.3,100,,,Com,S0,23.4
,-0.003,9.074,G,16.3,0.4,0.2,63,,,CVn,Sc,22.6
,-0.000,3.255,GPair,,0.8,,,,,CVn,,
1,0.000,-1.298,G,16.5,0.3,0.3,109,,,CVn,Sb,22.8
,0.001,-1.964,G,16.2,0.6,0.3,168,,,CVn,E,23.9
,0.005,-15.347,G,16.0,0.5,0.4,10,,,Com,SBa,23.3
,-0.000,6.365,G,14.8,0.8,0.3,152,,,Com,SABc,22.8
,0.000,-0.060,G,14.4,0.6,0.4,44,,,Com,E,23.2
,0.001,-0.026,G,14.1,0.7,0.6,2,,,Com,S0,23.2
,-0.002,9.101,G,16.5,1.0,0.3,160,,,CVn,SBd,24.1
,0.003,-9.150,G,15.5,0.5,0.3,43,,,Com,S0-a,23.4
,0.001,0.169,G,13.9,0.8,0.4,109,,,Com,E,23.2
1,0.002,-8.404,G,15.6,0.9,0.8,90,,,Com,Sbc,24.0
,-0.005,20.144,G,16.8,0.5,0.2,178,,,CVn,SBbc,23.2
,0.001,-3.485,G,15.0,1.1,1.1,69,,,CVn,S0,23.9
1,0.002,-8.303,G,13.6,1.0,0.6,51,,,Com,E,23.4
4,-0.002,11.711,G,16.0,0.7,0.4,96,,,CVn,SBbc,23.5
1,0.007,-20.260,G,16.3,0.6,0.3,116,,,Com,SBbc,23.6
,0.002,-0.220,G,17.0,0.4,0.3,58,,,Com,E,23.9
,-0.006,21.311,G,15.1,0.8,0.6,147,,,CVn,Sb,23.1
,0.001,-1.002,GPair,,0.5,,,,,CVn,,
,0.000,0.276,G,14.9,0.4,0.4,93,,,CVn,SABb,21.5
,0.003,-0.614,G,16.9,0.3,0.2,158,,,CVn,Sb,22.9
,-0.000,0.596,G,14.4,1.4,1.1,35,,,CVn,S0,23.8
,0.001,-0.097,G,15.3,0.7,0.4,155,,,CVn,SBb,23.0
1,0.002,0.196,G,16.3,0.4,0.2,12,,,CVn,E,23.2
,0.000,-0.041,G,15.9,0.6,0.3,70,,,CVn,E?,23.4
,0.002,-3.786,G,16.9,0.4,0.2,13,,,CVn,Scd,23.3
,0.005,-16.811,G,16.2,0.6,0.4,44,,,Com,SBb,23.5
,0.005,-26.905,G,14.7,1.0,0.6,8,,,Vir,S0,23.4
1,-0.010,47.517,G,15.4,0.8,0.3,143,,,CVn,Sab,23.2
,0.006,-20.905,G,16.9,0.6,0.4,43,,,Com,Sbc,24.1
,0.000,0.956,G,16.8,0.4,0.3,104,,,Com,E,23.9
,0.000,3.424,G,16.8,0.4,0.4,143,,,Com,Sb,23.5
,-0.004,13.997,G,16.2,0.4,0.3,61,,,CVn,SBbc,22.8
1,0.006,-18.137,G,17.4,0.4,0.4,10,,,Com,Sab,24.4
,0.001,0.006,GPair,,0.4,,,,,Com,,
,-0.001,3.516,G,16.6,0.4,0.3,157,,,Com,E,23.6
,-0.004,14.571,G,16.6,0.4,0.3,92,,,CVn,Sc,23.2
,-0.001,0.800,G,16.3,0.4,0.3,20,,,CVn,SBbc,22.9
1,0.000,1.561,G,16.0,0.3,0.2,132,,,CVn,E,
,0.002,-3.055,G,15.7,0.8,0.7,178,,,CVn,SABc,23.7
,0.004,-16.653,G,17.0,0.2,0.1,9,,,Com,SBb,
1,0.001,-0.492,G,17.4,0.4,0.3,149,,,Com,SBb,23.9
1,0.003,0.390,G,16.9,0.5,0.3,131,,,Com,Sbc,23.6
2,-0.004,17.902,G,16.3,0.4,0.3,132,,,CVn,Sc,23.1
,0.006,-18.695,G,16.2,0.8,0.3,27,,,Com,SBb,23.8
,-0.001,4.911,G,16.7,0.7,0.5,132,,,Com,E,24.7
1,-0.004,13.970,G,16.3,0.5,0.3,112,,,CVn,SBbc,23.2
,0.006,-13.952,G,16.4,0.7,0.5,104,,,Com,E,24.2
,-0.005,16.379,G,14.8,1.2,0.8,104,,,CVn,Sc,23.4
1,0.003,-4.256,G,17.0,0.3,0.2,78,,,CVn,Sc,23.2
,0.001,1.866,G,15.9,0.8,0.5,64,,,CVn,Sbc,23.7
,-0.001,0.574,G,15.9,0.5,0.4,167,,,CVn,E,23.4
,0.001,-0.321,G,16.5,0.5,0.4,89,,,CVn,E,23.7
,0.005,-10.156,G,15.4,0.7,0.6,135,,,Com,S0-a,23.5
,0.001,-6.118,G,16.6,0.9,0.8,0,,,Com,E,25.2
,-0.003,16.482,G,15.4,0.7,0.4,132,,,CVn,E,23.6
1,0.008,-19.252,G,16.6,0.2,0.1,151,,,Com,Sab,
,-0.001,8.843,G,15.6,0.7,0.3,133,,,Com,S0,23.7
1,0.002,-7.597,G,16.7,0.4,0.2,111,,,Com,Sb,23.2
,-0.006,19.632,G,16.6,0.5,0.2,41,,,CVn,E,23.8
,0.002,-2.882,G,15.9,0.6,0.4,15,,,CVn,Sbc,23.1
2,0.001,1.070,G,15.4,0.6,0.4,102,,,CVn,SBb,22.9
,0.006,-19.060,G,17.4,0.4,0.1,24,,,Com,,25.1
2,0.003,0.964,G,14.2,0.8,0.7,26,,,Com,S0-a,23.7
,-0.005,18.117,G,15.6,0.6,0.5,138,,,CVn,SBb,23.0
,0.007,-15.467,G,16.8,0.4,0.3,37,,,Com,E,23.7
,0.001,-4.044,G,15.8,1.0,0.7,74,,,Com,E,24.6
1,-0.005,19.244,G,15.9,0.6,0.4,40,,,CVn,Sab,23.3
,0.006,-17.830,G,16.4,0.4,0.3,65,,,Com,Sb,23.0
,0.001,-1.340,G,17.0,0.5,0.3,28,,,Com,Sbc,23.8
,0.001,0.395,G,14.3,1.2,1.1,70,,,Com,E,24.7
,-0.006,19.679,G,16.4,0.4,0.3,158,,,CVn,Sc,23.0
1,0.007,-10.963,G,15.3,0.6,0.5,66,,,Com,E,23.1
1,-0.004,12.261,G,16.1,0.7,0.4,36,,,CVn,Sb,23.4
1,0.006,-17.509,G,16.5,0.4,0.3,166,,,Com,Sab,23.2
,0.001,-2.074,G,16.6,0.4,0.2,162,,,Com,SBab,23.1
,0.001,-1.371,G,15.4,0.6,0.5,60,,,Com,E,24.4
,0.000,0.801,G,17.5,0.3,0.3,71,,,Com,E,23.9
,0.001,-0.885,G,15.3,0.7,0.6,108,,,Com,Sb,24.0
2,-0.005,17.732,G,15.9,1.0,0.2,6,,,CVn,Sb,23.4
,-0.000,1.344,G,16.8,0.7,0.2,135,,,CVn,Sc,23.6
,0.006,-19.009,G,15.9,0.5,0.4,9,,,Com,SBab,24.1
,-0.001,0.973,G,17.4,0.3,0.2,156,,,Com,,
,0.001,-0.992,G,16.7,0.4,0.2,68,,,Com,Sbc,24.2
,-0.000,3.031,G,15.5,0.7,0.4,82,,,Com,Sb,23.1
1,-0.004,14.568,GTrpl,,0.4,,,,,CVn,,
,0.000,1.341,G,15.9,0.8,0.6,11,,,CVn,E,24.2
1,0.009,-14.624,G,15.5,0.6,0.5,111,,,Com,Sbc,23.3
3,-0.001,12.905,G,15.7,0.8,0.2,125,,,CVn,Sab,23.3
,0.005,-14.238,G,17.2,0.3,0.2,127,,,Com,Sbc,23.5
,0.001,0.650,G,16.9,0.4,0.2,22,,,Com,SBb,23.4
,-0.004,17.085,G,16.0,0.7,0.2,107,,,CVn,Sc,23.0
,0.008,-19.422,G,17.0,0.3,0.2,165,,,Com,Sb,23.3
,0.002,0.216,G,16.4,0.4,0.3,31,,,Com,Sbc,23.1
,0.001,-0.224,G,16.8,0.5,0.2,127,,,Com,Sb,23.4
,-0.005,19.378,G,17.9,0.6,0.6,16,,,CVn,Sc,23.1
,0.006,-8.483,G,15.2,1.0,0.5,177,,,CVn,Sab,23.4
,0.004,-9.532,G,16.8,0.4,0.2,160,,,Com,E,23.8
,-0.006,18.140,G,15.4,0.7,0.5,74,,,CVn,E,23.4
,0.001,-1.278,GPair,,0.6,,,,,CVn,,
,0.006,-17.637,GPair,,0.8,,,,,Com,,
,-0.004,14.968,G,15.9,0.7,0.4,82,,,CVn,Scd,23.5
,0.020,-13.253,G,16.2,0.5,0.4,85,,,Com,Sb,23.4
2,-0.012,-2.475,G,16.8,0.4,0.3,138,,,Com,SBbc,23.8
1,0.011,-33.947,G,15.0,0.9,0.5,90,,,Vir,Sa,23.1
,-0.013,49.589,G,16.2,0.6,0.2,120,,,CVn,I,23.3
1,0.021,-59.934,G,13.6,1.4,1.0,163,,,Hya,S0-a,23.1
,-0.014,45.411,G,16.1,0.5,0.5,125,,,Com,SBb,23.4
,-0.005,16.111,G,11.6,6.0,5.5,0,,,CVn,Sm,25.1
,0.006,-16.101,G,16.7,0.5,0.4,113,,,Com,E,23.9
,-0.005,17.333,G,15.5,0.3,0.2,111,,,CVn,E,
,0.006,-17.064,GPair,,1.0,,,,,Com,,
1,-0.004,14.525,G,15.5,0.6,0.4,157,,,CVn,E-S0,23.1
,0.001,0.030,G,16.4,0.5,0.4,53,,,CVn,Sbc,23.4
,-0.000,-0.348,G,14.4,1.2,0.8,180,,,CVn,Sc,23.3
1,0.045,-103.624,PN,10.6,0.1,,,,,Mus,,
1,-0.044,107.068,G,15.5,0.5,0.3,61,,,CVn,Sbc,22.4
3,0.033,-63.221,G,12.5,1.8,1.1,162,,,Hya,E-S0,23.6
2,0.025,-28.172,G,13.8,1.7,1.1,154,,,Cen,S0,23.7
,-0.029,87.804,G,15.5,0.7,0.6,85,,,CVn,E,23.5
,0.011,-11.134,G,15.0,1.7,0.4,142,,,Com,Sbc,23.8
1,-0.003,14.760,G,15.9,0.9,0.2,42,,,CVn,Sc,23.2
2,0.018,-1.638,G,16.6,0.5,0.3,2,,,CVn,SBb,23.5
1,0.016,-44.994,G,14.5,1.3,0.5,99,,,Vir,SBbc,23.0
2,0.028,0.179,G,13.7,0.3,0.2,140,,,Vir,SBc,20.5
,0.002,42.662,G,14.0,2.5,0.5,176,,,CVn,Sc,23.3
,0.092,-67.772,G,11.4,3.0,1.8,165,,,Cen,SBa,23.1
,-0.024,57.507,G,13.9,1.6,0.4,46,,,Com,Sab,23.6
,0.013,-36.175,G,13.7,2.0,0.8,53,,,Vir,SABc,23.1
,0.003,-2.384,G,15.3,0.7,0.6,30,,,Vir,Sbc,23.1
,-0.003,10.893,G,14.7,1.2,0.4,159,,,Vir,Sbc,22.8
,0.024,-29.370,G,13.0,1.1,1.0,114,,,Cen,SBb,22.5
,-0.010,18.026,G,14.9,0.8,0.6,105,,,Vir,Sa,23.1
,0.010,-1.004,G,13.6,1.5,0.7,167,,,Vir,SBc,22.6
1,0.007,22.405,G,15.4,0.7,0.5,140,,,Vir,Sb,23.3
,0.003,-10.311,G,14.8,0.9,0.4,99,,,Vir,SBd,22.6
,0.016,34.496,G,15.0,1.6,0.3,131,,,CVn,S0-a,24.4
,0.008,0.023,G,15.1,0.5,0.3,140,,,CVn,S0-a,22.5
,0.006,0.187,G,15.6,0.5,0.4,77,,,CVn,SBb,22.9
,0.011,-6.675,G,15.1,0.8,0.6,67,,,Com,SBa,23.2
,0.015,-27.934,G,14.3,0.8,0.7,15,,,Vir,Sb,22.6
,-0.008,29.152,G,15.1,1.2,0.4,1,,,Com,Sa,23.6
,0.021,-53.034,G,14.3,2.1,0.6,34,,,Hya,Sbc,23.6
,0.003,0.191,G,14.6,1.2,0.4,4,,,Hya,Sbc,22.8
1,-0.007,53.225,G,14.8,0.8,0.7,12,,,Com,SABa,22.9
,0.015,-39.859,G,16.1,0.9,0.2,78,,,Vir,,24.5
1,0.011,-8.394,G,13.2,2.1,1.4,135,,,Vir,SBb,23.2
,-0.009,52.069,G,15.9,0.9,0.2,29,,,CVn,Sab,23.6
,0.007,0.027,G,15.2,0.9,0.6,132,,,CVn,S0-a,23.6
,0.001,0.019,G,15.9,0.5,0.2,34,,,CVn,E,23.6
,0.005,-4.240,G,15.4,0.6,0.5,64,,,Com,E,23.2
,-0.002,4.289,G,16.0,0.6,0.4,137,,,CVn,SBb,23.5
,0.020,-58.654,G,15.2,0.5,0.4,35,,,Hya,E-S0,22.6
,-0.015,54.091,G,15.4,0.8,0.3,82,,,Com,SBab,23.2
,0.017,-53.142,G,15.2,0.7,0.5,112,,,Hya,Sa,23.2
,0.000,-0.000,G,15.3,0.6,0.3,147,,,Hya,Sa,22.6
,0.013,-3.684,G,14.3,1.4,0.5,154,,,Cen,S?,23.0
,0.000,0.481,G,14.8,1.0,0.7,89,,,Hya,Sc,22.6
,0.006,1.925,G,13.9,1.4,0.4,111,,,Hya,Sab,23.2
,-0.016,54.433,G,15.6,0.6,0.3,53,,,Com,Sc,22.6
,0.021,-55.921,G,15.0,1.0,0.7,145,,,Hya,SBa,23.4
,0.001,2.119,G,13.1,2.0,1.1,135,,,Hya,E-S0,24.3
,0.001,-0.547,G,14.8,1.4,0.7,135,,,Hya,Sbc,23.7
,0.004,0.649,G,15.6,0.8,0.5,81,,,Hya,Sb,23.4
,0.004,-0.131,G,13.4,1.3,1.0,45,,,Hya,E-S0,23.8
,-0.016,58.331,G,15.5,0.7,0.3,44,,,CVn,Sb,23.0
1,0.014,-2.469,G,15.1,0.8,0.7,29,,,CVn,E,23.6
,0.026,-58.643,G,15.4,1.0,0.6,149,,,Hya,SBab,23.7
,0.004,1.869,G,15.7,1.2,0.3,96,,,Hya,Sab,23.9
,0.002,0.260,G,14.7,1.2,0.9,131,,,Hya,S0,23.8
,0.009,-0.265,G,15.6,1.2,0.4,65,,,Hya,Sb,23.8
,-0.030,75.198,G,15.2,1.7,0.4,102,,,CVn,SBcd,23.9
,0.029,-74.855,G,15.0,1.9,0.5,105,,,Hya,Sc,23.8
,0.001,2.162,G,15.5,0.8,0.5,5,,,Hya,Sab,23.5
,-0.021,63.378,G,16.2,0.6,0.5,10,,,CVn,SBab,23.6
,0.025,-63.868,G,15.2,1.3,0.5,135,,,Hya,Sbc,23.6
,-0.023,63.917,G,16.3,0.6,0.5,90,,,CVn,E,24.1
,0.002,-0.038,G,,0.5,0.5,85,,,CVn,E,
,0.025,-62.957,G,14.7,0.9,0.8,7,,,Hya,Sbc,23.1
,-0.025,62.746,GPair,,0.8,,,,,CVn,,
,0.032,-67.369,G,15.7,1.0,0.2,111,,,Hya,Sbc,23.1
,0.004,1.064,G,15.2,0.9,0.6,24,,,Hya,S0,23.8
1,0.006,-0.839,G,16.6,0.9,0.5,25,,,Hya,SBbc,22.5
,0.004,1.575,G,15.4,1.3,0.2,61,,,Hya,Sc,23.2
,-0.030,75.471,G,,0.7,0.1,91,,,CVn,,
,0.003,-0.067,G,17.8,0.4,0.4,65,,,CVn,SBc,24.2
,0.034,-74.374,G,15.5,0.7,0.4,52,,,Hya,Sb,23.0
,0.006,2.920,G,12.8,1.1,0.8,64,,,Hya,Sbc,22.4
,-0.004,-2.963,G,14.5,1.3,0.8,98,,,Hya,Sc,23.4
,-0.022,74.354,G,17.8,0.4,0.4,156,,,CVn,,24.6
,0.014,-18.795,G,15.4,0.7,0.3,69,,,CVn,SBb,22.8
,-0.010,18.406,G,17.3,0.3,0.3,21,,,CVn,Sc,23.4
,0.003,0.027,G,17.9,0.3,0.2,92,,,CVn,,24.1
,0.031,-74.453,G,16.0,0.4,0.3,20,,,Hya,Sbc,22.6
,-0.016,53.072,GPair,,1.0,,,,,Com,,
,0.031,-52.745,G,14.8,1.4,0.6,114,,,Hya,Sbc,23.5
,0.005,0.177,G,14.3,1.4,0.6,8,,,Hya,E-S0,23.8
,0.009,-0.895,G,13.3,1.4,1.1,99,,,Hya,Sb,23.5
,0.027,-34.071,OCl,9.7,5.1,,,,,Cen,,
,-0.020,34.419,G,15.2,0.6,0.5,14,,,Hya,Sbc,22.6
,0.005,1.792,G,13.5,2.2,1.4,177,,,Hya,E-S0,24.0
,0.008,-2.899,G,15.6,0.9,0.5,32,,,Hya,SBb,23.6
,0.001,-0.308,G,15.1,1.0,0.4,114,,,Hya,Sbc,23.2
,0.001,-4.877,G,10.5,4.6,2.4,42,,,Cen,E,23.7
,-0.022,60.391,G,15.6,0.9,0.4,70,,,Com,SBa,23.6
,0.021,-52.979,G,14.2,1.6,0.8,177,,,Hya,Sc,23.4
,0.003,-7.512,G,12.7,1.9,0.8,58,,,Cen,Sa,23.4
,-0.023,67.486,G,15.7,0.2,0.2,12,,,CVn,E,21.4
,0.003,-0.045,G,15.8,1.3,0.4,130,,,CVn,SBb,24.0
,0.000,0.105,G,16.1,1.4,0.3,126,,,CVn,Sc,24.0
,0.029,-62.138,G,15.3,1.0,0.5,71,,,Hya,SABb,23.4
,-0.023,62.088,G,14.7,1.3,0.6,41,,,CVn,Sab,23.5
,0.001,0.044,G,14.8,1.0,0.9,173,,,CVn,S0,23.5
,0.005,-0.051,G,15.4,1.1,0.4,81,,,CVn,Sa,23.9
,0.005,-6.181,G,15.1,0.7,0.6,84,,,Boo,S0,23.0
1,0.037,-56.905,G,15.5,0.8,0.5,132,,,Hya,Sbc,23.2
,0.002,3.817,G,13.3,2.4,1.0,73,,,Hya,S0,23.9
,0.020,-25.190,G,14.1,1.1,0.8,161,,,Cen,Sbc,22.8
,0.006,-0.035,G,13.4,1.2,0.9,75,,,Cen,S0,22.8
,-0.036,77.831,G,16.0,0.6,0.4,38,,,Boo,E,23.7
,0.001,-0.017,G,14.9,0.9,0.7,10,,,Boo,E,23.5
,0.028,-52.218,G,15.1,1.6,0.3,132,,,Hya,SBc,23.4
,0.004,-3.417,G,14.0,1.4,1.0,56,,,Hya,IB,23.7
,0.024,55.998,G,16.2,0.5,0.3,23,,,Boo,Sa,23.2
,0.027,-56.074,G,14.5,1.1,0.9,10,,,Hya,Sc,23.3
,0.001,-0.835,G,14.3,1.6,0.5,73,,,Hya,Sbc,23.3
,0.010,2.571,G,14.2,1.3,1.2,30,,,Hya,S0-a,23.5
,0.008,-2.908,G,15.2,1.0,0.6,33,,,Cen,Sbc,23.5
,-0.013,55.532,G,15.5,0.7,0.6,71,,,Boo,E-S0,23.4
,0.023,-54.043,G,15.9,1.1,0.2,58,,,Hya,Sbc,23.6
,0.006,-1.576,G,14.8,0.9,0.6,126,,,Cen,Sb,23.0
,0.036,0.793,G,14.8,1.2,0.5,101,,,Hya,SABb,23.2
,0.012,-0.192,G,14.4,1.0,0.8,166,,,Hya,Sc,23.0
,0.006,-0.591,G,13.9,1.1,0.6,56,,,Cen,Sc,23.0
,0.005,0.280,G,14.9,1.1,0.7,174,,,Hya,SBab,23.5
,0.001,-0.359,G,11.0,4.7,2.6,67,,,Cen,E-S0,24.3
,-0.031,1.964,G,14.7,1.3,0.7,93,,,Hya,SBc,23.4
,0.037,53.487,G,15.7,0.6,0.5,64,,,Boo,SBb,23.2
,0.007,0.036,G,15.3,0.8,0.8,3,,,Boo,S0,23.7
,0.258,-109.464,G,14.8,1.8,0.5,60,,,Oct,S0-a,24.7
,-0.259,113.967,G,15.5,0.6,0.5,147,,,CVn,E-S0,23.2
1,0.015,10.013,G,14.0,1.4,0.4,155,,,CVn,Sb,23.3
,0.027,-25.435,G,15.2,0.8,0.4,106,,,Boo,S0-a,23.4
2,0.021,23.115,G,14.6,1.3,0.9,31,,,CVn,E-S0,23.8
,-0.000,0.135,G,14.8,0.9,0.8,50,,,CVn,Sc,23.3
,0.013,-12.369,G,15.3,1.1,0.4,53,,,Boo,Sab,23.5
,0.009,-0.030,G,15.1,1.1,0.6,102,,,Boo,E,24.1
,0.005,-0.102,G,15.0,1.1,0.7,67,,,Boo,Sab,23.6
,0.000,0.031,G,14.2,1.2,1.2,134,,,Boo,E,23.6
,0.008,0.101,G,15.0,0.7,0.7,4,,,Boo,S0-a,23.1
1,0.001,0.050,G,15.6,1.1,1.1,117,,,Boo,E,24.7
,0.001,-0.051,G,15.1,1.0,0.5,119,,,Boo,Sab,23.4
,0.024,-50.398,G,13.7,1.9,0.7,133,,,Hya,S0-a,23.7
,0.011,-4.070,G,11.6,6.5,1.0,18,,,Hya,Sb,24.2
,0.009,-5.201,G,13.6,1.8,0.7,88,,,Cen,Sab,23.1
1,0.001,21.912,G,15.3,1.4,0.3,106,,,Vir,Sc,23.6
,-0.007,41.028,G,15.2,0.4,0.4,54,,,CVn,Sa,22.2
,0.011,9.068,G,15.9,0.5,0.5,15,,,CVn,S0,23.3
,0.033,-5.597,G,14.8,0.9,0.5,67,,,CVn,Sbc,23.0
,0.047,-42.045,G,14.9,1.4,0.3,111,,,Vir,Sbc,23.2
,0.031,-35.119,G,13.8,1.2,0.9,13,,,Cen,Sc,22.7
,-0.017,33.845,G,15.9,0.8,0.5,33,,,Vir,SBab,23.8
,-0.004,1.656,G,,0.7,0.3,170,,,Vir,Sb,
,0.021,-32.050,G,13.4,1.8,0.7,147,,,Cen,SBc,22.7
,-0.020,32.177,G,15.1,0.5,0.2,25,,,Vir,Sc,
,0.002,-0.351,G,14.8,0.9,0.7,106,,,Vir,Sbc,23.2
1,0.015,-23.767,G,12.7,1.6,1.2,149,,,Cen,Sc,22.9
,0.006,-5.443,G,13.0,1.6,1.4,71,,,Cen,SABc,22.7
,-0.013,29.241,G,14.9,0.6,0.4,40,,,Vir,S0,
,-0.012,43.283,G,16.2,0.4,0.4,29,,,CVn,Sbc,23.0
,0.001,0.025,G,15.9,0.4,0.3,96,,,CVn,Sc,22.6
,0.001,-0.038,G,15.1,0.8,0.5,50,,,CVn,SBa,23.2
,0.026,-44.208,G,16.2,0.5,0.1,75,,,Vir,S0-a,
,-0.001,36.131,G,15.3,0.8,0.8,23,,,Boo,E,23.6
,0.030,-52.249,G,13.7,1.8,1.4,106,,,Hya,E-S0,23.7
2,0.158,-48.629,G,13.9,2.0,0.7,95,,,Aps,S0-a,24.1
,-0.080,41.382,G,14.6,1.5,0.6,158,,,Cen,S0,24.2
,-0.000,-0.008,G,15.5,0.9,0.4,93,,,Cen,Sbc,23.4
,-0.036,71.823,G,15.2,0.7,0.7,10,,,Boo,SBcd,23.2
1,0.017,-12.031,G,15.5,0.6,0.2,9,,,Boo,SBb,22.3
1,0.015,1.595,G,14.9,1.1,0.8,165,,,Boo,S0-a,23.8
1,0.052,-71.075,G,12.8,2.6,0.4,146,,,Cen,Sd,22.9
,-0.001,-0.029,G,14.9,1.3,0.7,67,,,Cen,SABm,23.6
,0.018,12.237,G,14.3,1.1,1.0,4,,,Cen,Sbc,23.1
,0.011,-8.799,G,15.3,0.8,0.6,100,,,Cen,Sc,23.4
,0.004,-4.425,G,13.8,1.9,0.6,10,,,Cen,SABb,23.1
,-0.009,13.292,G,14.4,1.0,0.8,55,,,Cen,Sab,23.0
1,0.023,0.336,G,13.7,2.3,0.4,75,,,Cen,Sc,23.7
1,-0.008,58.206,G,15.0,1.2,0.8,25,,,Boo,Sab,23.8
,0.003,1.943,G,15.0,0.6,0.4,21,,,Boo,Sc,23.1
,0.008,-2.387,G,14.1,1.1,0.7,160,,,Boo,Sbc,22.7
,0.001,2.453,G,15.2,0.6,0.6,10,,,Boo,SBb,22.9
,0.006,-2.480,G,15.4,0.7,0.3,139,,,Boo,SBb,23.0
1,0.017,-30.875,G,14.4,1.5,0.6,10,,,Vir,SABa,23.5
,0.030,-41.809,G,11.8,5.8,1.0,126,,,Lup,Sb,23.4
,-0.049,77.952,G,14.8,1.2,0.5,137,,,Boo,SBa,23.5
1,0.016,-5.355,G,14.7,1.4,0.9,105,,,Boo,S0-a,24.0
,0.053,-70.449,PN,10.2,0.6,,,,,Lup,,
,0.020,38.167,G,14.8,1.5,0.7,173,,,Vir,SBm,23.7
,-0.040,35.977,G,14.9,0.8,0.4,128,,,Boo,Sab,22.8
,0.005,1.592,G,15.0,0.8,0.5,38,,,Boo,Sbc,23.1
,0.012,-14.189,G,15.6,0.8,0.4,57,,,Boo,SBbc,23.3
2,0.012,20.130,G,15.5,0.5,0.4,129,,,Boo,E-S0,22.9
1,0.024,-20.887,G,16.1,0.6,0.3,139,,,Boo,Sa,23.6
,-0.002,12.996,G,15.5,0.9,0.7,130,,,Boo,E,24.1
,0.010,-12.598,G,15.6,1.1,0.8,144,,,Boo,E,24.5
,0.009,8.488,G,14.8,0.9,0.8,96,,,Boo,E,23.6
,0.008,-8.893,G,16.1,0.8,0.5,148,,,Boo,Sab,24.0
,-0.004,8.745,G,15.4,0.7,0.4,18,,,Boo,SBc,23.1
,0.047,-62.962,G,12.4,1.4,1.1,164,,,Cen,E,23.0
,-0.042,68.058,G,15.2,0.7,0.7,142,,,Boo,E,23.5
,0.005,-4.228,G,15.4,1.0,0.6,71,,,Boo,Sbc,23.5
1,0.008,0.944,G,15.2,0.6,0.6,3,,,Boo,SBb,22.9
,0.009,-10.359,G,15.6,0.7,0.7,5,,,Boo,E,23.6
,-0.005,10.033,G,15.3,0.9,0.3,116,,,Boo,Sab,23.3
,0.007,-10.673,G,15.7,0.8,0.3,49,,,Boo,Sa,23.6
,0.003,0.709,G,15.5,1.0,0.6,96,,,Boo,E,24.3
,0.029,-50.355,G,13.0,2.5,1.3,24,,,Cen,S0,23.6
1,-0.009,-6.097,G,16.4,0.8,0.2,47,,,Cen,Sbc,23.6
,-0.015,55.748,G,16.3,0.5,0.3,44,,,Boo,Sbc,23.2
,0.000,0.011,G,15.5,0.6,0.5,6,,,Boo,E,23.4
,-0.008,21.264,G,15.1,0.9,0.9,50,,,Boo,E,23.8
,0.009,-10.966,G,14.8,1.2,1.0,87,,,Boo,E,24.0
1,0.010,-9.170,G,15.9,0.5,0.4,77,,,Boo,Sbc,23.1
,0.002,-0.310,G,15.8,0.7,0.4,76,,,Boo,Scd,23.3
,0.005,0.296,G,15.6,0.8,0.5,72,,,Boo,S0-a,23.7
,0.044,-60.739,G,11.8,1.9,1.5,83,,,Lup,SABb,22.1
,-0.048,72.382,G,15.1,0.8,0.5,15,,,Boo,SBa,23.3
,0.009,-12.782,G,16.2,0.6,0.3,12,,,Boo,Sbc,23.5
1,0.044,-62.217,G,15.0,1.2,0.5,154,,,Lup,Scd,23.3
,-0.048,83.498,G,15.8,0.8,0.4,109,,,Boo,Sc,23.5
,0.004,-6.631,G,14.7,0.8,0.7,174,,,Boo,S0-a,23.0
,0.186,-109.641,G,13.5,1.1,0.9,176,,,Aps,SBc,22.8
,-0.151,94.050,G,15.7,0.7,0.4,115,,,Boo,IB,23.8
,0.014,13.316,G,15.3,1.0,0.5,48,,,Boo,Sbc,23.3
,0.040,-64.843,G,13.3,1.8,1.3,95,,,Cen,E,23.5
,-0.036,63.713,G,14.9,0.5,0.5,78,,,Boo,Sa,22.1
,0.034,-54.946,G,12.2,2.1,1.0,160,,,Hya,S0,23.4
,-0.020,45.231,G,16.7,0.5,0.3,0,,,Boo,Sab,23.5
1,0.014,-1.528,G,16.1,0.6,0.2,129,,,Boo,Sbc,23.5
,0.006,2.041,G,16.0,0.5,0.4,85,,,Boo,Sbc,23.0
,0.060,-57.731,G,17.0,0.6,0.3,70,,,Cen,Sbc,24.0
,-0.059,70.481,G,15.4,0.9,0.3,13,,,Boo,Sb,23.2
,0.001,-0.696,G,15.6,0.6,0.4,161,,,Boo,Sa,23.0
,0.006,-3.747,G,16.7,0.4,0.3,117,,,Boo,Sc,23.1
,0.001,0.012,G,15.3,0.7,0.5,11,,,Boo,Sb,23.2
,0.013,-10.525,G,15.4,0.8,0.6,30,,,Boo,Sbc,23.5
,0.033,-52.897,G,13.7,1.7,0.7,62,,,Cen,S0,23.5
,-0.032,52.451,G,16.5,0.6,0.2,80,,,Boo,S0-a,24.0
,0.015,2.771,G,15.6,1.0,1.0,14,,,Boo,S0-a,24.3
,0.002,0.027,G,16.0,0.5,0.5,32,,,Boo,Sa,23.3
,0.026,-40.739,G,13.8,2.3,0.5,158,,,Lib,SBc,23.2
,-0.019,40.617,G,15.4,1.7,0.2,109,,,Boo,Sc,23.7
,-0.149,60.637,G,14.9,0.9,0.2,94,,,UMi,Sb,22.8
1,0.197,-123.201,G,14.0,2.7,0.6,0,,,Lup,Sc,23.6
,-0.038,60.177,GTrpl,,1.2,,,,,Boo,,
,0.008,7.567,G,15.9,0.7,0.5,134,,,Boo,SBab,23.6
,-0.000,-0.095,G,14.8,1.1,0.9,26,,,Boo,E,23.8
,0.024,-39.579,G,15.3,0.8,0.6,164,,,Lib,S0,23.5
,-0.021,44.704,G,15.6,0.6,0.3,16,,,Boo,SBb,22.8
,0.011,-12.582,G,15.3,0.6,0.5,61,,,Boo,E,23.0
,-0.008,12.628,G,14.8,1.2,1.1,17,,,Boo,Sc,23.9
,0.017,-10.013,G,15.4,0.6,0.6,65,,,Boo,SBbc,23.2
,0.006,-2.351,G,16.6,0.5,0.3,68,,,Boo,SBbc,23.6
,0.001,2.802,G,15.6,0.6,0.6,25,,,Boo,Sbc,23.3
,0.002,-2.258,G,14.9,1.3,0.5,25,,,Boo,Sb,23.6
,0.124,-89.991,G,13.9,3.0,0.3,132,,,Aps,Sc,23.5
,-0.121,101.975,G,15.9,0.6,0.4,43,,,Boo,SBb,23.2
,0.020,-10.112,G,15.3,0.5,0.3,142,,,Boo,E,23.1
,0.003,0.020,G,15.7,0.7,0.5,22,,,Boo,Sbc,23.4
,0.017,0.043,G,15.8,0.6,0.4,9,,,Boo,Sbc,23.4
,0.006,-0.091,G,16.8,0.4,0.4,122,,,Boo,Sc,23.4
2,-0.012,18.923,G,15.3,0.6,0.5,61,,,Boo,E,23.2
1,0.031,-21.901,G,15.3,0.9,0.4,136,,,Boo,S0-a,23.8
,-0.003,8.007,G,15.7,0.8,0.4,10,,,Boo,SBb,23.5
,-0.005,9.849,G,14.9,0.8,0.7,45,,,Boo,S0,23.3
,0.007,-4.856,G,15.2,0.8,0.8,134,,,Boo,E,23.7
,0.011,-2.250,G,14.9,0.8,0.7,17,,,Boo,E-S0,23.1
,0.255,-108.514,GCl,8.6,5.1,,,,,Aps,,
,-0.262,119.695,G,15.6,0.6,0.4,74,,,Boo,Sbc,22.9
,0.047,-59.888,G,14.3,1.0,0.8,59,,,Lib,Sab,22.9
,-0.036,59.706,G,15.6,0.6,0.3,110,,,Boo,Sb,23.4
,0.024,-21.154,G,14.7,1.2,1.1,6,,,Boo,E,23.9
,-0.001,15.553,G,15.5,0.5,0.3,98,,,Boo,S0,
,-0.001,1.710,G,14.8,1.1,0.8,176,,,Boo,E-S0,23.8
,0.002,-0.008,G,15.5,0.5,0.4,2,,,Boo,S0,22.7
,0.017,-14.945,G,15.8,0.7,0.4,149,,,Boo,Sb,23.3
,0.003,13.312,G,15.6,0.8,0.6,31,,,Boo,S0-a,23.6
,0.010,0.024,G,14.8,0.8,0.2,46,,,Boo,Sb,22.3
2,0.024,-4.091,G,16.1,0.6,0.5,162,,,Boo,Sc,23.7
1,0.017,-0.122,G,17.0,0.8,0.7,124,,,Boo,Sab,23.3
,0.003,9.916,G,15.5,1.0,0.7,61,,,Boo,Sa,24.0
,0.055,-21.140,G,14.2,1.4,1.1,158,,,Boo,E,24.1
,0.003,7.288,G,15.3,1.1,0.3,156,,,Boo,SBb,23.4
,0.052,-66.775,GPair,,2.0,,,,,Lup,,
,-0.050,80.545,G,15.2,0.9,0.5,124,,,Boo,S0-a,24.1
,0.007,-3.689,G,15.1,0.5,0.4,120,,,Boo,Sb,22.5
,0.072,-8.140,G,15.4,0.7,0.4,114,,,Boo,Sc,22.9
,0.200,-101.444,G,13.1,3.0,0.9,112,,,Aps,Sb,
,-0.105,32.350,G,13.4,1.6,1.5,119,,,Lup,SABc,23.4
,-0.051,69.112,G,15.5,0.6,0.5,19,,,Boo,SBbc,23.0
,0.005,0.037,G,15.7,0.6,0.5,31,,,Boo,SBd,23.1
,0.004,-2.289,G,16.7,0.5,0.4,19,,,Boo,Sm,23.7
,0.051,-65.800,G,13.7,1.4,0.5,49,,,Lup,Sbc,22.7
,-0.069,91.562,G,15.1,0.8,0.6,155,,,Boo,Sb,23.1
,0.081,-92.345,G,14.8,0.8,0.5,6,,,Lup,Sbc,22.8
,-0.044,69.334,G,15.3,0.9,0.2,19,,,Boo,SBb,22.7
,0.011,-2.686,G,15.6,0.9,0.5,178,,,Boo,E,24.2
,0.008,-0.158,G,15.5,0.9,0.6,92,,,Boo,E,24.0
,-0.007,4.536,G,15.1,1.0,0.7,154,,,Boo,SABa,23.7
,0.037,-4.151,G,14.5,1.4,0.8,164,,,Boo,S0,23.8
,0.033,13.928,G,16.0,0.5,0.2,162,,,Boo,SBb,23.1
,0.076,-55.707,G,13.7,1.3,0.9,4,,,Lib,SBcd,22.7
,0.071,20.184,G,15.9,0.8,0.4,45,,,Se1,S0-a,24.0
,0.061,-25.705,G,12.4,2.5,1.9,55,,,Lib,SABc,23.4
,-0.044,56.051,G,15.8,0.6,0.5,153,,,CrB,SABb,23.2
1,0.190,-102.978,G,13.9,1.7,0.5,151,,,Aps,Sb,23.2
,-0.131,103.734,G,15.1,1.1,0.7,102,,,Boo,S0-a,23.9
2,0.323,-114.775,G,14.1,2.0,0.8,166,,,Aps,SABc,23.6
,-0.241,110.479,G,15.5,0.7,0.6,104,,,CrB,Sc,23.2
,0.004,-0.064,G,15.4,0.8,0.6,138,,,CrB,E-S0,23.7
,0.003,0.061,G,16.5,0.5,0.3,11,,,CrB,E,23.8
,0.030,3.976,G,15.5,0.7,0.2,96,,,Boo,Sb,22.7
2,0.162,-28.243,G,14.2,1.0,0.9,70,,,Se1,Sc,22.9
,-0.066,18.920,G,13.2,1.1,0.7,96,,,Se1,Sm,22.5
,0.002,-0.024,G,16.1,0.5,0.3,151,,,Se1,Sab,23.0
,0.219,-101.658,G,13.6,2.1,0.5,62,,,Aps,SBc,22.7
,-0.214,103.476,G,14.6,1.2,1.1,141,,,Se1,E,23.8
,-0.013,14.432,G,15.7,0.5,0.4,137,,,Boo,Sbc,22.8
,0.019,-14.383,G,15.8,0.5,0.3,158,,,Se1,Sb,22.7
,0.002,-0.005,G,15.1,0.6,0.4,70,,,Se1,E,23.1
,0.000,14.473,G,16.4,0.6,0.3,104,,,Boo,S0,24.0
,0.015,-14.397,G,15.1,0.8,0.5,129,,,Se1,Sb,23.1
,-0.014,18.076,G,13.8,1.2,1.1,55,,,Boo,E,23.1
,0.002,-3.661,G,14.9,1.1,0.5,163,,,Boo,S0-a,23.6
,0.007,3.687,G,14.3,1.2,0.4,71,,,Boo,Sc,22.8
,0.002,-0.094,G,14.8,0.8,0.5,11,,,Boo,Sc,22.8
,0.002,0.114,G,13.3,1.4,0.9,163,,,Boo,Sb,23.2
,0.008,-0.241,G,13.6,1.3,1.0,131,,,Boo,Sc,22.7
,0.049,-15.146,G,15.2,0.5,0.2,39,,,CrB,Sb,
,0.011,0.140,G,14.9,0.9,0.8,115,,,CrB,E,23.5
,0.010,-0.062,G,15.1,0.8,0.7,178,,,CrB,SABc,23.1
,0.124,-95.553,G,13.9,1.6,0.6,139,,,TrA,SBb,22.9
,-0.116,95.457,G,14.8,1.2,0.8,76,,,CrB,SBa,23.6
,0.005,-4.334,G,15.7,0.6,0.3,138,,,Se1,Sc,22.9
,-0.003,4.440,G,15.7,0.6,0.4,23,,,CrB,SBa,23.3
,0.005,-4.432,G,15.5,0.5,0.3,84,,,Se1,Sa,22.7
,0.005,-0.138,G,14.6,1.4,0.9,79,,,Se1,E,24.1
,0.003,0.123,G,15.3,0.6,0.5,145,,,Se1,E,23.0
,0.173,-98.618,G,13.9,1.6,0.6,139,,,Aps,SBb,23.1
,-0.172,98.598,G,15.5,0.6,0.4,72,,,Se1,E,23.1
,0.007,4.584,G,15.3,1.0,0.5,164,,,CrB,S0-a,23.9
,0.013,-0.080,G,15.2,0.8,0.6,24,,,CrB,Sc,23.2
,0.027,-0.188,G,14.8,1.2,0.3,172,,,CrB,SBbc,23.0
,0.012,-4.280,G,14.8,1.2,0.3,39,,,Se1,Sab,23.2
,0.230,-90.192,G,15.8,2.0,1.6,90,,,TrA,Sc,25.8
,0.002,0.061,G,12.3,1.6,0.8,56,,,TrA,SBb,22.2
1,-0.007,92.263,G,15.8,0.8,0.6,98,,,CrB,E,24.2
,0.087,-2.024,G,16.1,0.5,0.4,141,,,Se1,E,23.4
1,0.054,4.562,G,14.9,0.7,0.4,158,,,CrB,E,23.5
,0.066,-56.407,HII,,12.0,10.0,,,,Sco,,
,-0.005,8.473,RfN,3.9,60.0,40.0,,,,Sco,,
,-0.004,31.526,PN,10.7,0.7,,,,,Her,,
1,0.150,-82.214,G,13.5,3.3,0.6,60,,,TrA,Sc,23.4
,-0.078,47.518,G,15.0,1.7,0.4,56,,,Sco,SBab,23.8
,0.026,-11.741,G,14.4,1.3,1.0,145,,,Sco,Sc,23.5
,0.010,2.923,G,14.9,1.5,0.4,175,,,Sco,Sbc,23.4
,0.019,-10.817,PN,12.4,0.2,,,,,Sco,,
1,0.015,22.173,Neb,,20.0,10.0,,,,Sco,,
1,0.085,-4.381,Neb,,20.0,5.0,,,,Oph,,
,0.002,1.031,Neb,5.1,60.0,25.0,,rho Oph Nebula,,Oph,,
,0.078,-1.678,Neb,4.7,30.0,15.0,,,,Sco,,
1,0.001,49.689,G,16.0,0.7,0.4,149,,,Her,E,24.1
,0.278,-102.063,G,13.7,0.9,0.6,74,,,Aps,SBm,22.4
,-0.232,100.286,G,15.2,0.9,0.8,19,,,Her,E-S0,23.7
,0.011,16.461,G,16.3,1.0,0.3,50,,,Her,Sab,24.4
,0.001,-0.073,G,15.8,0.5,0.5,20,,,Her,Sa,23.0
,0.002,0.078,G,15.2,1.0,1.0,103,,,Her,S0-a,23.9
1,0.066,-3.148,G,15.2,0.8,0.7,85,,,Her,Sa,23.3
2,0.072,0.569,G,16.0,0.7,0.4,32,,,Her,Sbc,23.5
,0.262,-113.677,G,12.6,1.7,0.8,119,,,Aps,SBbc,22.0
,-0.228,94.752,G,15.2,0.7,0.6,85,,,Her,Sbc,23.0
,0.072,1.546,G,15.8,0.7,0.5,93,,,Her,Sb,23.5
,0.040,-10.521,G,15.1,0.8,0.6,151,,,Her,Sab,23.3
1,0.003,13.743,G,15.4,0.7,0.4,107,,,Her,Sb,23.0
,0.008,-5.078,G,15.7,0.5,0.3,115,,,Her,,23.2
2,0.043,-25.084,G,16.1,0.7,0.3,74,,,Oph,Sc,23.2
,0.048,-32.816,Neb,,89.1,58.9,,,,Sco,,
1,-0.031,67.114,G,14.7,0.8,0.5,20,,,Her,S0-a,23.2
2,0.311,-104.199,G,13.7,2.7,1.3,148,,,Aps,Sc,24.0
,-0.204,55.710,PN,10.9,0.1,,,,,Oph,,
,0.235,-55.664,G,14.9,1.6,0.5,160,,,Aps,SABb,23.8
1,-0.175,36.604,PN,12.5,0.3,,,,,Sco,,
,-0.066,74.399,G,15.5,0.7,0.5,53,,,Her,SABb,23.3
,0.029,-10.583,G,16.0,0.6,0.5,152,,,Her,E,23.7
,0.351,-102.994,G,14.8,1.3,1.2,130,,,Aps,SABc,
,0.003,-0.083,G,14.4,1.2,1.1,45,,,Aps,Sc,23.5
,-0.207,24.748,PN,13.4,0.3,,,,,Ara,,
1,0.214,-18.541,G,15.5,1.8,0.5,134,,,Aps,Sb,24.6
,-0.165,117.044,G,15.8,0.6,0.5,121,,,Her,Scd,23.4
,0.153,-103.103,G,12.3,2.8,1.9,179,,,Ara,Sc,23.2
,0.036,-20.196,G,14.5,1.6,0.8,176,,,Aps,S0,
2,-0.171,137.497,G,15.8,0.6,0.2,67,,,Dra,S0,23.6
,0.151,-107.240,OCl,6.9,9.6,,,,,Ara,,
,0.027,-9.790,G,14.2,1.1,0.5,16,,,Ara,Sb,22.6
,0.011,-1.152,G,12.6,1.6,1.0,51,,,Ara,S0-a,23.0
,0.167,-13.501,G,13.2,2.0,1.1,102,,,Aps,SABb,22.9
1,0.010,10.651,G,13.8,2.6,0.6,90,,,Ara,Sc,23.3
3,-0.266,139.579,G,14.2,1.3,0.3,170,,,UMi,Sb,22.8
,0.488,-149.881,G,13.5,1.6,1.3,63,,,Aps,Sc,23.0
,-0.065,9.390,G,11.1,2.1,0.8,106,,,Pav,IB,21.3
,-0.028,19.737,PN,12.5,0.2,,,,,Sco,,
,0.058,-18.350,G,12.9,1.7,0.9,106,,,Pav,Sb,23.0
,-0.042,68.904,OCl,4.2,24.6,,,,,Oph,,
3,0.013,55.785,G,15.1,0.6,0.3,103,,,Dra,SBb,22.5
,0.132,-83.178,PN,13.3,0.1,,,,,Sgr,,
1,0.118,-41.088,G,15.3,0.9,0.5,40,,,Pav,Sc,23.3
,0.018,35.726,PN,13.0,0.2,,,,,Sgr,,
,0.082,-35.289,G,14.9,1.6,0.7,87,,,Pav,SABc,23.9
1,-0.089,74.218,G,15.6,0.6,0.3,76,,,Oph,,23.3
1,0.061,-35.777,Neb,10.4,,,,,,Sgr,,
,0.081,-32.300,G,12.8,1.2,0.4,125,,,Tel,SBc,21.0
,0.035,-8.223,G,13.9,1.6,0.5,72,,,Pav,Sab,23.2
1,0.049,-7.104,G,13.2,2.2,1.5,140,,,Pav,SBbc,23.4
1,-0.122,48.146,RfN,,3.0,2.0,,,,Sgr,,
,0.003,-0.552,Neb,,15.0,10.0,,,,Sgr,,
,0.072,-33.746,G,14.2,0.8,0.6,45,,,Pav,,23.0
,0.001,0.008,G,14.3,1.1,0.7,51,,,Pav,SABb,23.1
,-0.091,69.437,G,14.6,1.3,0.9,174,,,Oph,Sc,23.5
,0.091,-69.460,G,14.3,0.9,0.4,141,,,Pav,SABa,23.2
1,-0.082,69.578,G,15.4,1.0,0.6,150,,,Oph,E,24.2
,0.101,-70.524,G,14.2,1.7,0.9,4,,,Pav,SBc,23.5
1,0.010,0.485,G,13.8,2.8,0.7,19,,,Pav,SBc,23.6
1,0.081,-6.525,G,13.5,2.4,0.8,74,,,Pav,Sbc,23.2
,-0.131,90.161,G,15.0,0.9,0.2,0,,,Her,Sab,22.7
,0.143,-88.775,G,15.3,1.8,0.3,39,,,Pav,Sb,24.1
,-0.041,17.365,PN,13.0,0.1,,,,,Tel,,
1,-0.032,29.335,Neb,,60.0,40.0,,,,Sgr,,
,0.107,-42.591,G,14.0,1.7,1.2,155,,,Pav,S0-a,23.7
,-0.068,45.394,Neb,6.0,5.0,5.0,90,Eagle Nebula,,Se2,,
,0.149,-57.765,G,12.0,2.7,2.0,165,,,Pav,E-S0,24.0
,0.005,-0.084,G,12.8,1.7,1.0,53,,,Pav,SBa,23.1
,-0.143,55.663,Neb,,3.5,,,,,Sgr,,
,0.005,0.022,Neb,,3.5,,,,,Sgr,,
,-0.102,77.166,G,15.5,0.5,0.5,113,,,Dra,,23.0
,0.175,-117.526,G,14.4,1.2,0.6,5,,,Tel,Sab,23.1
,0.072,-10.613,G,12.0,3.5,3.0,5,,,Pav,Sm,23.8
1,0.042,-4.712,G,12.2,2.0,1.2,61,,,Pav,Sbc,22.8
,-0.019,4.470,G,13.5,0.9,0.8,95,,,Pav,SBm,22.7
,0.015,0.572,G,15.2,1.5,0.3,177,,,Pav,Sc,23.4
1,0.031,9.690,G,16.0,0.7,0.3,98,,,Pav,SBbc,23.2
,0.009,-1.014,G,13.2,1.8,0.4,93,,,Pav,Sb,23.3
,0.009,-2.153,G,12.9,1.7,0.8,116,,,Pav,Sab,23.2
,-0.011,3.397,G,14.0,1.5,0.6,112,,,Tel,Sd,22.4
,0.006,-1.673,G,13.4,2.8,0.9,159,,,Pav,SBc,23.3
,0.015,-0.092,G,11.8,5.3,1.6,149,,,Pav,SBc,23.8
,0.001,0.704,G,13.6,1.6,1.1,45,,,Pav,Sc,23.1
,0.024,-5.584,G,14.7,0.7,0.7,6,,,Pav,E,22.8
,0.046,-6.749,G,15.1,0.8,0.4,158,,,Pav,,23.5
,-0.115,51.011,OCl,4.6,14.1,,,,,Sgr,,
,0.086,-43.739,G,14.7,1.1,0.8,19,,,Pav,S0,23.7
,0.016,0.153,G,14.1,1.2,1.1,114,,,Pav,E-S0,23.3
,0.000,0.170,G,14.3,2.2,0.8,172,,,Pav,SBab,24.0
,0.034,-4.895,G,12.2,1.3,0.7,61,,,Pav,Sc,22.1
,-0.019,4.076,G,14.5,1.4,0.7,154,,,Pav,S0-a,23.9
,-0.002,0.407,G,12.7,1.6,0.8,80,,,Pav,S0-a,23.4
,-0.080,40.298,PN,12.1,0.1,,,,,Sgr,,
1,0.075,-34.845,G,14.2,1.3,0.8,103,,,Pav,SBb,23.1
,0.024,-5.466,G,15.5,0.8,0.5,38,,,Pav,,23.6
,-0.020,5.063,G,14.6,1.3,1.0,99,,,Pav,SBd,23.6
,0.022,-4.705,G,15.0,0.9,0.8,23,,,Pav,SBa,23.5
,0.008,0.696,G,15.3,1.2,0.6,146,,,Pav,Sc,23.8
,0.007,0.000,G,15.2,0.9,0.6,95,,,Pav,Sbc,23.4
,0.036,-6.458,G,15.3,1.0,0.9,13,,,Pav,SABc,23.9
,-0.022,4.412,G,13.8,1.4,0.9,30,,,Pav,Sab,23.0
,0.003,0.086,G,12.1,2.1,1.7,14,,,Pav,E,23.6
,-0.007,2.090,G,15.0,0.9,0.5,99,,,Pav,S0,23.5
,0.008,-1.452,G,15.3,0.7,0.4,76,,,Pav,I,22.7
,0.011,-1.719,G,13.9,2.1,0.9,1,,,Pav,Sab,23.7
,0.055,-7.725,G,,0.6,0.5,0,,,Pav,,
,0.001,0.038,G,15.1,1.1,0.4,72,,,Pav,Sc,
,-0.053,8.557,G,14.3,1.0,0.9,95,,,Pav,S0,23.1
,0.001,0.865,G,14.3,1.2,1.0,57,,,Pav,S0,23.4
,0.003,0.237,G,15.2,1.2,0.5,110,,,Pav,S0-a,24.1
,0.005,0.859,G,14.1,1.1,0.6,6,,,Pav,S0,23.0
,0.008,-1.970,G,15.5,0.7,0.7,129,,,Pav,Sab,23.4
,-0.004,1.974,G,12.9,0.9,0.7,7,,,Pav,E,22.4
,0.007,0.118,G,14.4,1.3,1.1,31,,,Pav,SBb,23.5
,0.017,-1.702,G,15.2,1.4,0.3,96,,,Pav,Sa,24.0
,-0.102,69.154,OCl,4.6,24.0,,,,,Se2,,
,0.084,-62.630,G,14.6,1.5,0.7,57,,,Pav,S0-a,24.0
,0.040,-8.589,G,14.2,1.0,0.5,142,,,Pav,Sc,22.4
,-0.011,2.672,GPair,,0.8,,,,,Pav,,
,0.002,0.127,G,15.2,0.8,0.8,7,,,Pav,S0,23.5
,-0.031,10.105,G,13.9,1.5,1.1,25,,,Tel,SBbc,23.3
2,0.053,-10.632,G,13.8,1.4,0.4,126,,,Pav,Sa,23.8
,0.003,0.154,G,11.2,3.8,2.8,121,,,Pav,E,24.1
,0.005,0.039,G,13.5,1.2,0.4,110,,,Pav,S0-a,24.1
,0.002,-0.114,G,13.2,2.0,0.4,29,,,Pav,S0-a,24.5
,-0.104,57.871,OCl,,,,,,,Sct,,
,0.105,-57.622,G,14.1,1.8,1.1,165,,,Pav,SBbc,23.8
,0.007,-0.226,G,13.2,0.8,0.6,73,,,Pav,SABa,23.5
,0.004,0.135,G,15.2,1.1,0.5,179,,,Pav,Sc,23.5
,-0.141,103.274,G,14.9,0.6,0.5,10,,,Lyr,E,23.0
,0.190,-109.951,G,14.4,1.4,0.7,137,,,Pav,SABd,23.3
,-0.053,11.989,G,14.5,1.1,0.9,75,,,Pav,SBbc,23.2
,0.004,0.752,G,14.7,1.5,0.3,17,,,Pav,Sb,23.4
,-0.043,23.841,PN,10.8,0.1,,,,,Sgr,,
,0.039,-19.805,G,14.6,0.9,0.8,122,,,Tel,S0-a,23.2
,0.030,-8.571,G,14.2,1.2,1.0,46,,,Pav,S0-a,23.3
,0.009,-1.294,G,14.9,0.9,0.8,90,,,Pav,Sab,23.2
,-0.010,3.760,G,14.9,0.8,0.6,102,,,Pav,Sbc,22.9
,0.028,-3.540,G,15.2,1.0,0.7,1,,,Pav,S0-a,23.9
,-0.011,7.302,G,14.7,0.4,0.3,101,,,Tel,Sc,21.3
,0.010,-3.322,G,14.6,1.1,0.9,59,,,Pav,Sbc,23.4
,0.021,-4.447,G,13.7,1.5,1.2,98,,,Pav,S0,23.4
,0.002,4.005,G,13.1,3.1,1.6,135,,,Pav,SBb,23.8
,-0.003,2.560,G,15.9,0.8,0.2,176,,,Tel,Sbc,23.1
,0.056,-11.987,G,14.6,1.1,1.0,170,,,Pav,SBm,23.4
,-0.024,5.230,G,16.1,1.3,0.2,15,,,Pav,Sc,23.8
,0.027,-5.115,G,14.0,1.6,0.7,174,,,Pav,Sc,23.1
,0.004,3.638,G,14.0,1.2,0.7,56,,,Pav,SBc,22.7
,-0.125,84.260,G,14.0,1.4,1.2,164,,,Her,,23.5
,0.111,-75.735,G,15.1,1.4,0.3,155,,,Tel,Sab,23.6
,0.021,-4.996,G,14.6,1.2,0.5,120,,,Pav,Sb,23.1
,0.004,-0.691,G,14.2,1.5,0.8,19,,,Pav,E-S0,23.7
,0.002,0.482,G,15.8,1.1,0.3,69,,,Pav,Sc,23.6
,-0.014,7.395,G,12.3,1.9,1.1,133,,,Tel,S0,23.4
,0.001,-0.092,G,11.3,2.6,1.9,148,,,Tel,E,23.2
,0.030,-7.812,G,13.2,2.0,1.3,111,,,Pav,S0,23.4
,0.010,-1.813,G,14.1,1.6,1.0,44,,,Pav,SBab,23.5
,-0.003,0.792,G,13.8,1.9,1.1,161,,,Pav,SBa,23.6
,0.015,-1.536,G,13.6,1.9,1.1,89,,,Pav,S0-a,23.8
1,0.017,2.610,G,15.7,0.8,0.3,35,,,Pav,,23.8
,0.008,0.232,G,14.8,1.3,1.0,173,,,Pav,Sc,23.9
,0.015,-1.215,G,14.9,0.8,0.3,26,,,Pav,Sa,22.7
,-0.009,5.516,G,12.2,2.4,0.5,9,,,Pav,Sb,22.7
,0.013,0.601,G,14.2,1.0,0.7,14,,,Pav,SBc,22.6
,-0.019,11.617,G,12.7,2.3,0.9,43,,,CrA,Sc,22.7
,0.049,-16.880,G,15.1,1.0,0.6,11,,,Pav,,23.8
,-0.018,6.034,G,12.7,4.0,0.4,135,,,Tel,SABc,23.1
,0.046,-10.974,G,15.8,0.6,0.5,106,,,Pav,Sbc,23.2
,-0.078,30.074,Neb,,10.0,6.9,,,,CrA,,
,0.077,-29.462,G,12.6,1.3,0.6,34,,,Pav,,23.8
,-0.012,7.943,G,14.3,1.5,0.6,95,,,Pav,Sb,23.3
,0.031,-3.122,G,14.4,1.1,0.8,167,,,Pav,S0,23.4
1,-0.011,5.542,G,14.5,1.5,0.5,14,,,Tel,Sbc,23.2
,-0.002,1.022,G,15.4,0.9,0.2,77,,,Tel,S0-a,23.9
,0.018,-4.330,G,14.2,3.0,0.4,123,,,Pav,Sc,23.7
,0.035,-3.998,G,14.6,1.4,0.9,97,,,Pav,Scd,24.2
,0.005,8.448,G,13.7,1.8,0.8,6,,,Tel,Sc,23.1
,0.087,-17.424,G,15.5,0.7,0.4,72,,,Pav,Sbc,
,-0.042,8.465,G,14.7,1.2,0.9,18,,,Pav,S0-a,23.8
,0.017,1.888,G,16.5,0.7,0.2,59,,,Pav,I,23.4
,0.067,-10.661,G,15.6,0.5,0.4,58,,,Pav,Sbc,22.8
,-0.082,15.547,G,14.5,1.3,0.8,45,,,Pav,Sab,23.4
,0.017,-3.658,G,13.3,3.0,0.7,166,,,Pav,Sab,23.5
,0.005,-1.223,G,14.8,1.1,0.5,68,,,Pav,Sbc,23.2
,-0.019,5.543,G,14.7,1.1,0.5,25,,,Tel,Sb,23.0
,0.021,-2.754,G,13.2,1.9,1.4,27,,,Pav,SBbc,23.1
,0.016,-2.979,G,12.1,3.7,0.8,111,,,Pav,SBab,23.5
,-0.012,5.662,G,12.7,2.5,0.8,145,,,Tel,Sa,23.9
,0.027,-5.719,G,14.7,0.8,0.4,94,,,Pav,S?,22.4
,0.014,-1.676,G,14.8,1.1,0.5,126,,,Pav,Sa,23.4
,-0.017,5.768,G,14.8,0.9,0.6,165,,,Pav,Sc,22.9
,0.014,-1.962,G,12.6,1.6,1.4,71,,,Pav,SBc,22.8
,-0.018,5.539,G,12.6,2.2,1.2,24,,,Tel,SBc,23.1
,0.025,-6.953,G,13.6,1.4,0.6,63,,,Pav,Sbc,23.1
,-0.020,6.987,G,13.7,2.2,1.6,132,,,Tel,Sbc,23.5
,0.005,-1.582,G,13.7,1.1,0.7,130,,,Tel,S0-a,23.3
,0.081,-16.018,G,14.9,0.9,0.8,153,,,Pav,SABc,23.3
,-0.022,11.583,G,12.4,2.2,1.1,21,,,Pav,E,24.0
,-0.000,1.335,G,15.1,1.1,0.3,91,,,Pav,SBbc,23.1
,-0.006,3.282,G,14.1,1.6,0.9,168,,,Tel,SBb,23.4
,0.023,-4.362,G,12.0,1.9,1.5,83,,,Pav,SBb,22.3
,-0.065,51.345,PN,11.9,0.0,,,,,Aql,,
,0.117,-56.463,G,15.0,1.0,0.7,142,,,Pav,S0,23.6
,-0.010,8.726,G,14.9,0.7,0.5,28,,,Pav,Sbc,22.6
,0.045,-6.152,G,14.5,1.0,0.3,117,,,Pav,SBc,22.3
1,-0.002,5.263,G,14.2,1.7,0.6,14,,,Pav,SBab,23.4
,0.015,-2.666,G,12.9,1.7,0.9,171,,,Pav,SBc,23.0
,0.073,-10.734,G,14.9,1.2,0.3,167,,,Pav,Sbc,23.1
,-0.057,11.755,G,13.8,1.3,1.2,28,,,Pav,SABc,23.1
1,0.002,4.406,G,14.5,1.2,0.6,29,,,Tel,IB,23.0
,0.020,-3.859,G,13.7,1.8,1.1,32,,,Pav,Sc,23.3
1,0.035,-7.547,G,14.8,1.2,0.6,35,,,Pav,SABb,23.3
,0.011,-1.054,G,14.7,1.0,0.7,150,,,Pav,SBc,23.1
,-0.036,9.794,G,15.5,1.2,0.5,28,,,Pav,Sc,24.0
,0.040,-9.748,G,14.6,1.6,0.5,180,,,Pav,Sbc,23.4
1,0.140,-10.235,G,13.6,1.8,0.4,177,,,Oct,SABa,24.3
1,-0.092,16.412,G,13.0,1.6,1.0,164,,,Pav,SABb,23.4
2,0.025,0.118,G,13.6,1.8,1.2,167,,,Pav,Sm,23.3
,0.026,-4.784,G,14.6,1.7,0.9,132,,,Pav,IB,23.9
,-0.032,8.293,G,14.1,3.8,0.8,8,,,Pav,SABc,24.4
1,-0.013,11.383,G,15.1,0.9,0.7,34,,,Tel,Sbc,23.4
,0.024,-1.130,G,14.7,1.4,0.8,54,,,Tel,SABb,23.6
,0.021,-4.810,G,14.6,1.0,0.7,68,,,Tel,I,23.0
,0.002,-0.767,G,14.3,1.3,1.0,123,,,Tel,SABc,23.3
,0.003,0.852,G,14.6,1.6,0.3,83,,,Tel,S0,24.3
,0.015,-6.235,G,15.2,1.5,0.3,43,,,Pav,,24.8
,0.013,5.857,G,14.5,0.9,0.4,81,,,Tel,Sa,22.6
,0.015,-4.041,G,14.3,2.0,0.5,115,,,Tel,S0-a,24.4
,-0.001,0.552,G,14.6,1.1,0.9,152,,,Tel,SBbc,23.3
,-0.001,0.661,G,14.6,1.0,0.8,2,,,Tel,SBb,23.1
,0.027,-0.349,G,14.6,1.5,0.5,157,,,Tel,SBb,23.5
,0.011,-2.582,G,14.7,1.6,0.4,166,,,Pav,S0,24.3
,0.020,-2.524,G,14.6,2.0,0.5,114,,,Pav,Sc,23.6
,-0.010,8.845,G,14.2,1.5,0.8,110,,,Tel,Sb,23.3
,0.085,-17.780,G,14.2,1.0,0.8,91,,,Pav,SABa,22.8
,-0.058,15.130,G,14.7,1.1,0.9,100,,,Tel,E-S0,23.6
,0.006,0.113,G,11.2,3.0,2.5,2,,,Tel,E,23.3
,0.006,-2.201,G,14.7,1.0,0.8,55,,,Tel,SBb,23.4
1,0.065,-13.682,G,14.9,1.8,0.4,4,,,Pav,Sbc,24.7
,0.018,-2.283,G,15.7,0.6,0.5,65,,,Pav,,
,-0.060,20.664,G,14.7,0.9,0.5,131,,,Tel,,22.7
1,0.035,-7.135,G,15.4,0.9,0.5,18,,,Pav,Sb,23.4
,0.004,7.113,G,15.7,0.8,0.5,111,,,Tel,SBb,23.4
1,0.085,-18.722,G,14.5,1.0,0.6,5,,,Pav,Sbc,22.9
,-0.068,19.244,G,16.2,0.9,0.2,174,,,Tel,Sbc,23.6
,0.068,-7.368,G,11.7,3.7,2.5,130,,,Pav,SABc,23.2
,-0.000,2.335,G,16.1,0.7,0.3,18,,,Tel,Sbc,23.4
,0.063,-14.074,G,15.2,1.2,0.4,180,,,Pav,Sb,23.5
,0.007,0.269,G,14.8,1.1,0.8,52,,,Pav,Sab,23.5
,-0.042,8.963,G,15.9,1.0,0.3,118,,,Pav,Sab,24.1
,0.012,0.753,G,13.8,1.6,0.9,68,,,Pav,E-S0,23.6
,-0.010,8.014,G,16.1,0.5,0.4,1,,,Tel,Sbc,23.4
,0.012,-3.338,G,15.0,0.7,0.6,168,,,Tel,Sa,22.8
,-0.003,5.736,G,14.6,1.2,0.8,77,,,Tel,Sbc,23.4
,0.017,-6.807,G,15.6,0.5,0.4,117,,,Pav,SBbc,22.8
,-0.001,4.877,G,16.1,0.6,0.5,139,,,Tel,S0,23.7
,0.152,-25.371,G,15.6,1.0,0.4,41,,,Oct,SBc,23.5
,-0.167,40.029,G,14.0,1.6,1.1,127,,,Sgr,E-S0,23.7
,0.019,-12.803,G,15.9,0.5,0.4,91,,,Tel,Sbc,22.8
,0.010,-2.511,G,14.9,1.4,0.9,97,,,Tel,E-S0,24.2
,-0.004,2.370,G,14.4,1.1,0.9,175,,,Tel,Sb,23.2
,0.010,-2.001,G,15.3,0.8,0.7,35,,,Tel,S0,23.4
,0.005,-0.002,G,16.2,0.4,0.3,123,,,Tel,,23.0
,0.016,-3.098,G,15.0,1.4,0.9,36,,,Tel,Sd,24.0
,-0.001,1.989,G,16.6,0.6,0.3,34,,,Tel,Sbc,23.8
,0.053,-14.443,G,15.3,0.8,0.4,136,,,Pav,S0,23.6
1,-0.039,15.195,G,14.5,1.0,0.9,97,,,Tel,S0,23.3
1,0.003,-0.234,G,16.4,0.9,0.2,164,,,Tel,Sbc,23.6
,-0.016,14.287,G,13.9,1.3,1.0,54,,,Sgr,E,23.4
,0.027,-15.339,G,15.1,1.2,0.4,167,,,Tel,Sb,23.4
,0.140,-23.391,G,16.0,0.9,0.3,33,,,Oct,,24.5
,-0.058,5.625,G,14.4,1.3,0.4,21,,,Pav,Sb,22.9
1,-0.098,33.109,G,11.9,2.3,1.4,135,,,Sgr,E,23.6
,0.024,-14.271,G,15.5,0.8,0.6,6,,,Tel,Sa,23.6
,0.020,-2.134,G,12.3,2.1,1.3,9,,,Tel,SBbc,22.9
,0.063,-14.499,G,14.9,1.6,0.3,27,,,Pav,Sc,23.3
,-0.045,11.881,G,14.1,1.8,0.5,176,,,Pav,SBa,23.5
,0.022,-3.831,G,14.6,1.4,0.7,12,,,Pav,SBd,23.4
,-0.010,5.173,G,14.9,1.7,0.4,1,,,Tel,Sb,23.9
,0.015,-3.956,G,12.7,0.5,0.3,170,,,Pav,SBab,20.2
,0.017,-0.527,G,15.1,0.7,0.4,148,,,Pav,Sc,22.8
1,-0.004,7.087,G,15.6,0.9,0.6,2,,,Tel,SBd,23.7
,-0.002,1.042,G,16.3,0.7,0.3,147,,,Tel,SBab,23.6
,-0.006,4.234,G,12.7,1.3,1.2,8,,,Tel,E,23.1
,0.011,-6.071,G,14.6,1.3,0.7,7,,,Tel,S0-a,23.9
1,0.280,10.452,G,11.9,2.5,0.9,68,,,Sgr,S0-a,23.0
,-0.274,-9.147,G,13.9,0.8,0.6,72,,,Tel,E,23.3
2,0.016,-3.020,G,15.2,1.4,0.4,39,,,Tel,SBbc,23.6
,0.018,-5.688,G,13.8,3.1,0.7,175,,,Pav,SBd,23.9
,-0.015,6.396,G,14.0,0.9,0.2,8,,,Tel,S0-a,22.4
,0.023,-7.338,G,15.7,0.6,0.4,70,,,Pav,Sbc,22.9
,-0.088,92.045,HII,,3.0,1.0,,,,Vul,,
,0.002,-0.060,Neb,13.0,2.1,1.6,80,,,Vul,,
,0.111,-74.786,G,13.4,1.7,1.7,115,,,Tel,E,23.4
,-0.032,-10.116,G,15.3,0.9,0.5,14,,,Tel,SBab,23.5
,0.100,-17.002,G,,0.5,0.3,25,,,Pav,Sc,
1,-0.003,2.173,G,14.5,1.3,0.4,166,,,Pav,S0,23.7
,-0.066,17.413,G,15.1,1.6,0.5,91,,,Tel,SABd,23.7
,0.087,-18.005,G,16.2,1.0,0.2,156,,,Pav,Sbc,23.7
,-0.076,15.884,G,14.3,1.4,0.6,159,,,Tel,SABa,23.5
,0.088,-18.640,G,14.4,1.6,0.6,155,,,Pav,Scd,23.3
,-0.082,17.059,G,13.7,1.2,0.8,143,,,Pav,S0,24.0
1,0.065,-13.738,G,14.8,0.7,0.6,92,,,Pav,E,23.0
,-0.026,5.767,G,15.1,0.8,0.6,37,,,Pav,SBc,23.0
,-0.031,10.878,G,15.2,0.7,0.6,22,,,Tel,Sa,23.1
,0.067,-16.830,G,13.8,1.7,0.4,12,,,Pav,E-S0,24.4
,0.001,0.129,G,16.1,0.9,0.3,5,,,Pav,Sbc,23.7
,0.011,-0.294,G,13.4,1.0,0.3,16,,,Pav,Sb,23.3
,-0.052,12.544,G,15.8,0.7,0.3,1,,,Pav,Sbc,23.3
,0.014,-3.489,GPair,,1.0,,,,,Pav,,
,-0.023,9.138,G,14.4,1.1,1.0,39,,,Tel,S0,23.3
,0.027,-9.153,G,15.6,0.4,0.3,61,,,Pav,Sa,22.5
1,-0.017,7.453,G,15.4,0.7,0.3,91,,,Tel,,23.5
,0.001,0.963,G,15.0,1.1,0.9,13,,,Tel,SABc,23.7
,0.013,-4.454,G,14.2,1.6,0.6,123,,,Pav,S0-a,23.7
,0.070,-12.936,G,12.5,1.1,0.3,136,,,Pav,I,21.4
,0.011,-0.159,G,15.2,0.5,0.4,51,,,Pav,,22.6
,-0.071,18.921,G,14.3,1.0,0.9,50,,,Tel,SBc,23.0
,0.004,-0.617,G,15.4,0.9,0.4,115,,,Tel,Sb,23.2
,0.074,-18.283,G,14.9,0.8,0.6,66,,,Pav,S?,23.0
,-0.059,15.951,G,14.2,2.2,0.9,15,,,Tel,SABd,23.8
,0.002,2.756,G,15.2,1.0,0.7,66,,,Tel,SABc,23.5
1,0.034,-6.271,G,15.3,1.2,0.3,155,,,Pav,Sb,23.4
,0.034,-8.340,G,16.2,0.8,0.4,19,,,Pav,SBc,23.6
,-0.051,25.841,G,11.5,2.9,2.1,129,,,Sgr,S0,23.7
,0.085,-30.515,G,14.5,1.7,0.3,55,,,Pav,SBc,23.0
,-0.025,4.580,G,15.7,0.5,0.4,28,,,Pav,Sm,22.8
,-0.037,13.538,G,14.0,1.4,1.1,96,,,Tel,S0,23.4
,0.004,0.825,G,14.1,1.2,0.8,158,,,Tel,S0,23.4
,-0.057,90.177,OCl,7.3,6.0,,,,,Cyg,,
,0.060,-20.823,PN,10.5,0.0,,,,,Sge,,
,0.034,-55.040,G,14.0,1.6,1.1,103,,,Sgr,SBc,23.4
,0.029,12.293,G,13.2,2.0,1.0,92,,,Cap,Sc,22.9
1,0.040,-28.760,G,15.2,1.0,0.4,28,,,Tel,S0-a,23.7
,0.005,-0.025,G,14.2,1.4,0.7,93,,,Tel,S0,23.6
,0.277,24.947,G,12.9,2.4,0.7,162,,,Mic,Sbc,22.9
1,-0.299,4.024,G,13.6,1.4,1.0,62,,,Cap,SBc,22.8
1,0.304,-3.875,G,12.6,2.3,1.4,30,,,Mic,Scd,23.2
,-0.180,-42.991,G,15.6,1.2,0.3,77,,,Pav,SBd,23.6
,-0.003,0.527,G,14.4,1.1,0.7,96,,,Pav,S0-a,23.2
,-0.036,6.071,G,15.9,0.8,0.3,178,,,Pav,Sc,23.4
,-0.031,30.070,G,11.8,3.0,1.3,18,,,Mic,S0,23.8
,0.016,-20.716,G,15.3,1.1,0.5,78,,,Pav,SBc,23.5
1,0.096,-16.710,G,14.4,0.8,0.7,102,,,Pav,,22.6
1,0.006,0.542,G,15.9,0.6,0.5,94,,,Pav,SBab,23.4
,-0.060,15.323,G,13.9,1.0,0.5,175,,,Ind,S0,23.6
1,-0.021,21.511,G,15.5,1.5,0.3,85,,,Mic,SABb,24.0
,-0.002,2.591,G,12.3,2.3,1.8,148,,,Mic,Sb,23.4
,0.048,-21.035,G,15.0,0.8,0.7,21,,,Ind,S?,23.1
,0.126,-21.929,G,15.5,0.8,0.5,142,,,Oct,SABc,23.4
,-0.049,9.265,G,14.2,1.4,0.5,118,,,Pav,Sa,23.2
,0.033,-3.923,G,14.9,1.0,0.7,17,,,Pav,,23.6
,0.081,-5.877,G,15.4,1.6,0.2,110,,,Oct,Sbc,23.9
,0.058,-1.084,G,15.5,2.4,0.3,75,,,Oct,Scd,24.3
,-0.122,22.597,G,15.3,0.5,0.5,55,,,Ind,Sbc,22.4
,0.037,-10.176,G,15.2,1.3,0.8,170,,,Pav,I,24.1
2,0.033,-1.891,G,13.6,0.6,0.3,40,,,Pav,,
,0.000,-0.013,G,13.0,1.3,0.4,144,,,Pav,S0-a,22.6
,-0.024,10.218,G,15.7,0.9,0.5,45,,,Ind,Sc,23.6
,-0.004,0.304,G,14.7,1.4,0.6,25,,,Ind,Sbc,23.5
,0.009,-0.098,G,15.9,0.6,0.4,122,,,Ind,Sc,23.3
,0.007,-0.499,G,16.0,1.0,0.3,119,,,Ind,Sc,23.8
,0.017,-0.823,G,15.8,1.3,0.2,158,,,Ind,Sc,23.7
,0.020,-6.567,G,13.5,1.5,0.7,73,,,Pav,SBc,23.1
1,0.091,-11.670,G,15.2,0.8,0.6,9,,,Oct,Sd,23.1
1,-0.076,11.603,G,13.3,1.1,0.8,43,,,Pav,Sc,22.7
,-0.019,8.100,G,16.4,0.8,0.2,20,,,Ind,Sc,23.6
,0.068,-14.915,G,15.5,0.6,0.4,99,,,Pav,,23.3
,0.002,-0.011,G,15.3,0.8,0.4,71,,,Pav,Sb,23.0
2,0.014,0.109,G,15.8,0.6,0.5,70,,,Pav,SBbc,23.3
,-0.071,33.385,GPair,,1.2,,,,,Mic,,
,-0.036,32.793,G,15.0,1.3,0.8,83,,,Aqr,Sb,23.7
,0.119,-66.167,G,15.6,0.7,0.4,59,,,Pav,Sc,23.1
,-0.005,2.588,G,11.3,7.2,1.3,140,,,Pav,SBcd,23.2
,0.025,-1.939,G,13.2,2.1,0.7,57,,,Pav,Sa,23.9
,0.003,0.116,G,13.2,2.2,0.4,6,,,Pav,SBa,23.8
,-0.013,2.579,G,15.2,0.8,0.4,28,,,Pav,,23.5
3,-0.029,10.757,G,15.6,0.9,0.6,13,,,Ind,Sab,23.4
,0.059,-13.947,G,15.5,0.9,0.2,79,,,Pav,Sc,22.7
2,-0.046,14.567,G,12.4,2.7,1.9,120,,,Ind,S0-a,23.8
,0.010,-0.163,G,14.3,1.3,0.7,54,,,Ind,SBa,23.3
,-0.014,27.385,G,13.6,1.5,0.9,149,,,Mic,S0,24.1
,0.088,-43.300,G,15.2,0.7,0.3,30,,,Pav,Sab,22.7
1,-0.109,115.625,HII,,40.0,30.0,,,,Cyg,,
,0.162,-114.290,G,14.2,1.1,0.9,36,,,Pav,SBb,23.1
,-0.154,116.214,HII,8.0,60.0,50.0,,Pelican Nebula,,Cyg,,
,0.172,-117.045,G,13.3,3.2,0.6,17,,,Pav,Sc,23.2
,0.010,-0.345,G,15.6,0.8,0.4,107,,,Pav,,23.8
,0.024,0.300,G,14.9,1.2,0.9,50,,,Pav,SBc,23.8
,-0.039,9.535,G,14.6,0.7,0.5,168,,,Pav,Sc,22.7
,0.060,-8.715,G,14.6,1.1,0.5,148,,,Pav,Sab,23.0
,-0.151,119.264,RfN,,7.0,7.0,,,,Cyg,,
,0.222,-121.037,G,15.7,0.7,0.5,94,,,Pav,Sbc,23.4
,-0.106,56.823,G,12.7,3.2,0.6,86,,,Cap,Sc,23.4
1,0.001,36.032,G,15.3,0.5,0.4,45,,,Del,E,
2,0.021,-7.450,G,15.3,0.8,0.6,30,,,Equ,S0,
,0.090,-75.054,G,13.6,1.7,1.1,137,,,Pav,SBb,23.1
,0.070,-10.813,G,15.3,0.7,0.5,31,,,Pav,Sab,23.1
,-0.082,44.334,G,12.8,1.8,1.6,41,,,Mic,E-S0,23.8
,0.097,-44.005,G,15.0,1.5,0.4,95,,,Pav,SBb,23.7
,-0.082,50.895,G,14.5,1.4,1.1,96,,,Cap,S0-a,23.8
,0.025,19.016,G,16.1,0.6,0.3,28,,,Aqr,Sab,23.2
,0.010,1.830,G,14.5,0.8,0.3,17,,,Aqr,Sa,23.0
,0.102,-68.620,G,15.9,0.6,0.5,158,,,Pav,Sc,23.2
,-0.023,6.188,G,13.0,2.8,2.4,33,,,Pav,SBc,23.8
,0.042,-6.157,G,16.0,0.8,0.3,125,,,Pav,Sc,23.5
,-0.016,4.194,G,14.6,1.2,0.5,154,,,Pav,SBc,22.9
,-0.007,6.480,G,15.4,0.9,0.4,72,,,Pav,Sc,23.2
,0.016,-3.813,G,13.3,3.5,0.7,149,,,Pav,Sbc,23.7
2,0.058,-7.222,G,15.4,0.7,0.3,6,,,Pav,Sc,22.7
,-0.002,5.050,G,14.6,1.1,0.2,114,,,Pav,SBc,22.5
,0.003,0.097,G,13.3,1.1,0.9,2,,,Pav,SBc,22.7
,0.072,-7.474,G,14.8,1.1,0.5,113,,,Pav,S0,23.8
,0.050,-0.760,G,15.1,1.1,0.8,57,,,Pav,SBc,23.7
,-0.129,95.312,G,13.8,1.5,0.4,172,,,Peg,Sab,23.3
,0.048,-61.780,G,11.6,3.0,1.6,44,,,Mic,E,23.8
,0.071,-30.297,G,14.4,1.5,1.2,145,,,Pav,E-S0,23.4
,-0.006,5.099,G,15.2,1.0,0.4,4,,,Pav,Sc,23.2
,0.077,-6.924,G,15.1,1.1,0.4,104,,,Ind,SBc,23.2
,0.014,-1.452,G,14.7,0.9,0.7,168,,,Ind,E,23.4
,-0.050,14.110,G,13.3,1.4,1.0,52,,,Ind,Sc,23.2
,-0.042,62.476,G,15.1,0.8,0.7,2,,,Aqr,Sbc,23.2
3,0.046,9.290,G,15.8,0.7,0.4,109,,,Peg,Sbc,23.5
,0.102,-82.747,G,13.9,1.5,1.3,34,,,Ind,SBbc,23.3
,-0.076,115.580,PN,11.5,0.0,,,,,Cyg,,
,0.162,-115.980,G,15.5,1.2,0.3,45,,,Ind,Sc,23.5
,-0.138,93.221,G,15.3,0.8,0.2,153,,,Peg,Sa,23.0
2,0.097,-44.245,G,16.4,0.7,0.4,55,,,Cap,S0-a,24.1
,0.084,-50.014,G,14.5,1.5,0.6,17,,,Ind,SABb,23.3
,-0.082,49.994,G,16.6,0.5,0.2,134,,,Cap,S0-a,23.8
,0.032,-30.347,G,14.1,0.8,0.7,105,,,Ind,Sbc,22.2
,-0.022,46.428,G,15.7,0.4,0.3,10,,,Aqr,,
1,0.045,-32.622,G,14.1,1.0,0.6,128,,,Gru,S0-a,22.9
,0.076,-26.420,G,15.3,0.6,0.5,16,,,Ind,Sc,22.7
,0.044,-8.609,G,14.5,1.6,0.6,108,,,Ind,Sbc,23.4
,-0.050,39.113,G,12.3,1.6,1.5,36,,,PsA,E-S0,23.1
,-0.079,101.052,Neb,,,,,,,Cep,,
,0.002,0.013,Neb,,,,,,,Cep,,
,0.003,-0.078,Neb,,7.6,,,,,Cep,,
3,0.173,-135.057,G,14.1,1.2,0.8,125,,,Ind,SBb,22.9
,-0.049,37.959,G,13.4,2.2,1.0,32,,,PsA,E-S0,23.8
,0.064,-36.336,G,15.2,2.2,0.3,137,,,Ind,SBcd,24.0
,-0.016,7.837,G,13.5,1.5,1.2,25,,,Ind,Sbc,22.9
,0.034,-6.016,G,14.5,1.7,1.0,73,,,Ind,Sc,23.8
1,-0.019,80.547,G,15.5,0.8,0.6,92,,,Peg,E,23.8
,0.003,0.120,G,14.6,1.6,0.8,171,,,Peg,Sab,23.9
,-0.015,32.110,Cl+N,7.2,10.0,10.0,,Cocoon Nebula,,Cyg,,
,0.100,-112.717,G,15.1,1.6,0.7,29,,,Ind,Sc,24.1
,0.002,26.064,PN,11.0,2.3,,,,,Gru,,
,-0.010,11.972,G,14.4,1.4,0.5,31,,,PsA,Sa,23.4
1,-0.002,31.175,G,15.3,0.3,0.2,0,,,Peg,,
,0.064,-55.057,G,10.7,5.1,3.6,103,,,Ind,IAB,22.4
,-0.038,69.160,G,,0.2,0.1,65,,,Peg,,
,0.068,-83.976,G,15.8,0.9,0.6,4,,,Ind,Sm,23.9
1,-0.021,32.274,G,12.2,2.3,0.8,175,,,PsA,SBab,22.9
,0.003,-1.104,G,13.4,2.0,1.8,56,,,PsA,E,23.8
,0.050,-32.575,G,15.2,1.0,0.6,64,,,Ind,SBm,23.4
1,-0.056,78.442,G,15.5,0.9,0.5,21,,,Peg,S0,24.1
,0.043,-1.285,G,15.7,0.7,0.3,16,,,Peg,Sa,23.3
,0.040,-62.354,G,15.1,1.1,0.6,134,,,Ind,Sc,23.5
2,0.035,-11.864,G,14.8,1.5,0.5,43,,,Tuc,Sab,23.8
2,-0.023,36.722,G,15.6,1.3,0.4,141,,,PsA,SBc,23.8
,0.023,-8.233,G,14.3,2.0,0.9,24,,,PsA,S0-a,24.0
,0.039,-11.133,G,13.3,1.9,0.8,26,,,Gru,SBa,23.1
,-0.026,1.141,G,13.5,0.7,0.5,153,,,Gru,SABb,21.3
,-0.017,58.899,G,15.9,0.7,0.2,87,,,Peg,Sbc,23.1
,0.080,-82.184,GPair,,2.8,,,,,Ind,,
,-0.033,31.195,G,15.0,0.8,0.7,149,,,Gru,SBbc,23.0
,0.001,0.044,G,14.6,1.6,0.5,87,,,Gru,Sab,23.8
,0.036,-28.722,G,13.6,4.5,0.6,28,,,Tuc,Sbc,24.0
,-0.056,78.645,G,15.2,0.8,0.4,9,,,Peg,SBb,23.0
,0.016,-34.750,G,14.7,1.0,0.6,91,,,Aqr,SBc,23.1
,0.060,-13.890,G,12.0,1.0,0.5,61,,,Gru,Sbc,20.9
,-0.082,75.771,G,14.7,1.4,1.2,146,,,Lac,E,24.2
,0.036,-84.945,G,11.5,2.6,0.9,73,,,Gru,S0,23.2
,0.045,-19.437,G,15.3,0.8,0.6,136,,,Tuc,Sd,23.2
2,0.027,-0.402,G,14.9,0.6,0.5,70,,,Tuc,Sc,22.2
,0.018,29.055,G,11.9,2.1,1.4,92,,,Gru,Sb,22.6
,-0.008,-22.805,G,14.7,0.6,0.6,16,,,Tuc,Sc,22.3
,0.002,-0.034,G,13.8,1.3,1.1,9,,,Tuc,SABc,22.9
1,0.010,-0.242,G,14.9,0.9,0.7,127,,,Tuc,SBbc,23.1
,-0.066,97.183,G,14.9,1.1,0.2,65,,,Lac,S0-a,23.6
,0.003,-0.029,G,16.4,0.5,0.3,162,,,Lac,,23.8
,0.008,-0.028,G,15.5,0.8,0.7,178,,,Lac,E,23.6
2,0.074,-102.648,G,15.4,1.5,0.3,100,,,Tuc,Sc,23.8
,-0.006,5.269,G,15.0,1.1,0.6,34,,,Tuc,SBb,23.4
1,-0.004,22.602,G,14.9,1.9,0.3,153,,,Gru,Sb,23.7
,0.045,-28.232,G,16.0,0.7,0.4,124,,,Tuc,Sc,23.4
,-0.022,19.730,G,11.4,6.7,2.9,22,,,Gru,Sc,23.5
,0.033,-19.767,G,14.7,1.6,0.6,128,,,Tuc,SBc,23.6
,-0.006,6.030,G,14.8,1.1,0.7,12,,,Tuc,Sc,23.3
1,0.004,-0.014,G,16.0,0.6,0.4,20,,,Tuc,Sc,23.3
,0.021,-7.071,G,15.3,1.0,0.6,29,,,Tuc,SBbc,23.5
,-0.009,6.293,G,15.2,1.2,0.7,178,,,Tuc,SABc,23.8
,0.018,-4.662,G,14.8,1.9,0.3,62,,,Tuc,S0-a,24.7
,-0.024,27.234,G,15.6,0.7,0.5,127,,,Gru,Sc,23.2
,-0.011,19.123,G,14.1,1.1,0.9,80,,,Aqr,E-S0,23.1
,0.004,-0.010,G,14.7,0.8,0.6,158,,,Aqr,Sa,22.8
,0.013,-19.158,G,14.7,1.0,0.6,40,,,Gru,Sb,23.0
,0.026,-22.439,G,15.8,0.7,0.4,131,,,Tuc,Sc,23.3
1,0.031,-5.505,G,15.7,0.7,0.5,180,,,Tuc,Sc,23.3
1,-0.050,116.949,PN,11.3,0.1,,,,,Lac,,
,0.069,-111.362,G,15.1,1.3,0.5,22,,,Tuc,SBbc,23.7
,0.011,-5.499,G,16.0,0.9,0.6,16,,,Tuc,Scd,23.9
,-0.012,6.171,G,15.1,1.2,0.4,112,,,Tuc,Sc,23.2
,0.016,-6.182,G,15.9,0.5,0.4,59,,,Tuc,Sc,23.0
,0.016,0.244,G,12.8,2.0,0.9,92,,,Tuc,SBbc,23.1
,-0.003,73.650,G,15.8,0.7,0.3,4,,,Peg,Sa,23.3
,0.012,-53.985,G,14.3,1.6,0.4,165,,,Gru,Sab,23.3
1,0.034,20.334,G,13.4,2.0,1.5,35,,,PsA,Sb,23.4
,0.026,-39.036,G,14.0,1.2,0.9,176,,,Tuc,SBab,22.9
1,0.013,3.317,G,15.1,0.6,0.5,70,,,Tuc,Sbc,22.8
,0.013,-0.167,G,15.2,1.1,0.4,43,,,Tuc,Sc,23.3
,-0.027,84.887,G,15.1,0.7,0.6,65,,,Peg,S0-a,23.1
,0.060,-92.211,G,15.4,0.7,0.5,3,,,Ind,Sc,23.1
,-0.018,94.635,G,14.8,0.9,0.8,16,,,Peg,Sbc,23.3
,0.061,-91.588,G,15.3,1.2,0.5,147,,,Tuc,S0-a,24.3
,0.020,-0.755,G,12.4,0.6,0.3,84,,,Tuc,S0-a,20.0
,0.002,-0.038,G,15.4,0.8,0.6,64,,,Tuc,S0,23.8
1,-0.000,5.860,G,15.8,0.7,0.4,63,,,Tuc,Sc,23.4
,-0.173,22.731,G,15.3,1.3,0.6,53,,,Gru,E,24.7
,0.179,-6.740,G,11.7,3.2,2.2,96,,,Gru,SBa,23.8
,-0.004,47.407,G,14.9,0.9,0.7,174,,,Aqr,SBc,23.2
,-0.006,20.767,G,14.7,0.8,0.7,174,,,Peg,Sab,23.1
,0.002,-0.032,G,14.5,0.7,0.6,16,,,Peg,Sbc,22.8
,0.047,-87.418,G,13.7,2.9,0.5,174,,,Tuc,Sb,23.6
,0.012,-1.315,G,15.1,0.8,0.7,114,,,Tuc,S0-a,23.4
,0.029,0.460,G,14.7,1.0,0.7,154,,,Tuc,Sc,23.2
,0.003,-0.376,G,15.0,1.4,0.4,124,,,Tuc,Sb,23.6
1,0.004,0.442,G,14.4,4.4,0.4,12,,,Tuc,SBcd,24.1
,0.004,-0.227,GPair,,3.5,,,,,Tuc,,
1,0.013,-3.844,G,13.8,1.3,0.8,173,,,Ind,SBbc,22.7
,-0.044,90.711,G,15.5,0.9,0.4,164,,,Peg,S0-a,24.1
,0.009,-0.682,G,15.6,0.7,0.3,80,,,Peg,Sc,23.0
1,0.062,-89.817,G,14.4,1.2,0.5,17,,,Ind,SBd,23.0
,0.042,1.271,G,15.2,0.7,0.5,18,,,Ind,Sbc,22.9
,-0.012,90.501,G,14.1,1.0,0.6,102,,,Peg,E-S0,23.0
,0.062,13.591,G,14.7,1.1,0.8,79,,,Lac,Sc,23.3
1,-0.014,-57.035,G,13.9,1.4,1.3,21,,,Aqr,SBc,23.2
,0.015,-13.525,G,13.2,1.4,0.7,179,,,PsA,S0-a,23.3
,0.048,-35.164,G,14.2,1.6,0.7,147,,,Ind,S0-a,23.9
,-0.022,32.498,G,13.3,2.4,0.5,80,,,Gru,Sab,23.1
1,0.024,-28.576,G,14.7,1.9,0.5,33,,,Tuc,Sb,23.9
,-0.018,21.734,G,10.4,5.6,4.1,138,,,Gru,S0-a,23.8
1,0.008,7.370,G,12.2,1.8,0.8,51,,,PsA,S0,23.2
,0.003,0.168,G,12.9,3.3,1.8,105,,,PsA,SBc,23.7
,0.002,2.116,G,11.5,3.0,1.2,140,,,PsA,Sb,22.8
,0.025,-31.452,G,14.8,1.1,0.8,33,,,Tuc,Sm,23.4
,-0.001,27.491,G,11.4,3.1,2.0,46,,,Gru,SBc,23.4
,-0.017,56.622,G,15.2,0.9,0.8,109,,,Peg,S0,23.7
1,0.004,-0.099,G,15.1,0.8,0.3,45,,,Peg,S0-a,23.5
,0.055,-84.018,G,15.3,0.6,0.5,41,,,Tuc,Sc,22.8
,-0.029,57.019,G,15.5,1.2,0.4,88,,,Aqr,Sd,23.6
,0.047,-61.031,G,14.3,0.8,0.7,32,,,Ind,Sa,22.5
,0.013,4.002,G,15.1,1.3,0.5,4,,,Tuc,Sab,23.8
1,-0.017,87.082,G,15.1,1.1,0.5,174,,,Peg,Sc,23.7
,0.008,-12.980,G,13.9,1.1,0.6,105,,,Peg,Sc,23.2
,0.058,10.228,G,14.8,1.1,0.4,140,,,Peg,Sa,23.4
,0.003,3.814,G,13.0,1.3,0.7,88,,,Peg,S0-a,23.2
,0.049,-91.189,G,16.2,1.0,0.2,114,,,Ind,Sc,23.6
,-0.009,69.010,G,14.8,0.9,0.4,40,,,Psc,SBb,23.2
,0.040,-68.851,G,14.8,0.9,0.8,84,,,Ind,S0,23.3
,-0.008,35.640,GPair,,0.7,,,,,Scl,,
,0.027,8.985,G,13.6,1.1,0.7,67,,,Aqr,Sa,22.4
,0.013,32.711,G,15.7,0.3,0.3,165,,,Peg,,22.1
,0.002,4.446,G,15.3,0.7,0.6,90,,,Peg,Sc,23.1
,0.016,11.453,G,15.8,0.7,0.5,167,,,Peg,,23.7
1,0.012,-0.021,G,16.0,0.6,0.6,46,,,Peg,Sc,23.6
,0.004,-0.025,G,15.5,0.8,0.5,37,,,Peg,Sb,23.4
,0.004,-0.070,G,15.9,0.6,0.6,151,,,Peg,,23.4
,0.001,0.532,G,14.9,0.8,0.7,161,,,Peg,SBc,23.2
,0.005,-4.701,G,,0.4,0.2,20,,,Peg,,
,0.004,-0.028,G,15.6,0.8,0.5,130,,,Peg,S0,23.9
,0.041,-90.390,G,15.4,1.1,0.6,87,,,Ind,Sc,23.7
,0.010,4.994,G,15.0,1.2,0.4,24,,,Tuc,S0,24.1
1,-0.012,54.309,G,14.3,1.5,0.9,18,,,Aqr,E-S0,24.0
,-0.013,20.559,G,15.6,0.4,0.2,120,,,Peg,Sa,
,0.001,-0.054,G,14.0,0.7,0.3,83,,,Peg,Sab,21.4
,0.003,-0.010,G,17.1,0.3,0.3,40,,,Peg,,23.2
1,0.014,-2.127,G,13.6,1.3,0.6,25,,,Psc,Sb,23.1
,0.027,-30.258,G,15.4,0.5,0.4,7,,,Aqr,S0,22.6
1,0.003,41.467,G,15.0,0.3,0.3,105,,,Peg,Sb,21.4
1,0.002,-0.007,G,15.6,0.7,0.7,5,,,Peg,E,23.6
,0.003,6.074,G,14.6,0.9,0.8,136,,,Peg,E,23.4
,0.010,-4.182,G,16.2,0.6,0.4,118,,,Peg,,23.8
,0.026,-0.039,G,15.0,0.8,0.6,5,,,Peg,S0,23.3
1,0.023,-7.167,G,15.8,0.7,0.6,1,,,Peg,E-S0,23.8
,0.059,-81.757,G,15.2,0.6,0.6,113,,,Tuc,S0,22.9
,-0.034,49.804,G,14.0,1.3,0.8,46,,,Aqr,SBab,23.0
,0.036,-49.805,G,15.3,0.8,0.5,77,,,Tuc,S0,23.2
,-0.015,-0.054,G,14.1,1.6,1.0,32,,,Tuc,S0-a,23.7
,0.012,-0.006,G,14.0,1.3,1.1,34,,,Tuc,E,23.2
,0.007,26.488,G,11.3,2.9,2.6,8,,,Phe,Sbc,22.8
,0.014,12.502,G,15.1,1.0,0.5,116,,,Scl,Sb,23.2
1,0.062,-16.185,G,11.4,3.0,1.8,41,,,Phe,E,23.5
,-0.002,66.253,G,15.6,1.4,0.3,109,,,Peg,Sc,23.8
1,0.004,-0.107,G,15.0,1.2,0.4,17,,,Peg,Sab,23.6
,0.017,-57.231,G,10.0,6.1,5.8,0,,,Scl,SABc,23.9
1,0.003,31.567,G,14.3,1.9,0.6,125,,,Aqr,Sbc,23.4
,0.019,-62.863,G,15.1,1.1,0.5,137,,,Tuc,S0,24.0
,0.009,88.495,GPair,,0.9,,,,,Peg,,
,0.002,0.053,G,14.7,1.0,0.3,2,,,Peg,Sbc,23.3
,0.001,-0.005,G,13.7,1.3,0.9,26,,,Peg,E,24.4
,0.027,-89.588,G,14.7,1.1,0.9,106,,,Tuc,E-S0,23.5
1,0.006,95.427,G,15.7,0.2,0.2,25,,,Peg,E,21.5
,0.003,0.026,G,15.4,0.8,0.6,26,,,Peg,E,23.8
,0.012,-49.508,G,14.2,0.9,0.7,15,,,Aqr,Sm,22.4
1,0.003,0.084,G,14.2,0.7,0.5,155,,,Aqr,Sa,22.7
,0.026,47.363,G,15.9,0.6,0.3,98,,,Peg,,23.8
,0.009,-0.064,G,15.9,0.7,0.6,112,,,Peg,,23.9
1,0.079,-52.891,GPair,,1.1,,,,,Scl,,
,0.014,0.047,G,13.7,1.0,0.8,55,,,Scl,E-S0,23.4
,0.002,25.645,G,14.6,1.7,0.8,40,,,Psc,E,24.6
,-0.000,0.032,G,16.6,0.5,0.3,66,,,Psc,S0,23.6
,0.002,-25.828,G,13.1,1.8,1.0,128,,,Scl,E-S0,23.9
,0.000,-0.027,G,15.0,0.9,0.6,65,,,Scl,E,23.6
,-0.003,60.919,G,14.3,1.0,0.8,11,,,And,SBc,23.0
,0.002,-35.134,G,15.0,1.0,0.5,42,,,Psc,Sa,23.4
,-0.000,0.050,G,14.0,1.6,0.9,154,,,Psc,E-S0,23.7
,0.006,-25.840,G,12.6,1.5,1.0,114,,,Scl,E,23.4
,-0.002,25.824,G,15.7,1.2,0.3,139,,,Psc,Sc,23.7
2,0.066,-26.048,G,12.8,1.6,1.4,40,,,Scl,S0,23.5
1,0.080,-0.658,GPair,,1.5,,,,,Scl,,
2,0.037,51.472,G,16.8,0.6,0.4,52,,,Peg,Sab,23.6
1,0.020,10.253,G,15.2,0.9,0.5,86,,,And,S0-a,23.6
,-23.994,0.036,G,14.8,0.8,0.7,115,,,And,S0-a,23.1
,0.001,0.094,G,15.7,0.5,0.5,147,,,And,,23.2
,0.001,-0.039,G,15.6,0.4,0.3,10,,,And,,
,0.003,-0.011,G,15.1,0.7,0.5,154,,,And,Sb,22.9
,0.010,-28.282,G,15.4,0.7,0.6,16,,,Psc,Sc,23.3
,-0.000,0.041,G,15.2,0.9,0.5,1,,,Psc,Sab,23.5
,0.004,29.985,G,14.6,1.6,0.4,4,,,And,Sab,23.8
,0.013,-17.936,G,15.6,0.9,0.5,0,,,Peg,IAB,23.6
,0.009,0.058,GPair,,1.5,,,,,Peg,,
,0.001,-0.048,G,15.7,0.6,0.3,65,,,Peg,Sc,23.0
,0.002,-82.787,G,15.5,0.8,0.4,132,,,Tuc,Sab,23.3
,0.006,82.153,G,14.8,1.2,0.4,52,,,Peg,SABa,23.4
,0.004,-81.163,G,15.3,0.8,0.8,29,,,Tuc,Sbc,23.6