,0.121,27.708,G,12.9,1.6,1.1,112,,
,0.000,-0.030,G,14.2,0.9,0.5,110,,
,0.000,-19.376,G,13.4,1.0,0.6,112,,
,0.002,0.072,G,16.4,0.5,0.2,32,,
,0.007,26.988,G,14.6,1.0,0.6,111,,
,0.029,-2.053,G,14.4,1.7,1.3,141,,
,-0.020,-63.224,G,13.8,2.5,0.5,23,,
1,0.010,53.732,G,14.6,0.7,0.3,149,,
,-0.006,-57.675,G,12.5,2.4,1.3,30,,
,0.002,71.306,G,14.4,1.4,0.2,111,,
,0.001,-32.835,G,13.2,1.5,1.2,127,,
,0.001,28.820,G,14.1,2.3,0.6,54,,
,-0.001,-17.617,G,12.4,1.5,1.0,23,,
,0.005,5.809,G,15.1,1.1,0.6,30,,
,0.000,6.104,G,12.0,1.7,0.8,17,,
,0.034,-39.836,G,13.5,1.1,0.4,32,,
1,-0.007,45.090,G,13.8,1.2,0.6,41,,
1,0.002,0.370,G,13.4,1.4,0.6,150,,
,-0.017,-5.521,G,14.8,1.2,0.7,155,,
,0.002,-1.908,G,12.0,1.6,1.2,175,,
,0.001,-50.887,G,11.5,6.2,2.4,44,,
,0.000,-32.058,G,15.5,1.4,1.1,84,,
,0.008,82.853,G,13.8,1.1,0.8,102,,
,0.002,3.164,G,14.4,1.2,0.5,118,,
,-0.002,-85.985,G,15.8,0.9,0.8,45,,
2,0.003,0.003,G,14.6,1.2,0.5,2,,
3,0.009,44.965,G,14.9,0.8,0.6,138,,
,0.004,18.410,G,14.4,2.1,1.3,15,,
,-0.000,-63.346,G,14.9,1.1,0.7,30,,
,0.006,51.371,G,14.3,1.1,1.1,170,,
,0.009,36.647,G,14.3,1.1,1.0,87,,
,0.012,41.461,PN,11.9,0.8,,,Bow-Tie nebula,
,-0.004,-50.499,G,14.5,0.9,0.5,125,,
,0.003,0.077,G,15.1,0.9,0.5,114,,
,0.001,8.815,G,13.9,1.4,1.2,100,,
1,0.017,-54.097,G,10.4,6.2,4.4,159,,
1,0.008,16.015,G,13.5,1.4,1.1,85,,
,-0.008,55.402,G,14.9,1.3,0.6,15,,
,0.006,0.012,G,15.2,0.9,0.6,161,,
,0.006,-55.592,G,12.8,2.0,1.2,154,,
,-0.003,55.601,G,14.4,1.4,0.8,32,,
,0.001,-29.674,G,14.3,2.3,0.6,126,,
,0.001,-78.911,G,12.6,1.5,0.9,178,,
,0.007,53.222,G,14.3,1.4,0.5,93,,
,-0.004,-32.090,G,8.5,29.9,3.0,101,,
1,0.011,56.526,G,11.7,2.1,1.6,47,,
1,-0.002,-38.773,G,12.4,2.4,1.2,121,,
,0.009,21.140,G,14.9,1.0,0.7,29,,
,0.007,-6.015,GPair,,1.5,,,,
,0.012,-7.168,G,14.3,1.0,0.7,125,,
,0.011,24.937,G,12.5,1.7,1.0,108,,
,-0.004,-18.275,G,14.1,1.4,0.9,35,,
,0.024,-16.055,G,14.7,1.0,0.8,168,,
,0.002,-0.056,G,14.1,1.2,0.5,35,,
,-0.015,52.992,G,16.5,0.5,0.3,111,,
,0.002,0.016,G,14.4,1.3,1.2,45,,
,0.001,-0.032,G,14.7,0.6,0.4,5,,
,0.000,0.040,G,14.5,1.7,1.4,3,,
,0.001,-0.017,G,14.1,1.9,1.5,109,,
,0.001,-0.022,G,13.6,1.2,1.1,85,,
,0.003,-45.363,G,14.4,1.7,1.0,145,,
,0.003,45.384,G,15.6,0.8,0.3,131,,
,0.010,-23.613,G,14.6,1.8,1.8,70,,
,0.003,23.485,G,14.1,1.3,1.0,78,,
,0.007,-52.466,G,15.9,0.5,0.4,150,,
,0.007,23.362,GPair,,1.9,,,,
,0.010,21.737,G,15.2,0.8,0.7,140,,
,0.002,-0.210,G,12.3,1.8,1.6,5,,
,0.001,0.026,G,16.4,0.4,0.3,88,,
1,0.002,0.051,G,12.6,1.2,1.1,112,,
1,0.001,0.078,G,15.8,0.7,0.6,156,,
,0.001,0.044,G,14.8,0.8,0.3,8,,
,-0.004,-71.184,G,14.3,0.9,0.7,6,,
,0.002,-0.012,G,14.4,0.8,0.5,146,,
,0.001,-0.025,G,13.5,1.2,0.6,140,,
,0.007,71.065,G,13.8,1.0,0.8,120,,
1,-0.005,-71.025,G,13.2,1.6,0.8,150,,
,0.009,71.033,G,13.3,1.3,0.7,50,,
,0.002,0.075,G,15.4,0.5,0.3,20,,
,0.000,-11.991,G,12.6,1.5,1.1,85,,
,0.002,12.054,G,15.5,0.7,0.6,130,,
,0.003,7.199,G,13.4,1.3,1.2,25,,
,0.005,-75.014,G,12.7,1.6,1.4,65,,
,0.020,61.039,G,13.8,1.1,0.9,46,,
,0.001,0.716,G,13.2,3.5,0.5,56,,
,-0.002,-49.022,G,12.8,1.9,1.8,80,,
,0.011,18.580,G,14.4,0.9,0.6,126,,
,0.011,75.279,OCl,9.8,2.7,,,,
,-0.020,-133.404,GCl,4.1,31.8,,,47 Tuc Cluster,
,0.020,84.965,G,13.2,0.8,0.7,170,,
,-0.009,-18.033,G,14.5,0.9,0.7,84,,
,0.016,-3.134,G,15.0,0.8,0.5,179,,
,0.005,37.495,G,13.3,1.7,1.1,63,,
,0.004,-7.405,G,13.7,1.1,0.8,83,,
,0.020,49.585,OCl,,3.9,,,,
1,-0.010,-39.689,G,14.4,1.0,0.5,107,,
,0.002,-34.204,G,14.0,1.2,1.0,172,,
,0.001,0.715,G,14.7,1.0,0.8,171,,
,-0.004,-31.891,G,13.7,2.1,0.7,122,,
,0.005,26.009,G,14.7,1.1,0.5,98,,
,0.002,9.002,G,15.4,1.0,0.5,101,,
,0.002,-3.114,G,14.8,0.8,0.6,58,,
,-0.006,-55.198,G,15.7,1.2,1.1,30,,
,0.009,55.465,G,14.6,1.5,0.5,73,,
,-0.011,-70.023,GCl,11.2,3.8,3.1,80,,
2,0.018,69.726,G,13.7,1.3,0.7,168,,
,0.016,4.649,G,12.3,1.4,1.2,60,,
,0.005,-0.028,G,15.5,0.7,0.6,111,,
,0.001,0.062,G,15.3,0.9,0.4,75,,
,0.001,-0.009,G,11.6,3.2,0.9,1,,
,0.011,57.347,OCl,6.5,5.4,,,,
,-0.011,-57.341,G,14.8,0.7,0.4,44,,
,0.006,-36.130,G,13.2,1.8,0.7,62,,
,0.009,35.353,G,13.7,1.6,1.1,38,,
,0.018,61.260,OCl,9.4,2.1,,,,
,-0.015,-96.597,G,10.3,8.4,1.8,50,,
,0.023,19.907,G,15.0,0.7,0.3,14,,
,-0.004,74.846,OCl,,3.3,,,,
,-0.009,-51.301,G,12.8,1.4,1.4,30,,
,0.000,-5.048,G,14.7,1.2,0.6,175,,
,0.002,-0.081,G,15.4,0.8,0.4,0,,
,0.004,25.714,G,14.2,0.9,0.8,43,,
,-0.000,-25.613,G,15.3,0.9,0.6,165,,
,-0.003,-27.799,G,14.6,1.0,0.4,104,,
,0.002,0.059,G,15.3,1.1,0.3,21,,
,0.001,-0.086,G,14.4,0.8,0.8,10,,
,0.007,17.493,G,12.8,1.8,1.4,116,,
,0.022,68.462,OCl,9.1,3.6,,,,
,0.002,-14.800,G,9.7,9.4,5.4,26,,
,0.018,-80.295,G,12.2,2.0,0.7,90,,
,-0.007,62.509,G,15.0,0.9,0.5,153,,
,0.007,-58.527,G,11.4,3.5,1.6,117,,
,-0.004,18.099,G,11.7,3.7,2.3,76,,
,-0.019,-63.415,OCl,12.3,3.0,3.0,,,
1,0.024,60.464,G,15.2,1.0,0.9,79,,
,0.006,1.890,G,14.2,1.5,1.3,170,,
1,0.002,2.370,G,13.1,3.7,1.9,28,,
1,-0.003,-47.394,G,14.9,1.4,0.6,96,,
,0.024,79.748,G,12.7,2.0,0.9,46,,
,-0.008,-26.807,G,14.4,1.4,0.7,22,,
1,0.007,-7.273,G,12.7,1.4,1.3,75,,
,0.009,12.872,G,15.9,0.5,0.5,70,,
,-0.001,-12.856,G,13.2,1.6,1.1,72,,
,-0.011,-3.505,G,15.2,0.9,0.3,149,,
,-0.007,-9.764,G,14.3,1.0,0.5,171,,
,0.021,0.782,G,14.9,1.3,0.3,27,,
,0.003,46.584,G,13.1,1.5,0.7,93,,
,-0.001,-22.105,G,15.4,0.7,0.5,82,,
,0.010,-21.820,G,12.2,2.1,1.3,102,,
,-0.003,-2.653,G,13.5,2.0,0.4,14,,
,0.000,24.529,G,13.4,2.1,1.5,94,,
,-0.004,-31.420,G,13.8,1.6,0.7,150,,
1,-0.017,-43.688,OCl,13.0,1.2,1.2,,,
,0.027,50.617,G,14.2,2.1,0.5,10,,
,0.026,8.376,G,12.6,2.1,0.6,4,,
,-0.022,-3.676,G,13.2,1.1,1.0,111,,
,0.003,26.484,G,14.2,2.2,1.5,163,,
,0.007,20.838,G,15.5,0.9,0.2,152,,
,-0.003,-26.744,G,12.6,1.9,1.3,78,,
,0.004,26.782,G,12.7,1.0,0.8,129,,
,0.002,-0.063,G,15.5,0.7,0.3,8,,
,0.006,18.889,G,9.2,12.9,10.8,38,,
,-0.009,-45.171,G,14.7,1.4,0.8,25,,
,0.018,-17.822,G,14.0,1.5,0.5,149,,
,0.133,99.926,OCl,8.1,17.7,,,,
,-0.131,-24.176,OCl,8.8,2.7,,,,
,-0.011,-54.034,GPair,,1.1,,,,
,0.001,-16.063,G,13.8,1.0,0.7,100,,
,0.004,9.867,G,12.6,2.1,0.8,165,,
,0.001,2.467,G,12.3,2.1,1.4,55,,
,0.000,-0.294,G,12.1,1.7,1.5,42,,
,0.005,-12.232,G,13.4,1.2,0.7,68,,
,-0.005,10.108,G,13.5,1.3,0.9,10,,
,0.000,-0.021,G,13.5,0.9,0.7,35,,
,0.001,1.906,G,13.1,1.3,1.2,35,,
,0.003,0.341,G,14.6,1.1,0.7,160,,
,0.001,-0.252,G,12.7,1.8,1.0,163,,
,-0.000,-2.027,G,13.0,1.7,1.3,146,,
,0.001,2.676,G,15.4,1.0,0.3,153,,
,-0.000,-0.093,G,14.9,1.0,0.3,85,,
,0.001,-0.143,G,13.0,1.4,1.1,22,,
,0.011,38.385,G,8.2,16.2,9.6,170,,
1,-0.012,-55.922,G,14.7,0.9,0.5,84,,
,0.011,16.993,G,15.4,0.8,0.7,137,,
,-0.021,-21.364,G,14.1,1.1,1.0,6,,
,0.025,4.735,G,11.1,5.0,3.0,163,,
1,-0.006,-42.280,G,15.4,1.9,1.4,122,,
,0.016,72.622,G,14.7,1.4,1.1,100,,
,0.005,9.030,G,12.2,1.9,1.3,42,,
,-0.011,-81.713,G,14.1,1.1,0.9,118,,
,0.011,35.169,G,13.2,1.4,0.6,27,,
,0.002,11.024,G,12.1,3.2,0.7,113,,
,0.083,46.347,G,13.5,1.3,0.7,46,,
,-0.073,-35.421,G,15.2,0.6,0.5,177,,
,-0.028,-74.309,OCl,14.4,1.2,1.2,,,
,0.037,114.269,G,8.1,7.7,4.9,170,,
,-0.033,-114.251,OCl,12.6,1.2,1.2,,,
,0.025,74.231,G,14.3,1.2,0.8,63,,
,0.008,40.424,G,3.4,177.8,69.7,35,Andromeda Galaxy,
,0.015,20.498,OCl,7.0,4.2,,,,
,-0.012,-29.186,G,14.4,0.8,0.8,130,,
,-0.005,-34.110,G,12.2,1.9,1.4,156,,
,0.005,25.032,G,14.8,0.9,0.8,145,,
,0.003,0.006,G,14.6,1.1,0.5,98,,
,-0.010,-47.138,G,15.6,1.3,0.3,44,,
,-0.023,-49.723,OCl,12.9,1.8,1.8,,,
,0.028,49.791,G,14.5,1.0,0.7,17,,
,0.014,54.148,G,13.8,1.2,1.1,120,,
,-0.001,-16.244,G,13.4,1.6,1.2,75,,
,-0.011,-37.886,GPair,,2.0,,,,
,0.009,26.501,G,14.4,1.1,1.0,55,,
,0.000,-3.083,G,13.6,1.3,0.8,174,,
,-0.000,-50.058,G,12.5,2.0,1.6,100,,
,0.020,46.424,G,14.3,0.9,0.4,10,,
,0.007,9.872,G,14.7,1.4,1.3,105,,
,-0.026,-79.553,OCl,,0.9,0.9,,,
,0.001,-0.006,OCl,12.1,0.8,0.8,,,
,0.041,103.405,G,14.5,0.9,0.5,151,,
,-0.004,-45.556,G,13.8,1.0,1.0,25,,
,0.005,13.874,G,12.3,1.2,1.1,135,,
,0.016,-10.149,PN,10.9,4.1,,,,
,0.002,-8.888,G,9.2,19.7,5.5,167,,
,-0.029,-52.620,Cl+N,,1.4,1.1,110,,
,0.002,0.300,HII,13.8,1.1,0.7,0,,
,0.029,80.990,G,14.8,1.3,0.7,156,,
,0.010,11.687,G,12.6,1.7,1.0,99,,
,0.002,8.027,G,12.5,1.6,1.2,82,,
,-0.007,-52.912,G,11.1,26.8,4.6,53,Sculptor Filament,
,-0.002,-6.134,G,11.7,2.8,1.8,133,,
,0.005,19.953,G,11.9,2.0,1.9,7,,
,-0.031,-62.038,OCl,12.5,0.9,0.9,,,
,0.035,81.804,G,12.6,1.8,1.3,99,,
,0.004,19.360,G,15.2,0.5,0.4,115,,
,-0.003,-30.432,G,13.7,2.9,1.1,140,,
,0.009,30.467,G,14.3,0.8,0.7,34,,
,-0.036,-100.796,Neb,13.0,1.3,1.1,110,,
,0.039,105.061,G,14.4,1.2,0.6,40,,
,0.000,-45.064,G,15.1,0.8,0.4,48,,
,-0.007,-25.127,G,14.5,1.3,0.5,111,,
,-0.020,-35.243,OCl,12.2,1.2,1.2,,,
,0.044,105.755,G,11.8,2.9,2.8,95,,
,-0.029,-105.552,OCl,,2.0,1.7,170,,
,0.035,68.080,G,13.0,1.4,0.9,93,,
,-0.030,-68.338,OCl,12.6,1.2,1.2,,,
,0.036,64.880,G,13.8,1.8,1.2,29,,
,0.003,6.742,G,13.2,2.4,1.3,131,,
,0.012,37.732,OCl,,,,,,
,-0.010,-42.708,G,12.9,2.0,0.5,105,,
,0.004,-0.171,G,13.4,1.3,1.1,158,,
,0.000,-0.010,G,12.4,1.8,1.4,79,,
,0.017,-15.613,G,15.8,1.1,0.4,88,,
,-0.013,14.083,G,14.4,1.3,1.1,91,,
,0.013,56.148,G,10.8,2.4,2.3,30,,
,0.001,-49.769,G,14.0,1.4,1.1,167,,
,0.006,26.569,G,14.6,1.0,0.7,89,,
,0.008,32.271,HII,,35.0,30.0,,,
,-0.005,-25.983,G,14.6,1.2,1.0,50,,
,0.009,-43.803,G,15.4,1.1,0.6,0,,
,0.003,0.005,G,15.9,0.6,0.6,142,,
,0.002,-0.002,G,16.1,0.8,0.7,36,,
,-0.000,0.048,G,15.3,0.9,0.4,179,,
,-0.001,45.595,G,14.7,0.8,0.6,16,,
,-0.011,-59.072,GCl,8.1,9.6,,,,
,-0.002,-4.616,G,11.2,3.4,2.5,129,,
,-0.024,-41.956,OCl,11.7,1.1,1.1,,,
,0.038,64.394,G,14.6,1.0,0.5,55,,
,-0.013,-64.061,G,2.3,299.9,179.9,45,Small Magellanic Cloud,
,0.025,65.594,G,15.1,1.1,0.6,15,,
,-0.019,-66.145,OCl,12.2,1.7,1.7,,,
,0.107,105.178,G,15.0,0.6,0.5,65,,
,-0.073,-0.256,G,12.3,2.2,0.9,164,,
,-0.003,-38.892,G,16.9,0.3,0.3,101,,
,0.001,0.017,G,16.5,1.5,0.5,92,,
,-0.027,-64.864,OCl,11.7,0.9,0.9,,,
,0.025,34.513,G,8.7,19.4,13.1,114,,
,0.023,27.010,G,15.6,0.6,0.6,80,,
1,-0.023,-5.981,G,15.3,0.7,0.3,160,,
,0.020,40.782,G,12.7,1.2,0.8,175,,
1,-0.031,-96.369,OCl,12.1,1.1,1.1,,,
,0.038,70.470,G,12.8,1.6,0.7,79,,
1,0.003,-8.142,G,12.2,2.2,1.9,100,,
1,0.014,40.195,G,13.0,1.4,0.7,118,,
,-0.021,-83.064,G,12.4,1.8,1.4,65,,
1,0.010,20.820,G,14.4,1.0,0.8,170,,
,0.016,62.315,G,11.6,2.9,2.1,45,,
1,-0.003,13.444,GPair,,1.8,,,,
,0.007,-13.370,G,15.3,0.6,0.3,5,,
,-0.019,-74.265,G,14.3,1.0,0.7,33,,
,0.031,22.999,G,14.6,0.9,0.5,156,,
,-0.019,15.754,G,15.8,0.5,0.3,103,,
,-0.008,-38.641,G,14.3,1.1,0.6,154,,
,-0.008,-9.249,G,12.5,1.8,1.5,166,,
,0.009,12.017,G,12.8,1.5,0.6,95,,
,0.009,35.847,G,14.9,1.2,0.2,90,,
,0.010,31.977,GPair,,1.0,,,,
,-0.008,-31.995,G,13.4,1.4,0.6,2,,
,-0.016,-47.794,G,14.1,2.5,0.7,103,,
,0.018,47.853,G,13.3,1.6,0.6,10,,
,-0.029,-67.392,OCl,9.6,2.8,2.5,120,,
,-0.153,69.732,G,15.5,1.0,0.6,127,,
,0.195,9.842,G,14.8,1.4,1.3,155,,
,0.001,-23.581,GPair,,1.5,,,,
,-0.000,-18.646,G,14.6,1.1,0.7,178,,
,0.008,16.881,G,15.2,1.3,0.4,135,,
,-0.022,-0.149,G,15.5,0.8,0.3,38,,
,0.030,10.806,G,11.5,2.9,1.9,158,,
,0.013,38.247,G,12.7,1.8,0.7,107,,
,-0.048,-105.142,GCl,12.2,2.9,2.9,,,
,0.048,67.606,G,14.5,0.9,0.4,78,,
,0.003,-2.319,G,14.0,1.2,1.1,145,,
,0.001,2.413,G,15.4,0.9,0.4,100,,
,-0.041,-16.452,G,16.6,0.7,0.3,9,,
,0.001,-0.004,G,16.9,0.3,0.2,42,,
,0.049,16.345,G,14.9,1.0,0.6,100,,
,-0.038,-65.293,OCl,,8.5,8.5,,,
,0.041,65.443,G,15.7,0.6,0.5,105,,
,-0.012,-46.510,G,14.6,0.8,0.7,93,,
,0.017,46.444,G,14.1,1.3,1.2,60,,
,0.001,0.004,G,15.4,0.8,0.5,85,,
,0.001,4.859,G,14.1,1.5,0.8,140,,
,0.003,-2.308,G,12.6,2.3,0.8,170,,
,0.004,2.286,G,14.6,1.3,0.5,23,,
,0.015,24.302,G,14.2,0.9,0.4,33,,
,-0.003,-28.667,G,16.4,0.7,0.3,76,,
,-0.000,-0.664,G,14.1,1.8,0.9,65,,
,0.004,0.649,G,12.0,2.1,1.7,4,,
1,0.015,5.574,G,14.4,1.3,0.8,136,,
,-0.023,-64.845,G,13.4,4.0,0.6,146,,
,-0.012,-5.995,OCl,11.8,2.6,2.6,,,
,0.018,0.757,GCl,6.6,8.7,,,,
,0.050,54.305,G,15.6,0.8,0.6,43,,
,-0.026,15.740,G,14.2,1.4,0.6,33,,
,-0.006,-34.318,G,14.2,1.0,0.6,5,,
,0.035,97.350,OCl,,5.1,,,,
,-0.010,-74.357,G,15.4,1.0,0.3,17,,
,-0.024,-31.149,G,14.7,0.7,0.6,160,,
,0.013,25.518,G,14.6,0.9,0.8,48,,
1,-0.028,-54.298,OCl,,4.2,3.8,60,,
1,0.058,104.365,G,15.9,0.5,0.5,146,,
,0.002,0.487,G,14.2,1.3,0.6,177,,
,0.000,-0.447,G,14.3,0.5,0.4,100,,
,-0.053,-105.172,OCl,10.9,1.8,1.8,,,
,0.045,52.491,G,16.3,1.0,0.3,24,,
,-0.007,-9.845,G,13.8,1.5,1.1,75,,
,0.018,62.698,G,12.8,1.4,0.7,2,,
,0.001,-0.037,G,12.5,1.4,1.4,80,,
,0.016,29.100,OCl,9.3,6.0,,,,
,-0.015,-29.179,G,14.5,0.2,0.2,90,,
,0.001,0.009,G,12.1,2.4,2.0,8,,
,-0.000,-0.121,G,13.1,1.1,0.8,135,,
,0.000,0.028,G,12.9,1.2,0.9,160,,
,0.001,0.042,G,14.3,0.5,0.4,0,,
,0.001,0.029,G,16.5,0.4,0.4,69,,
,0.004,-0.081,G,14.4,0.6,0.4,168,,
,0.012,7.385,G,14.9,1.3,0.5,54,,
1,-0.019,-38.769,G,14.3,1.0,0.7,38,,
,0.017,32.208,G,12.7,1.4,0.9,52,,
,0.004,6.510,G,12.5,1.6,1.3,22,,
,-0.003,-6.496,G,13.8,0.6,0.3,130,,
,-0.055,-105.139,OCl,,1.5,1.1,,,
,0.050,76.522,G,,0.6,0.3,70,,
,0.006,28.578,G,14.6,0.7,0.5,71,,
,0.006,-0.594,G,15.3,0.8,0.5,136,,
,0.002,0.119,G,14.4,1.1,0.8,41,,
3,0.004,0.118,G,13.2,2.4,0.8,86,,
,0.004,2.966,G,10.6,3.4,3.4,90,,
1,-0.034,-105.597,G,12.5,2.4,1.1,162,,
,0.053,103.005,G,14.3,2.0,0.3,0,,
1,-0.018,-68.932,G,14.1,1.4,1.1,164,,
,0.024,68.958,G,11.5,2.4,1.6,34,,
,-0.051,-104.920,OCl,12.1,2.1,1.9,,,
1,0.077,68.975,G,15.1,1.1,0.7,148,,
,-0.021,35.906,GPair,,0.8,,,,
,-0.020,-68.604,G,14.3,1.6,0.7,49,,
,-0.035,-36.864,GCl,11.8,1.7,1.7,,,
,0.052,54.207,G,15.3,1.1,0.8,24,,
,-0.008,-12.073,G,12.6,2.0,1.3,23,,
,-0.039,-42.663,GCl,10.5,2.8,2.8,,,
,0.065,105.007,G,13.4,1.4,1.1,173,,
1,-0.046,-103.890,OCl,13.3,1.0,1.0,,,
,0.033,42.532,G,14.4,0.9,0.6,114,,
,0.001,-8.848,G,14.1,1.7,0.7,61,,
,0.026,76.851,G,13.5,0.9,0.8,65,,
,-0.003,-39.058,G,12.9,1.2,0.9,146,,
,-0.009,-31.771,G,15.1,1.1,0.7,16,,
,0.010,33.043,G,11.5,2.8,2.1,114,,
,0.001,-1.327,G,14.4,1.5,0.3,19,,
,0.001,0.093,G,12.5,1.2,0.8,163,,
,0.018,33.956,G,14.0,1.2,0.7,28,,
,-0.039,-95.232,G,14.1,1.3,1.1,126,,
,0.057,121.654,OCl,,3.6,,,,
,-0.049,-118.374,G,12.0,2.2,1.2,9,,
,0.029,60.319,G,14.9,1.1,0.4,17,,
,0.033,56.746,OCl,8.8,5.7,,,,
,-0.026,-52.890,G,13.9,1.7,1.4,138,,
,-0.014,-43.829,G,13.6,1.4,0.8,140,,
,0.004,6.155,G,12.9,3.4,2.1,156,,
,-0.017,-26.535,G,13.2,1.1,0.6,37,,
,0.018,26.494,G,13.8,1.5,1.4,100,,
,0.013,30.767,G,14.3,1.2,0.7,158,,
,0.008,34.398,G,14.2,0.8,0.7,17,,
,0.012,-2.297,G,14.2,1.6,0.3,160,,
,-0.016,-29.163,G,15.4,0.8,0.5,140,,
,0.020,2.377,G,13.5,2.1,1.6,110,,
,-0.008,28.774,G,13.9,2.2,2.1,15,,
,-0.005,-34.694,G,13.2,1.6,0.8,115,,
,0.014,34.716,G,14.6,0.7,0.4,78,,
,-0.011,-33.951,G,12.8,2.9,1.9,72,,
,0.012,33.925,G,14.8,0.7,0.5,19,,
,0.001,-2.030,G,12.6,2.0,0.5,39,,
1,-0.031,-86.433,GPair,,2.0,,,,
,0.026,60.578,G,13.8,2.6,1.5,158,,
,-0.037,-78.470,OCl,,3.8,2.9,110,,
,0.097,131.582,OCl,6.4,7.8,,,Owl Cluster,
,-0.078,-129.844,OCl,11.7,2.6,2.3,140,,
,0.054,89.115,G,15.7,0.6,0.6,20,,
,-0.058,-90.836,Cl+N,,2.6,1.5,20,,
,0.045,39.433,G,14.1,1.2,1.0,38,,
,0.014,38.067,G,15.7,0.5,0.5,115,,
,0.013,12.100,G,15.1,1.0,0.4,5,,
1,-0.055,-89.661,OCl,,5.0,4.0,,,
,0.026,14.425,G,13.6,1.6,1.3,108,,
,0.032,62.211,G,12.1,1.7,1.5,125,,
,0.011,29.467,G,15.2,0.8,0.5,175,,
,-0.004,-17.896,G,15.2,0.8,0.6,173,,
,0.003,-11.462,G,11.8,2.9,1.6,156,,
,0.004,11.376,G,13.3,1.1,0.8,79,,
,0.008,17.923,G,14.2,0.9,0.7,125,,
,-0.009,-16.164,G,12.5,1.8,1.0,153,,
,0.003,-13.130,G,11.5,2.6,2.4,45,,
,-0.001,11.446,G,16.0,0.8,0.6,121,,
,0.005,1.159,G,15.2,0.8,0.6,95,,
,0.017,24.468,G,13.9,1.6,0.6,135,,
,-0.020,-62.865,G,14.6,0.8,0.7,118,,
,0.018,26.239,G,15.1,0.9,0.7,128,,
,-0.011,-13.742,G,16.1,0.6,0.3,65,,
,0.010,0.669,G,14.7,1.5,1.1,72,,
,-0.014,-31.755,G,14.5,2.1,0.5,84,,
,0.027,74.487,G,14.0,0.9,0.8,115,,
,-0.040,-92.045,G,12.2,1.8,1.3,90,,
,0.032,65.542,G,13.2,1.6,0.6,2,,
,0.004,-1.672,G,17.5,0.4,0.3,70,,
,0.003,-21.716,G,14.4,1.1,0.7,113,,
,-0.002,21.627,G,10.3,5.0,3.7,13,,
,0.002,3.950,G,13.4,1.6,0.3,120,,
,0.002,-3.840,G,14.5,0.7,0.6,1,,
,-0.011,-39.430,G,12.6,1.4,1.0,95,,
,0.014,39.480,G,15.5,0.7,0.6,97,,
,-0.001,-4.472,G,12.5,3.0,0.9,60,,
,0.013,32.229,G,12.8,1.9,0.6,100,,
,0.000,0.298,G,13.7,1.1,0.8,169,,
,0.005,0.057,G,13.7,0.9,0.3,36,,
,-0.014,-34.404,G,13.0,2.1,0.9,134,,
,0.013,34.364,G,16.5,0.5,0.4,125,,
,0.001,-0.028,G,12.3,1.7,1.1,77,,
,-0.009,-28.074,G,15.1,0.9,0.7,95,,
,0.012,28.046,G,14.4,0.5,0.5,80,,
,-0.008,-24.384,G,12.8,1.6,1.5,55,,
,0.009,24.283,G,15.2,0.6,0.5,39,,
,0.000,-0.128,G,13.9,1.6,0.4,45,,
,-0.008,-23.735,G,15.0,1.1,0.7,55,,
1,0.011,23.787,G,11.6,2.5,1.7,71,,
,0.001,0.024,G,14.2,1.1,1.0,25,,
,-0.005,-23.846,G,14.6,1.6,0.7,81,,
1,0.002,1.857,G,15.3,1.2,1.0,70,,
,0.008,22.617,G,13.9,1.5,0.3,115,,
,0.007,-0.109,G,13.4,0.6,0.3,81,,
,-0.006,-20.882,G,11.7,3.5,2.5,106,,
,0.010,20.556,G,14.3,0.9,0.6,89,,
,-0.009,-23.921,G,14.2,1.6,0.5,45,,
,0.010,23.877,G,13.6,1.5,0.6,20,,
,-0.007,-24.098,G,14.3,1.6,0.6,97,,
,0.003,-10.972,G,15.3,0.5,0.3,135,,
,0.002,5.433,GPair,,4.2,,,,
,-0.001,-2.061,G,11.8,2.8,2.6,145,,
,0.004,8.264,G,12.9,2.4,0.3,33,,
,0.009,24.030,G,12.7,2.5,0.7,104,,
,-0.009,-24.486,G,10.3,3.4,3.4,55,,
,0.002,0.164,G,14.5,1.5,0.6,7,,
,-0.015,-44.825,GPair,,2.0,,,,
,-0.001,0.007,G,14.1,1.8,0.4,15,,
,0.027,68.787,G,13.7,1.8,1.0,57,,
,0.002,1.041,G,12.1,2.2,2.0,162,,
,-0.016,-36.300,G,13.9,1.8,0.4,133,,
,0.027,36.341,G,14.9,1.8,0.5,33,,
,-0.018,-25.490,G,12.2,2.2,0.9,30,,
,0.004,-7.505,G,11.5,3.4,2.4,50,,
,-0.013,-39.888,G,14.4,1.2,1.1,110,,
,0.013,36.721,G,14.8,1.0,0.3,57,,
,0.014,36.111,G,12.4,2.9,1.5,67,,
1,-0.015,-36.254,G,14.6,1.4,0.5,36,,
,-0.001,-16.613,G,13.6,1.3,1.1,175,,
,0.029,-1.873,G,15.7,0.8,0.4,5,,
,-0.023,18.657,G,12.2,2.2,1.5,69,,
,0.013,36.055,G,15.7,1.0,0.2,143,,
,-0.011,-35.968,G,13.2,0.8,0.4,90,,
,-0.011,-36.802,G,14.5,1.5,1.0,173,,
,0.013,36.755,G,13.3,3.0,1.9,55,,
,-0.013,-36.729,G,14.4,1.4,0.6,38,,
,0.014,36.724,G,13.3,3.1,1.9,103,,
,0.000,0.119,G,13.7,0.9,0.7,153,,
,-0.015,-36.782,G,15.5,0.6,0.6,100,,
,0.026,40.030,G,13.5,1.8,0.7,120,,
,0.016,35.161,G,13.4,1.5,0.6,137,,
1,-0.024,-3.778,G,14.9,0.9,0.3,13,,
,0.016,-56.130,GPair,,1.4,,,,
,0.000,-0.037,G,15.3,0.7,0.7,15,,
,0.001,0.064,G,15.6,0.5,0.4,144,,
,-0.014,21.059,G,14.8,1.4,0.5,136,,
,0.014,-0.332,G,15.2,0.6,0.3,112,,
,0.039,65.272,OCl,9.5,9.0,,,,
,-0.036,-65.214,G,12.9,2.1,0.4,178,,
,0.015,36.222,G,14.0,1.4,1.3,145,,
,0.003,14.078,G,14.5,0.9,0.9,40,,
1,-0.012,-50.267,G,12.5,1.7,1.2,141,,
,0.006,0.574,G,14.4,1.5,0.4,35,,
,0.015,33.638,G,14.5,1.2,0.3,179,,
,-0.033,-42.597,G,15.0,1.2,0.5,127,,
,0.015,-25.453,G,12.6,2.0,1.2,137,,
,0.019,46.849,G,14.7,1.0,0.5,163,,
,-0.002,-12.080,G,12.8,1.6,1.1,166,,
,0.016,33.450,G,15.0,0.7,0.7,150,,
,-0.022,-71.808,G,15.1,0.9,0.8,170,,
,0.037,80.564,G,13.5,0.4,0.3,120,,
,-0.030,-76.856,G,14.3,1.1,0.8,24,,
,0.029,57.039,G,13.0,1.4,1.4,5,,
,-0.030,-73.039,G,14.4,1.0,0.8,110,,
,0.028,49.605,G,14.1,1.4,1.3,130,,
,-0.003,-20.673,G,11.1,4.8,2.9,114,,
,0.022,56.283,G,13.3,1.1,0.8,160,,
1,0.026,27.042,OCl,7.4,4.5,,,,
,-0.023,-27.181,G,13.2,2.1,0.5,58,,
,-0.037,-51.816,G,15.3,0.7,0.7,30,,
,0.026,11.471,G,10.3,3.8,2.5,104,,
,0.006,5.935,G,14.1,2.4,0.5,86,,
,-0.001,-5.961,G,13.1,1.6,0.8,179,,
,0.016,42.253,G,13.6,2.2,0.7,68,,
,0.003,-4.711,HII,14.4,0.6,0.4,,,
,-0.002,-42.691,G,15.0,0.8,0.7,87,,
,0.017,56.972,G,14.1,2.1,0.8,147,,
,-0.002,-9.261,G,13.9,1.4,1.1,0,,
1,-0.020,-48.022,G,15.3,0.9,0.3,12,,
,0.010,-4.182,G,15.8,1.2,0.7,28,,
,0.010,47.228,HII,,1.7,0.9,,,
,-0.011,-37.724,G,10.9,2.1,1.6,36,,
,-0.011,-26.465,G,14.0,1.3,1.2,45,,
,0.027,64.157,G,5.8,62.1,36.7,23,Triangulum Galaxy,
,-0.016,-42.851,G,14.1,1.5,1.2,128,,
,0.003,4.880,G,12.5,2.6,2.6,25,,
,0.001,-4.898,G,16.4,0.4,0.4,25,,
,-0.061,-61.351,OCl,13.0,3.2,2.9,90,,
1,0.085,104.345,HII,,1.9,1.2,,,
,0.008,10.463,G,14.2,1.3,0.6,148,,
,-0.003,-19.830,G,14.4,1.0,0.8,137,,
1,0.010,12.239,G,14.2,0.8,0.6,33,,
,0.016,30.880,OCl,11.0,4.8,,,,
2,-0.041,-101.030,G,13.0,1.5,1.3,160,,
,0.006,7.075,G,10.3,5.5,4.5,125,,
,0.026,63.100,G,13.8,1.5,1.4,120,,
,-0.013,-41.022,G,11.7,3.2,1.2,164,,
1,-0.018,-2.434,G,14.7,0.6,0.5,4,,
1,0.014,-26.715,G,14.2,1.7,1.0,107,,
,0.036,78.812,G,13.9,0.8,0.8,30,,
,-0.003,-6.811,G,14.1,1.1,1.1,105,,
,-0.014,-34.848,G,13.3,1.3,0.8,55,,
,-0.015,-37.154,G,12.5,1.9,1.5,87,,
,0.013,26.487,G,14.2,1.3,0.7,91,,
,-0.013,-31.433,G,13.7,6.5,2.0,92,,
,0.002,2.290,G,13.5,1.4,1.3,30,,
1,0.025,54.930,G,9.3,9.9,9.3,87,,
1,-0.019,-55.142,G,13.6,1.9,1.4,54,,
,0.020,45.193,G,15.0,0.9,0.8,135,,
,0.009,0.043,G,13.5,1.0,0.9,168,,
,-0.015,-43.200,G,13.5,1.1,0.9,178,,
,0.032,72.687,G,13.8,1.8,0.6,167,,
,-0.001,-58.294,G,15.3,0.6,0.5,129,,
,0.014,15.416,G,11.4,2.7,2.3,6,,
,0.066,71.550,OCl,8.2,4.5,,,,
,-0.057,-56.800,G,13.8,0.9,0.6,18,,
,-0.011,-37.162,G,14.1,1.0,0.3,32,,
,0.007,20.524,G,15.5,0.8,0.4,147,,
,-0.013,-33.127,G,12.2,1.8,1.7,80,,
,0.008,12.613,G,13.5,1.8,1.1,18,,
,-0.068,-45.642,OCl,,2.2,2.2,,,
,0.064,32.972,G,14.7,1.3,0.7,154,,
,0.021,48.312,G,13.7,2.3,0.7,120,,
,-0.045,-70.623,GPair,14.4,1.5,1.0,121,,
,0.042,55.654,G,14.3,1.3,1.0,19,,
,-0.022,-8.589,G,14.7,1.1,0.6,118,,
,0.025,8.559,G,15.3,1.1,0.4,22,,
,0.036,60.847,PN,10.1,1.1,,,Barbell Nebula,
1,-0.026,-43.592,G,15.0,0.9,0.5,52,,
,0.028,27.655,G,14.1,1.5,0.2,40,,
,0.026,26.245,OCl,6.5,6.3,,,,
,-0.034,-74.965,G,14.7,1.1,0.7,88,,
,0.009,39.225,G,13.5,1.3,1.1,32,,
,0.014,29.693,OCl,,3.0,,,,
,-0.019,-43.234,G,12.4,1.5,0.9,21,,
,0.037,48.067,OCl,7.9,4.2,,,,
,-0.023,-47.024,G,11.3,4.6,1.7,13,,
,0.020,15.061,G,12.2,1.9,1.4,56,,
,0.006,8.990,G,13.8,0.8,0.6,13,,
,0.028,23.522,OCl,7.1,6.0,,,,
,-0.042,-56.995,G,13.8,1.2,0.9,70,,
,0.020,6.200,G,12.1,1.6,0.9,119,,
,0.019,23.952,G,13.4,0.8,0.5,81,,
,-0.019,-57.294,G,15.4,0.7,0.6,83,,
,0.024,59.379,G,13.1,1.2,0.8,32,,
,0.015,-0.897,G,12.3,2.3,0.6,36,,
,0.002,-7.677,G,12.6,2.2,0.7,171,,
,-0.007,-14.761,G,16.7,1.1,0.4,56,,
,0.015,14.308,G,10.9,7.0,2.7,69,,
,0.008,-15.912,G,12.6,1.8,1.3,1,,
,0.049,10.837,G,12.0,3.8,1.3,105,,
,-0.036,-9.298,G,15.4,1.0,0.4,101,,
,-0.003,-7.152,G,12.0,2.8,0.7,173,,
,0.005,7.147,G,12.3,1.8,1.8,35,,
,0.003,8.942,G,12.2,3.1,0.8,78,,
,0.005,13.789,G,12.5,1.3,1.0,85,,
,0.001,-13.815,G,11.9,1.7,1.6,160,,
,-0.010,-32.397,G,11.9,2.5,1.8,66,,
,-0.002,-4.549,G,13.8,0.7,0.2,115,,
,0.012,26.676,G,14.9,0.7,0.6,50,,
,0.007,15.945,G,12.3,3.0,0.8,90,,
,-0.042,-80.408,G,11.5,3.0,2.3,62,,
,0.021,28.964,G,13.4,1.3,1.1,5,,
,0.027,60.169,G,12.5,1.3,1.2,90,,
,0.003,-1.086,G,12.7,0.9,0.4,153,,
,-0.015,-62.752,G,14.5,1.1,0.7,70,,
,-0.034,10.745,G,14.3,1.1,0.7,158,,
,0.048,38.482,G,11.7,2.7,1.9,92,,
,-0.033,-70.408,G,13.1,1.9,1.4,84,,
,0.030,54.793,G,12.4,2.1,1.1,106,,
,0.008,15.853,G,13.8,0.6,0.3,163,,
,0.004,0.584,G,13.8,0.5,0.4,51,,
,-0.029,-57.487,G,14.4,1.8,0.7,25,,
1,0.004,0.074,G,14.8,0.9,0.8,170,,
,0.016,22.795,G,14.9,1.4,0.4,132,,
,0.026,48.073,G,15.5,0.5,0.4,41,,
,-0.020,-45.740,G,12.1,2.2,1.1,49,,
,0.004,5.651,GPair,,1.6,,,,
,0.023,40.223,G,13.3,1.0,0.7,48,,
,-0.001,-0.047,GPair,,1.5,,,,
,0.001,0.020,G,14.4,1.4,0.7,112,,
,-0.014,-29.847,G,12.5,1.3,1.1,153,,
,-0.006,-14.802,G,14.6,1.3,0.7,82,,
,0.022,44.657,G,13.3,2.6,1.2,38,,
,0.001,0.071,G,14.3,0.7,0.4,128,,
,0.001,-0.170,G,13.7,1.0,0.7,29,,
,-0.008,-18.540,G,14.6,1.1,0.5,17,,
,0.012,19.307,G,14.1,1.1,0.7,83,,
,0.037,-45.904,G,15.2,1.1,0.3,95,,
,-0.031,45.305,G,13.1,1.5,0.3,111,,
,-0.005,-49.094,G,14.9,0.9,0.4,177,,
,-0.004,25.581,G,14.0,1.3,0.5,59,,
,0.016,23.521,G,13.9,1.3,0.2,115,,
,-0.012,-32.033,G,11.7,2.8,2.5,36,,
,0.007,15.644,G,14.8,1.0,0.7,157,,
,-0.011,-33.579,G,10.1,4.5,2.4,142,,
,0.030,53.123,G,13.5,1.4,0.8,124,,
,0.000,-18.686,G,14.5,1.1,0.5,137,,
,-0.017,-44.456,G,13.4,1.3,1.0,135,,
1,-0.019,7.240,G,15.0,0.9,0.6,77,,
,0.049,5.718,G,15.1,1.1,0.4,104,,
,-0.029,-25.056,G,14.9,1.2,0.6,74,,
3,0.019,26.845,G,12.1,1.7,1.5,156,,
,0.025,45.813,G,14.8,1.0,0.6,12,,
1,-0.050,-53.798,G,15.4,0.8,0.4,60,,
,0.053,51.173,G,13.2,1.6,0.4,136,,
,0.001,-1.133,G,12.1,1.8,1.6,130,,
1,0.001,0.014,G,15.9,0.3,0.3,,,
,0.003,0.209,G,14.7,0.8,0.5,133,,
,-0.000,-0.252,G,14.8,1.6,0.3,138,,
,-0.010,-27.386,G,11.3,2.8,2.3,93,,
,0.001,-0.002,G,15.0,0.2,0.2,,,
,0.035,54.539,OCl,,5.4,,,,
,-0.000,-4.691,OCl,7.9,11.7,,,,
,-0.073,-112.166,GGroup,,1.8,,,,
,0.062,101.610,G,13.7,1.8,1.3,86,,
,-0.006,-54.381,G,14.5,1.1,0.6,177,,
,-0.019,4.994,G,12.6,2.6,1.0,146,,
,-0.011,-25.454,G,13.5,2.1,1.3,109,,
,0.031,63.131,G,13.1,1.5,1.4,170,,
,0.000,-0.006,G,13.4,1.6,1.3,139,,
,0.001,4.630,OCl,5.7,39.0,,,,
,0.002,-1.917,G,12.4,1.4,0.9,131,,
,-0.056,-92.677,G,15.2,0.6,0.6,80,,
,0.034,47.700,G,12.6,2.9,0.9,53,,
,-0.032,-7.646,GPair,15.0,0.7,0.5,25,,
1,0.020,13.641,G,15.4,0.8,0.6,95,,
,0.036,39.409,G,12.7,1.1,1.1,10,,
1,-0.000,-2.966,G,14.4,1.5,0.5,145,,
,-0.015,-38.780,G,14.0,1.2,1.1,35,,
2,0.031,30.295,G,12.5,2.6,2.6,25,,
,-0.002,-16.545,G,14.3,1.8,1.1,27,,
,0.003,-17.934,G,15.4,1.3,0.3,164,,
,-0.003,10.116,G,14.2,1.6,0.6,29,,
,0.015,30.381,G,13.4,0.8,0.5,70,,
,-0.006,-11.955,G,13.5,0.9,0.6,15,,
1,0.002,0.053,G,10.3,4.6,2.5,131,,
,-0.008,-30.523,G,13.9,1.4,0.7,178,,
,0.012,25.523,G,14.3,1.3,1.1,164,,
,-0.017,-40.302,G,13.4,1.7,1.3,162,,
,0.022,49.938,G,13.4,1.4,1.3,135,,
,0.006,7.786,G,11.5,2.8,2.1,148,,
,0.001,-0.117,G,14.1,1.1,0.5,150,,
,-0.010,-37.276,G,11.2,1.4,0.6,160,,
,0.015,34.188,G,14.6,1.6,0.8,171,,
,-0.008,-15.569,G,13.9,1.5,0.4,12,,
,-0.041,-70.446,G,12.1,2.5,2.0,41,,
,0.058,89.672,G,12.7,1.4,0.8,63,,
,0.002,-3.045,G,11.7,4.2,1.1,1,,
,0.007,2.990,G,13.8,1.6,0.9,77,,
,-0.004,-16.180,G,14.3,0.8,0.6,150,,
,-0.010,-24.650,G,13.6,1.9,1.3,91,,
,0.004,2.187,G,12.3,1.7,1.4,108,,
,0.023,38.888,G,14.0,0.7,0.5,4,,
,-0.018,-37.443,G,14.0,1.4,1.2,142,,
,0.006,13.871,G,14.7,1.5,1.5,5,,
,0.009,7.212,G,14.5,1.3,0.7,130,,
1,0.003,2.661,G,12.7,1.2,1.0,53,,
,-0.044,-74.197,G,14.3,1.3,0.8,138,,
,-0.052,-18.396,OCl,,1.2,1.1,110,,
,0.112,112.334,GPair,,1.8,,,,
,-0.002,-6.036,G,14.6,1.2,0.4,136,,
,-0.018,-32.179,G,14.1,1.7,1.4,35,,
,-0.000,-0.029,G,14.4,1.1,0.8,11,,
,0.025,38.389,G,13.1,2.8,0.6,151,,
,-0.077,-106.129,G,13.7,0.9,0.6,153,,
,0.077,83.901,G,12.4,2.7,0.9,10,,
,0.005,14.802,G,14.6,1.3,0.3,8,,
,0.008,-2.021,G,14.8,1.1,0.7,110,,
,-0.016,-38.745,G,14.6,1.4,0.4,59,,
,0.023,38.920,G,13.8,1.7,1.1,142,,
,-0.016,-52.299,G,13.5,1.3,0.6,12,,
,0.006,14.577,G,14.6,1.1,0.9,173,,
,0.019,21.986,GPair,,1.4,,,,
,-0.015,-23.359,G,15.6,1.0,0.5,48,,
,0.038,54.681,G,12.7,2.7,1.0,161,,
,-0.087,-113.012,G,13.8,1.4,0.9,98,,
,0.150,52.665,G,14.8,1.3,0.6,7,,
,0.001,-0.039,GPair,,0.4,,,,
,-0.042,45.069,G,15.2,0.7,0.5,85,,
,-0.010,-12.053,G,13.9,0.9,0.4,29,,
,0.020,21.574,G,12.5,2.2,0.8,112,,
,-0.003,-9.543,G,14.1,0.6,0.5,5,,
,-0.003,-14.884,G,13.7,1.3,0.8,67,,
,-0.001,-3.355,G,10.8,2.5,2.1,26,,
,-0.028,-52.152,G,13.2,1.4,0.9,77,,
,0.011,15.715,G,13.7,1.5,1.1,107,,
,-0.007,-11.011,G,14.1,1.5,0.4,28,,
,0.027,42.777,G,14.4,2.1,0.7,52,,
,0.015,24.416,G,15.3,1.0,0.8,16,,
,-0.008,-22.769,G,13.9,2.2,1.1,84,,
,0.020,31.219,G,12.2,2.9,2.1,115,,
,-0.024,-46.981,G,14.2,1.2,0.8,104,,
,0.005,0.024,G,14.3,1.4,0.8,76,,
,0.010,13.863,G,15.2,0.4,0.3,110,,
1,-0.004,-16.229,G,12.9,1.6,0.7,85,,
,0.028,47.799,G,13.1,1.1,0.5,22,,
,-0.027,-47.802,G,12.4,0.9,0.7,5,,
,0.017,-11.919,G,14.5,1.1,0.8,106,,
,-0.003,-0.376,G,14.8,1.0,0.4,13,,
,-0.010,12.284,G,12.9,1.3,1.0,77,,
,0.001,-0.037,G,13.2,1.5,0.6,86,,
,0.009,18.029,G,13.4,1.7,0.8,77,,
,0.017,29.652,G,13.1,1.7,0.9,134,,
,-0.024,-45.259,G,12.7,1.7,0.8,157,,
1,0.007,13.812,G,14.8,0.5,0.4,45,,
,0.034,31.427,G,13.5,1.6,0.3,148,,
,-0.002,7.091,G,13.1,1.9,1.7,129,,
1,-0.031,-54.889,G,13.1,1.4,1.1,147,,
,-0.002,-12.002,G,15.4,0.6,0.4,104,,
,0.017,20.837,G,14.0,1.2,1.0,92,,
,-0.000,5.266,G,14.6,1.1,0.7,135,,
,-0.038,-60.517,G,14.2,1.4,1.0,90,,
,0.046,47.431,G,15.9,1.8,1.2,50,,
,-0.003,-26.529,G,13.8,2.0,0.7,2,,
,0.042,63.712,G,12.6,2.9,1.1,67,,
,-0.007,-28.594,G,16.5,1.2,0.9,17,,
,-0.017,-31.228,G,13.5,1.6,1.3,89,,
,-0.002,9.473,G,13.8,1.3,1.0,140,,
1,0.042,53.251,G,15.1,0.6,0.5,109,,
,0.014,5.135,G,14.7,1.5,0.4,36,,
,-0.046,-77.948,G,12.9,1.0,1.0,70,,
,0.025,41.267,G,13.7,1.3,1.1,35,,
,0.015,6.770,G,11.1,3.7,2.6,21,,
,0.013,22.597,G,13.9,1.6,0.3,159,,
1,0.014,-27.356,G,14.0,1.2,1.1,85,,
,-0.019,-1.958,G,15.6,0.8,0.5,111,,
,0.050,57.831,OCl,3.7,14.4,,,h Persei Cluster,
,-0.030,-42.594,G,16.4,0.4,0.3,105,,
,0.000,0.025,G,13.6,1.0,0.3,4,,
,-0.029,-32.329,G,14.5,1.8,0.6,175,,
,0.019,6.432,G,12.7,1.5,1.1,146,,
,-0.009,-11.953,G,15.1,1.0,0.5,175,,
1,0.031,37.823,G,16.5,1.3,0.4,26,,
,0.002,0.023,G,11.9,1.9,1.5,138,,
,-0.002,-37.928,G,14.7,0.9,0.5,110,,
,-0.017,14.420,G,15.5,0.8,0.6,16,,
,0.027,4.758,G,15.1,0.6,0.4,26,,
,0.005,-2.433,G,12.4,2.3,1.3,133,,
,0.015,22.453,G,14.9,1.1,0.5,83,,
,-0.010,-22.605,G,13.5,1.6,1.4,77,,
,0.058,63.935,OCl,3.8,10.5,,,chi Persei Cluster,
1,0.011,6.635,OCl,,4.8,,,,
,-0.061,-79.849,G,13.5,1.7,1.3,21,,
,-0.035,-43.791,G,14.5,1.2,0.9,85,,
,0.028,18.112,G,14.6,1.2,0.9,98,,
,0.048,75.015,G,11.9,1.1,0.7,45,,
,0.009,9.083,G,10.0,13.0,3.0,22,,
,-0.028,-65.463,G,15.6,0.7,0.4,5,,
,-0.015,-18.289,G,13.6,1.3,0.8,123,,
1,0.027,35.882,G,11.8,3.3,2.2,109,,
,0.064,67.540,Neb,,10.0,10.0,,,
,-0.072,-95.740,G,11.8,2.0,1.4,25,,
,0.037,75.672,G,13.7,1.8,0.5,170,,
,-0.024,-62.774,G,13.1,1.6,1.2,121,,
,0.027,47.335,G,15.0,0.9,0.6,36,,
,0.001,0.045,G,15.7,0.8,0.6,36,,
,-0.020,-43.236,G,14.8,0.7,0.6,26,,
,0.027,44.035,G,16.7,0.7,0.4,168,,
,0.002,-0.014,G,15.0,1.4,0.8,129,,
,-0.023,-36.061,G,15.7,0.6,0.3,114,,
,0.042,50.809,G,12.9,1.5,1.0,16,,
,-0.037,-62.802,G,12.6,2.2,0.8,87,,
,0.001,-0.522,G,10.3,6.1,2.8,77,,
,0.038,63.270,G,14.5,1.0,1.0,40,,
,0.001,-0.212,G,12.2,1.8,1.5,17,,
,0.004,0.132,G,13.9,1.7,0.8,115,,
,0.001,-0.179,G,14.9,0.8,0.6,147,,
,0.000,0.022,G,15.0,0.6,0.3,20,,
,0.006,0.345,G,13.8,1.6,1.0,116,,
,-0.006,-14.923,G,15.2,0.8,0.8,160,,
,0.001,0.022,G,15.1,1.2,0.5,9,,
,0.005,4.669,G,14.4,1.8,1.0,57,,
,-0.004,-13.416,G,13.2,3.1,1.7,157,,
,0.007,8.716,G,15.4,1.3,0.3,138,,
,0.026,18.735,G,15.5,1.2,0.8,3,,
,-0.021,-61.795,G,15.4,1.2,0.5,82,,
,-0.025,-8.940,G,12.0,2.1,1.8,14,,
,0.042,66.766,G,14.4,0.8,0.6,120,,
,-0.014,-21.480,G,13.7,2.0,1.2,52,,
,0.009,13.081,G,10.1,10.7,5.8,107,,
,-0.020,-33.911,G,13.2,1.8,0.8,39,,
,0.009,12.487,G,14.4,1.2,1.0,0,,
,0.017,15.066,G,14.6,0.9,0.5,45,,
,-0.006,-39.308,G,15.0,0.9,0.4,171,,
1,0.016,43.399,G,14.5,2.5,0.7,75,,
,-0.006,-10.980,G,13.9,2.0,1.9,145,,
,0.023,25.579,G,15.3,1.8,1.0,37,,
,-0.029,-46.156,G,13.4,1.1,0.8,127,,
,0.011,19.844,G,12.8,1.6,1.0,155,,
,-0.010,-20.755,G,10.2,4.4,3.2,133,,
,0.031,43.406,G,15.0,0.9,0.3,115,,
,-0.015,-21.966,G,13.8,1.6,1.1,97,,
,-0.037,-64.730,G,14.1,1.7,1.2,100,,
,0.052,76.087,G,13.3,1.6,1.1,20,,
,-0.017,-32.793,G,12.5,1.9,1.3,171,,
,0.012,-9.684,G,14.5,1.8,0.9,2,,
,0.000,0.008,G,14.3,1.6,0.9,26,,
,-0.041,-3.688,G,15.0,1.0,0.4,18,,
,0.032,3.977,G,12.1,2.1,1.8,170,,
,0.034,52.772,G,14.5,1.4,0.8,66,,
,-0.035,-61.275,G,12.6,2.1,1.1,59,,
,0.003,8.528,G,14.1,1.2,1.0,30,,
,0.035,47.651,G,11.9,3.1,1.4,144,,
,-0.027,-48.162,G,14.5,1.2,0.6,47,,
,-0.005,-11.324,G,15.5,1.1,0.5,22,,
1,0.037,51.938,G,14.5,1.5,1.2,14,,
,-0.038,-70.992,G,12.9,1.8,0.9,16,,
,0.028,40.295,G,12.0,2.7,0.9,20,,
,0.033,45.701,OCl,8.9,4.5,,,,
,0.013,12.977,OCl,7.6,10.2,,,,
,-0.043,-60.509,G,12.2,2.5,0.7,2,,
,0.028,38.434,G,12.5,1.9,1.1,67,,
,-0.012,-44.795,G,14.8,1.2,0.3,125,,
,0.156,2.364,G,13.2,1.8,1.0,96,,
,-0.140,35.006,G,14.2,1.5,1.0,178,,
,-0.035,-32.285,G,14.3,0.8,0.8,110,,
,0.009,-31.820,G,13.5,2.2,0.5,33,,
,0.022,17.395,G,14.8,0.9,0.8,173,,
,-0.010,-1.242,G,13.0,1.1,0.9,107,,
,0.007,2.665,G,13.8,1.5,1.1,41,,
,0.031,51.697,G,13.7,1.2,0.5,49,,
,0.001,-1.533,G,12.4,1.7,1.2,8,,
,0.001,0.029,GPair,,1.0,,,,
1,0.000,-3.665,G,11.3,3.3,1.6,151,,
,0.002,3.195,G,13.6,3.3,0.4,49,,
,0.002,0.449,G,14.1,3.2,2.6,15,,
,-0.018,-23.353,G,14.2,0.8,0.6,1,,
,0.011,11.375,G,12.4,1.5,1.4,160,,
,-0.016,-31.737,G,14.2,1.8,1.2,38,,
,0.029,43.604,GPair,,1.9,,,,
,-0.053,-77.368,G,13.8,1.4,1.1,108,,
,0.061,85.451,G,14.2,1.6,0.8,110,,
,-0.038,-51.901,G,14.5,1.1,0.5,6,,
,0.040,51.844,G,13.1,1.6,0.6,132,,
,0.059,-6.248,G,13.9,1.2,0.7,136,,
,-0.070,-11.209,G,13.6,1.7,1.1,114,,
,-0.002,-32.201,G,14.1,0.9,0.7,80,,
,-0.017,-30.257,G,10.9,3.8,3.0,52,,
,0.054,72.372,G,13.3,1.5,1.1,36,,
,-0.023,-42.683,G,11.2,4.3,1.7,119,,
,-0.028,-7.155,G,15.1,0.9,0.8,85,,
,0.042,28.153,G,12.5,1.5,1.1,41,,
,-0.013,-18.796,G,13.0,1.5,1.3,75,,
,0.032,28.255,G,15.1,0.8,0.6,8,,
,-0.011,-19.051,G,14.9,0.9,0.7,105,,
1,0.029,39.479,G,14.8,1.3,0.8,36,,
,0.002,0.119,G,14.5,1.3,1.1,75,,
,-0.023,-34.340,GPair,,1.0,,,,
,0.000,0.028,G,14.6,0.6,0.5,175,,
,0.026,34.335,G,14.7,0.8,0.7,61,,
,0.000,-0.211,G,15.4,0.6,0.4,90,,
,0.007,0.212,G,14.7,0.7,0.3,114,,
1,0.001,-0.800,G,11.5,3.5,0.8,96,,
,-0.027,-38.897,G,12.7,1.2,1.1,96,,
,0.030,39.514,G,14.5,0.7,0.7,45,,
,-0.032,-52.514,G,14.1,0.9,0.2,1,,
,0.005,13.181,G,16.4,0.6,0.2,50,,
,0.001,-0.076,G,14.9,0.9,0.5,83,,
,0.007,0.230,G,15.3,1.4,0.2,124,,
1,-0.012,-13.316,G,14.9,0.7,0.6,160,,
,0.027,41.157,G,13.0,2.1,1.1,24,,
,-0.023,-41.658,G,15.0,1.1,0.7,66,,
1,0.006,10.188,G,12.5,2.0,1.7,100,,
,0.002,3.438,G,11.6,2.3,1.4,42,,
,-0.008,-13.129,G,14.9,0.7,0.6,64,,
,0.005,1.466,G,15.3,1.1,0.6,178,,
,0.005,11.452,G,14.9,1.1,0.8,35,,
,0.005,0.323,G,14.9,0.9,0.3,20,,
,0.001,-0.014,G,15.0,0.8,0.6,161,,
,-0.005,-8.894,G,11.3,2.6,1.5,74,,
,0.031,45.740,G,9.5,7.4,3.1,87,,
,-0.020,-28.216,G,12.3,2.9,1.1,151,,
,-0.047,-65.711,G,13.4,0.9,0.6,15,,
,0.049,61.408,G,14.1,1.8,1.7,85,,
,0.055,55.050,OCl,6.7,7.8,,,,
,-0.050,-50.750,G,14.8,0.9,0.5,15,,
,0.000,-0.051,G,13.1,1.6,0.5,70,,
,0.004,7.231,G,14.4,1.5,0.6,8,,
,-0.053,-72.884,G,12.5,2.3,1.1,24,,
,0.046,55.954,G,11.7,3.6,0.9,67,,
,0.014,-9.871,G,14.7,1.1,0.9,178,,
,-0.034,-7.032,G,14.6,0.8,0.7,140,,
,0.021,7.676,G,12.9,2.1,0.7,153,,
,0.017,27.430,G,13.2,1.4,1.0,3,,
1,-0.007,-17.788,G,14.3,1.4,0.5,61,,
,0.034,41.237,OCl,5.2,22.5,,,,
,0.018,-1.245,G,13.9,1.7,0.7,40,,
,-0.046,-46.941,G,14.1,1.4,1.1,47,,
,-0.001,-2.994,G,11.2,3.9,2.1,1,,
,0.007,9.777,G,15.7,0.8,0.2,111,,
,0.005,7.394,GPair,,1.2,,,,
,-0.010,-20.015,G,13.4,1.7,1.3,59,,
,0.012,19.997,G,14.7,0.8,0.7,130,,
,-0.011,-16.867,G,14.4,1.4,0.8,91,,
,0.001,-0.385,G,14.5,1.2,0.5,105,,
,-0.014,-25.725,GCl,13.6,1.2,1.2,,Fornax Dwarf Cluster 3,
,0.047,69.022,G,13.5,1.1,0.8,98,,
1,-0.025,-43.020,G,11.0,2.9,2.1,109,,
1,0.019,26.473,G,14.5,0.8,0.4,30,,
,-0.008,-17.774,G,10.6,6.9,3.5,104,,
,0.017,28.131,G,12.3,1.9,1.4,162,,
,0.004,3.917,G,15.7,1.2,0.7,118,,
,0.008,4.850,G,11.2,2.5,1.4,90,,
1,-0.004,-4.916,G,11.8,2.4,1.8,77,,
,0.000,0.042,G,15.1,0.9,0.6,27,,
1,-0.018,-38.036,G,14.4,1.4,0.5,97,,
,0.004,-3.793,G,15.0,1.0,0.8,37,,
,-0.005,-5.730,G,14.9,0.8,0.8,0,,
,0.029,47.567,G,14.8,1.8,1.3,60,,
,-0.000,0.037,G,13.7,1.0,0.9,145,,
,-0.020,-32.525,G,9.3,6.1,5.6,12,,
,0.006,-8.276,G,14.3,1.4,0.8,146,,
,0.006,13.257,G,12.9,2.3,2.0,178,,
,-0.004,-13.742,G,15.3,1.2,0.4,172,,
,0.006,9.081,G,14.3,1.2,0.5,13,,
,0.003,1.069,G,11.1,3.5,2.2,32,,
,-0.001,-17.673,G,15.2,0.9,0.5,165,,
,-0.001,0.096,G,15.4,0.8,0.5,146,,
,-0.001,1.447,G,13.7,1.8,1.2,99,,
,0.042,54.846,GPair,,1.3,,,,
,-0.031,-49.544,G,15.2,0.8,0.6,45,,
,-0.007,-19.551,G,11.4,2.6,1.5,99,,
,0.024,24.292,G,13.6,1.1,0.8,166,,
,-0.001,-10.877,G,14.4,1.8,0.6,23,,
,0.009,7.407,G,14.7,1.0,0.7,102,,
,0.000,-7.177,G,15.2,1.6,0.3,17,,
,0.006,7.780,G,10.6,3.4,2.2,36,,
,0.007,11.185,G,13.8,2.0,1.5,13,,
,0.025,37.639,G,13.5,1.3,0.8,43,,
,-0.025,-41.745,G,11.0,3.0,1.8,10,,
,0.011,16.700,GPair,,1.0,,,,
,-0.016,-31.274,G,14.7,1.4,1.0,16,,
,0.007,14.826,G,12.0,3.3,1.5,101,,
,-0.020,-17.286,G,15.2,0.8,0.7,86,,
,0.002,-0.009,G,14.5,1.0,0.9,130,,
,0.046,51.962,G,14.2,1.2,0.8,99,,
,-0.013,-34.705,G,13.6,1.3,0.8,89,,
,0.003,4.923,G,14.1,1.3,0.8,46,,
,-0.064,-64.551,G,12.8,1.8,1.6,45,,
,0.042,29.638,G,9.8,10.6,6.4,138,,
,-0.024,12.616,G,12.7,1.6,1.3,103,,
,0.007,-0.049,G,13.2,2.1,0.6,16,,
,0.005,0.019,G,13.1,1.6,0.8,60,,
,0.044,22.267,G,13.1,1.3,1.1,100,,
,-0.017,-26.787,G,15.3,0.9,0.6,90,,
,0.015,8.250,G,12.9,2.2,0.6,47,,
,0.009,13.687,G,14.6,1.0,0.6,150,,
,-0.083,-15.434,G,15.2,1.0,0.8,66,,
,0.117,57.378,G,13.7,1.8,1.8,35,,
,-0.023,-33.579,G,12.2,1.9,1.6,140,,
,-0.011,-16.044,G,14.7,1.0,0.8,85,,
,-0.016,21.206,G,15.4,0.8,0.7,116,,
,0.024,-21.093,G,14.5,2.4,0.5,11,,
,-0.008,21.098,G,15.9,0.7,0.3,10,,
,0.006,-0.036,G,14.8,1.0,0.7,11,,
1,0.002,-30.217,G,13.3,2.1,0.8,7,,
,0.021,30.259,G,15.5,0.9,0.3,7,,
,0.003,0.069,G,15.3,1.2,0.4,26,,
,0.011,-0.150,G,14.9,0.7,0.5,4,,
,-0.021,-25.349,G,14.2,2.0,0.6,92,,
,-0.028,-5.824,G,15.1,0.5,0.4,172,,
,0.013,3.517,G,14.9,1.8,1.0,43,,
,0.026,12.737,G,13.7,0.9,0.3,10,,
,0.037,43.939,G,12.9,1.4,0.6,32,,
1,-0.021,-67.907,G,14.8,1.1,0.7,2,,
,0.001,9.051,G,12.8,1.5,0.7,54,,
,0.011,15.355,G,15.3,0.9,0.2,139,,
,0.009,14.552,G,16.2,0.7,0.5,36,,
,0.081,-7.231,GPair,,0.8,,,,
,-0.054,35.555,G,13.6,2.8,1.1,77,,
,-0.001,0.026,G,15.6,0.7,0.4,36,,
,0.002,-0.047,G,15.4,0.5,0.5,105,,
,-0.028,-42.834,G,12.3,1.9,0.7,142,,
,-0.003,-7.529,G,14.9,1.0,0.7,71,,
,0.017,21.818,G,13.1,2.2,0.8,147,,
,-0.049,-67.944,G,16.2,0.7,0.4,59,,
,0.002,-0.046,G,13.0,1.4,1.2,77,,
,0.053,57.938,G,12.8,1.1,0.6,16,,
,0.042,40.085,G,14.1,1.7,1.5,95,,
,-0.063,-57.576,G,15.9,1.0,0.3,43,,
,0.029,4.501,G,12.4,2.0,1.0,8,,
2,0.010,9.850,G,14.3,1.2,0.7,111,,
,0.001,-0.006,G,14.0,1.1,0.7,118,,
,-0.011,-18.451,G,12.5,3.4,0.8,61,,
2,0.042,10.949,G,14.6,1.3,0.7,75,,
,0.006,7.377,G,15.0,0.7,0.5,122,,
,-0.007,-14.739,G,15.0,1.1,0.7,64,,
,0.001,0.035,G,15.9,0.6,0.5,54,,
,0.008,7.254,G,14.3,1.3,0.8,5,,
,0.011,11.121,G,13.5,1.2,0.8,53,,
,-0.001,-13.725,G,13.9,1.0,0.6,90,,
,0.001,0.012,G,14.2,1.1,0.9,75,,
,0.025,35.589,G,11.6,3.0,2.3,28,,
,-0.026,-40.357,G,15.5,0.7,0.3,171,,
,-0.016,0.723,G,15.9,0.9,0.6,147,,
,0.060,57.559,G,14.2,0.5,0.4,115,,
,0.007,1.792,G,12.8,2.4,1.1,51,,
,0.001,-0.058,G,11.9,2.7,1.8,23,,
,-0.039,-57.296,G,13.9,1.6,1.5,50,,
,0.024,-4.754,G,13.8,2.3,0.4,144,,
,0.027,59.738,G,14.5,1.2,0.9,132,,
,-0.053,-74.684,G,13.8,2.3,0.5,114,,
,0.030,43.942,G,15.3,1.0,0.8,75,,
,0.018,23.363,G,12.6,1.8,1.4,70,,
,-0.015,-23.434,G,15.3,1.0,0.4,24,,
,0.047,34.614,G,11.4,3.3,1.9,39,,
1,0.006,-2.988,G,13.5,1.8,0.8,147,,
,-0.039,-58.235,G,11.8,2.3,1.6,30,,
1,0.065,57.673,G,12.3,3.6,1.4,121,,
,-0.016,-0.497,G,12.8,1.8,0.6,154,,
1,0.001,0.024,G,15.7,0.6,0.6,105,,
1,-0.033,-61.261,G,12.0,3.7,2.5,38,,
,-0.013,3.868,G,15.8,0.7,0.4,8,,
,-0.002,-0.022,G,16.3,0.9,0.2,101,,
,0.029,5.382,G,14.8,0.8,0.4,116,,
1,0.221,90.463,G,12.2,3.5,0.9,169,,
,-0.229,-89.925,G,14.5,1.4,0.4,30,,
1,-0.006,-13.735,G,10.9,4.1,3.0,129,,
,0.018,7.382,G,14.6,1.2,0.6,171,,
,-0.005,-0.138,G,14.4,1.4,0.5,179,,
,0.000,-0.039,G,15.2,0.8,0.3,98,,
,0.002,-0.023,G,15.3,0.8,0.6,61,,
,0.001,0.006,G,15.4,0.8,0.4,105,,
,0.039,60.062,OCl,12.6,2.4,,,,
,-0.035,-45.487,G,13.8,1.6,0.8,139,,
,-0.005,-10.936,G,15.1,0.6,0.5,84,,
,0.001,-0.036,G,14.1,1.5,1.4,100,,
1,0.044,53.925,G,13.9,2.0,1.0,117,,
,-0.043,-57.462,G,11.4,2.8,2.3,48,,
,0.004,3.621,G,13.8,2.9,1.9,84,,
,0.004,-14.078,G,10.8,3.4,2.0,8,,
,0.015,19.578,G,15.2,0.7,0.5,113,,
,0.003,-7.887,GPair,,1.1,,,,
,-0.009,2.038,G,14.2,1.5,0.5,62,,
1,0.025,3.508,G,15.9,0.8,0.7,42,,
,0.035,47.215,G,13.6,1.7,1.2,131,,
,-0.035,-47.923,G,13.3,2.2,1.2,73,,
,-0.002,-6.070,G,11.4,2.2,0.9,83,,
,0.012,-10.105,G,12.7,1.2,0.7,118,,
,0.002,24.922,G,12.3,1.5,0.9,163,,
,0.047,41.687,G,16.0,0.9,0.5,21,,
,-0.007,-2.244,G,15.7,0.9,0.8,14,,
,-0.039,-48.193,G,15.0,1.6,0.4,42,,
,0.003,-0.049,G,15.0,1.7,1.2,50,,
,0.003,-0.020,G,15.9,0.9,0.2,67,,
,-0.020,-29.423,G,13.3,1.9,1.3,32,,
,0.039,43.147,G,13.2,1.4,1.1,155,,
,0.000,-2.002,G,13.0,1.2,1.0,42,,
,0.054,51.239,OCl,11.8,2.4,,,,
,-0.057,-57.607,G,14.6,1.5,0.5,168,,
,0.011,1.304,G,12.6,1.6,0.9,153,,
,-0.010,-1.183,G,13.9,1.3,1.3,175,,
,0.048,45.502,G,15.4,1.4,1.0,180,,
,-0.041,-45.466,G,14.8,1.2,0.6,153,,
,0.039,39.489,G,14.5,1.2,0.9,103,,
,0.000,-0.062,G,15.7,0.7,0.4,77,,
,-0.048,-58.248,G,14.3,1.5,0.7,77,,
,-0.001,-0.038,G,14.4,1.0,0.6,75,,
,0.002,-0.023,G,15.5,0.7,0.2,110,,
,-0.030,7.415,G,15.0,1.0,0.8,90,,
,0.055,-5.010,G,10.1,6.8,5.8,101,,
,0.046,59.898,G,13.2,1.5,0.5,29,,
,-0.048,-47.165,G,15.2,1.6,0.8,119,,
1,0.030,18.654,G,15.7,0.7,0.5,30,,
1,-0.010,-21.556,G,14.3,1.5,1.2,109,,
,0.001,8.195,G,14.6,1.2,0.8,59,,
1,0.005,-6.369,G,12.6,2.7,1.5,149,,
,0.002,0.020,G,13.7,1.1,0.5,134,,
1,-0.080,-57.874,G,13.9,1.4,0.4,2,,
,0.136,114.015,OCl,8.4,11.4,,,,
,-0.128,-114.178,G,13.9,1.4,0.8,36,,
,0.087,56.458,G,12.5,3.5,0.5,70,,
,0.009,5.256,G,12.7,1.2,1.1,96,,
,-0.046,-48.111,G,11.8,3.6,1.4,83,,
,0.089,94.691,G,12.8,2.3,0.8,158,,
1,-0.077,-99.114,OCl,,7.2,,,,
,0.057,54.936,G,11.8,4.6,1.9,85,,
,0.004,5.500,G,15.4,1.0,0.8,12,,
,-0.014,-28.402,G,11.2,4.0,2.2,118,,
,0.007,3.739,G,13.6,1.1,0.4,107,,
1,0.002,0.212,G,13.9,1.4,1.0,20,,
,0.053,63.160,G,15.2,0.9,0.7,81,,
,0.003,0.019,G,14.3,1.3,0.5,86,,
,-0.087,-96.622,GCl,8.6,5.1,,,,
,0.055,39.338,G,14.2,0.9,0.8,153,,
,0.002,0.781,G,15.0,0.9,0.8,70,,
,0.039,56.618,G,15.2,1.0,0.9,59,,
,0.004,0.338,G,11.9,1.9,1.6,165,,
,-0.037,-44.285,G,14.4,1.5,1.0,103,,
,0.045,43.895,G,13.0,1.1,0.9,57,,
,0.001,0.021,G,14.8,1.0,0.5,118,,
,-0.025,-82.597,G,8.7,11.2,9.9,156,,
,0.028,82.578,G,13.0,1.1,1.0,0,,
,0.004,-0.117,G,15.1,0.8,0.5,123,,
,0.003,0.138,G,11.9,2.5,1.2,76,,
,0.001,0.050,G,13.2,0.9,0.7,135,,
,0.004,0.008,G,15.1,0.8,0.5,44,,
,0.002,-0.037,G,12.2,2.2,1.4,110,Perseus A,
1,0.001,0.062,G,13.5,1.0,0.7,96,,
,0.001,-0.011,G,12.4,1.4,1.3,90,,
,0.001,-0.083,G,17.2,0.6,0.4,15,,
,-0.034,-41.649,G,13.4,0.9,0.7,62,,
,0.036,41.799,G,13.3,0.8,0.4,68,,
,0.002,-0.263,G,12.9,1.4,1.1,27,,
,0.001,0.032,G,13.6,0.9,0.8,68,,
,-0.042,-51.688,G,14.4,1.9,1.2,15,,
,0.002,2.991,G,13.6,1.6,0.9,8,,
,-0.001,-0.319,G,14.7,1.0,0.8,154,,
,0.012,4.886,G,14.7,0.8,0.7,40,,
,-0.022,-29.845,G,12.2,2.3,1.7,178,,
,0.027,30.603,G,12.6,1.8,1.0,97,,
,0.010,-12.017,G,15.4,0.7,0.5,83,,
1,-0.020,-13.620,G,12.1,2.9,1.2,9,,
,0.056,69.003,G,13.4,0.9,0.9,0,,
,0.001,-0.032,G,13.3,1.4,1.1,167,,
,-0.027,-55.359,G,15.0,1.0,0.5,175,,
,-0.020,0.936,G,14.8,0.9,0.5,2,,
,0.007,-6.038,G,14.7,2.4,2.0,6,,
,0.016,16.986,G,14.0,1.0,0.9,68,,
,-0.001,-4.148,G,13.6,1.2,0.7,49,,
,-0.008,-13.149,G,10.5,6.0,3.1,101,,
,0.015,0.696,G,13.4,2.4,0.5,141,,
,-0.012,-7.345,G,10.6,4.3,3.9,170,,
,0.014,18.666,G,14.7,1.1,0.8,20,,
,0.009,2.810,G,14.4,1.3,0.7,59,,
,0.002,2.267,G,12.0,1.3,0.9,117,,
,-0.005,-23.196,G,13.8,1.1,0.6,159,,
1,0.024,22.756,G,14.7,1.1,0.9,88,,
,-0.007,-12.643,G,11.6,2.4,2.2,175,,
,-0.017,-21.702,G,12.1,2.1,1.6,98,,
,-0.016,-15.084,G,12.9,3.2,0.8,37,,
1,-0.031,-14.312,G,9.5,11.1,9.1,27,,
,0.074,62.311,G,14.9,1.5,1.3,51,,
,0.007,-17.188,G,13.7,1.6,1.4,161,,
,-0.007,-15.833,G,8.5,13.5,7.7,50,Fornax A,
,0.001,0.104,G,10.9,3.1,2.6,69,Fornax B,
1,0.020,15.576,G,13.9,1.5,0.7,29,,
,0.015,18.486,G,13.4,1.9,0.7,137,,
,-0.001,0.026,G,13.7,1.0,0.7,88,,
,0.002,0.097,G,14.3,1.1,0.8,98,,
,0.001,0.097,G,16.0,0.7,0.3,91,,
,0.001,-2.924,G,13.4,2.4,0.7,141,,
,-0.010,-15.798,G,11.5,4.3,1.5,53,,
,-0.008,-14.921,G,10.4,4.3,2.9,67,,
,0.024,10.785,G,15.5,1.1,0.4,175,,
,0.005,21.555,G,14.7,1.0,0.7,108,,
,0.006,-13.466,G,12.7,1.6,1.3,33,,
1,0.007,-3.764,G,13.4,0.9,0.8,11,,
,-0.003,0.020,G,10.4,5.3,3.8,121,,
,0.044,52.705,Cl+N,10.9,19.5,,,,
,0.019,10.462,G,14.7,1.2,0.5,118,,
,0.004,-0.259,G,15.7,0.9,0.5,168,,
,-0.063,-77.287,G,12.3,2.0,1.4,15,,
,0.026,27.325,G,12.9,4.9,1.3,153,,
,0.014,-3.764,G,14.0,1.3,1.2,165,,
,-0.014,-20.133,G,11.8,2.0,1.5,172,,
,0.004,1.218,G,10.4,5.1,3.1,167,,
,-0.006,-6.082,G,12.4,1.4,1.1,121,,
,0.062,74.529,OCl,6.7,6.3,,,,
,0.102,35.192,G,12.4,2.4,1.1,79,,
1,-0.138,-90.349,G,13.8,1.3,1.1,30,,
,0.012,12.235,G,16.4,1.4,0.5,84,,
,-0.009,-16.742,GPair,,1.8,,,,
,0.074,73.706,OCl,,3.6,,,,
,-0.045,-47.040,G,13.1,0.9,0.9,40,,
,-0.005,-38.010,G,10.3,5.2,2.6,11,,
,-0.009,-1.225,G,11.5,3.4,2.2,139,,
,0.016,15.576,G,13.3,1.1,0.8,128,,
,0.008,-1.541,G,11.5,3.6,1.5,138,,
,0.007,5.598,G,13.5,2.6,1.0,148,,
,0.016,10.222,G,13.2,1.7,0.3,77,,
,-0.046,-45.311,G,13.1,1.2,1.0,167,,
,0.044,36.646,G,11.4,3.4,2.5,76,,
,0.006,8.575,G,12.8,2.1,1.2,125,,
,0.002,-14.403,G,12.3,1.5,1.2,109,,
,-0.009,-6.380,PN,9.4,6.4,,,,
,0.018,19.607,G,14.7,1.2,0.8,44,,
,-0.007,-14.018,G,13.8,1.3,1.2,20,,
,0.015,10.441,G,14.0,0.9,0.8,90,,
,0.003,0.003,G,15.4,0.6,0.5,127,,
,-0.023,-26.301,G,10.1,12.0,6.1,20,,
,0.005,4.946,G,11.9,2.0,0.9,4,,
,0.019,6.261,G,10.7,4.9,3.3,134,,
,-0.001,9.277,G,15.2,1.1,0.5,119,,
,0.030,-20.600,G,13.7,2.2,1.7,9,,
,-0.026,15.882,G,13.5,1.5,0.8,50,,
1,0.030,4.493,G,15.3,0.7,0.7,50,,
,-0.034,-19.290,G,13.3,1.2,1.1,110,,
,0.005,-0.055,G,11.1,2.9,2.6,120,,
,0.000,-0.040,G,12.4,2.3,1.0,90,,
,0.030,30.223,G,12.8,1.9,1.8,30,,
,-0.007,-15.859,G,13.5,2.1,0.9,92,,
1,-0.010,-14.539,G,11.0,2.7,2.5,65,,
,0.007,0.465,G,9.9,4.6,2.2,6,,
,0.001,-0.319,G,11.5,2.5,1.0,139,,
,0.010,0.100,G,12.9,2.0,1.4,23,,
,0.009,16.856,G,12.5,2.0,0.8,85,,
,0.026,34.159,G,15.6,0.8,0.5,151,,
,-0.029,-40.320,G,11.0,3.4,2.1,3,,
,-0.012,-11.499,G,11.9,3.6,1.4,25,,
,0.003,0.492,G,10.8,3.0,2.9,110,,
,0.021,19.608,G,14.8,0.8,0.8,150,,
,-0.017,-19.847,G,11.5,2.6,1.4,28,,
,0.011,16.738,G,14.1,1.4,0.5,21,,
,0.017,0.654,G,13.3,1.2,0.6,65,,
,-0.018,-17.793,G,16.9,0.3,0.2,35,,
,0.014,17.719,G,12.1,1.9,1.2,161,,
,0.008,0.136,G,12.8,1.5,0.6,5,,
,-0.010,-4.736,G,9.7,4.7,4.0,105,,
,-0.007,-12.412,G,14.9,0.9,0.5,90,,
,0.028,30.770,G,14.7,1.0,0.7,172,,
,-0.015,-21.668,G,9.6,7.0,4.9,100,,
,-0.007,-9.113,G,9.4,8.5,7.7,150,,
,0.018,16.763,G,11.1,2.8,2.5,43,,
,-0.003,-4.037,G,12.3,2.5,0.9,132,,
,0.002,4.198,G,13.5,0.9,0.8,90,,
,-0.005,-3.862,G,12.7,1.5,1.3,165,,
,-0.005,-13.205,G,9.9,5.0,4.4,163,,
,0.024,20.064,G,15.0,1.6,0.5,152,,
,-0.016,-15.791,G,11.8,4.5,0.9,17,,
,0.014,12.741,G,9.7,5.7,5.3,60,,
1,0.016,17.277,G,14.8,0.8,0.6,130,,
,0.000,0.004,G,15.2,1.2,0.6,99,,
,-0.040,-42.802,G,11.2,2.5,1.8,12,,
,0.029,17.239,G,13.1,1.1,0.5,133,,
,-0.005,11.251,G,15.2,0.9,0.8,52,,
,0.013,-6.102,G,14.7,1.7,0.4,170,,
,-0.001,-0.851,G,11.5,3.7,1.5,141,,
,0.002,-0.155,G,14.2,1.5,1.0,172,,
,0.015,18.014,G,12.1,2.5,1.4,2,,
,0.005,-0.026,G,13.7,1.1,0.7,7,,
,-0.026,-32.780,G,12.6,1.5,1.3,45,,
1,0.030,24.023,G,11.5,3.5,0.8,180,,
,-0.016,-8.194,G,14.1,2.5,0.6,63,,
,0.019,15.300,G,14.8,1.0,0.7,16,,
,0.010,1.652,G,13.8,1.4,0.5,7,,
,-0.018,-25.163,G,10.7,4.9,2.1,130,,
,0.011,7.785,G,11.5,2.9,1.9,112,,
,-0.009,-13.285,G,10.9,4.3,2.9,78,,
,0.001,0.239,G,13.8,1.5,0.7,123,,
2,0.039,37.989,G,15.6,0.9,0.7,160,,
,0.019,21.533,HII,,60.0,40.0,,Maia Nebula,
,-0.064,-71.590,G,9.9,6.2,3.0,95,,
,0.070,37.539,G,15.4,0.8,0.5,163,,
,-0.001,33.448,Neb,,30.0,30.0,,Merope Nebula,
,-0.042,-59.618,G,11.7,3.0,2.1,152,,
1,0.028,12.851,G,12.4,2.0,0.9,67,,
,-0.008,1.081,G,11.4,3.0,2.8,10,,
,0.004,3.655,G,11.6,2.6,2.0,23,,
,0.011,14.174,G,12.9,1.9,0.7,89,,
2,0.063,56.747,OCl,6.6,3.6,,,,
,-0.076,-62.511,G,15.0,0.8,0.6,106,,
1,0.014,0.837,G,16.0,0.9,0.6,115,,
,-0.021,-35.626,G,10.9,8.0,1.5,41,,
,0.026,40.507,G,13.5,0.9,0.5,5,,
,-0.008,-5.097,G,15.2,0.9,0.7,28,,
,0.009,5.166,G,13.3,0.8,0.7,45,,
,-0.013,-14.565,G,11.8,2.4,1.8,30,,
,0.018,14.665,G,11.4,2.5,1.9,19,,
5,0.009,-21.553,G,13.7,1.8,1.2,161,,
,-0.013,-11.174,G,13.5,1.9,1.6,85,,
,0.038,20.303,G,11.8,2.9,0.8,157,,
,0.032,23.366,G,15.2,0.9,0.5,40,,
,-0.069,-66.783,G,13.5,1.3,1.1,25,,
,0.086,44.408,G,14.7,0.8,0.6,44,,
,0.035,47.895,G,14.8,2.0,0.4,165,,
,-0.149,-104.165,GCl,11.6,3.5,3.5,,,
,0.122,62.834,G,15.2,1.2,0.7,63,,
,0.005,2.489,G,15.0,1.2,0.8,140,,
,0.138,74.927,G,14.4,2.2,1.2,150,,
,-0.139,-77.577,G,14.6,1.6,0.4,166,,
1,0.027,0.431,G,16.0,0.7,0.6,110,,
,-0.105,-59.653,G,12.9,1.5,0.8,45,,
,0.117,78.928,G,13.8,1.0,0.7,5,,
,-0.011,-18.844,G,16.4,0.7,0.6,105,,
,-0.028,-36.395,G,13.8,1.5,0.5,85,,
,0.032,35.957,G,16.2,0.8,0.7,52,,
,0.001,0.020,G,16.2,0.6,0.4,43,,
2,0.006,-11.872,G,14.6,1.0,0.8,132,,
,0.003,-0.076,G,12.1,2.5,1.4,107,,
,-0.031,-26.975,G,12.8,1.9,1.5,153,,
,0.026,10.509,G,13.7,2.7,0.7,79,,
,0.178,107.966,G,12.4,2.2,0.7,21,,
,-0.145,-92.818,G,15.2,0.9,0.6,6,,
,-0.010,-20.547,GPair,,4.4,,,,
1,0.032,23.151,G,13.8,1.7,0.6,19,,
,-0.068,-46.801,G,13.6,1.4,1.2,131,,
,0.161,117.334,HII,,9.0,6.0,,,
,-0.084,-86.762,G,14.3,0.8,0.6,14,,
,-0.012,-10.765,G,11.4,3.4,3.2,80,,
,0.004,-2.697,G,11.9,3.5,1.9,180,,
,0.011,4.442,G,12.6,2.2,0.5,104,,
,0.103,97.127,OCl,9.6,2.1,,,,
,-0.041,-29.528,G,14.6,1.2,0.7,63,,
,-0.030,-35.153,OCl,,,,,,
,0.049,48.387,Neb,5.0,160.0,40.0,,California Nebula,
,-0.083,-88.695,G,14.8,1.5,1.1,88,,
,0.145,113.249,PN,11.5,0.9,,,,
,0.014,1.411,OCl,6.9,10.2,,,,
,-0.187,-128.373,G,14.4,1.0,0.7,141,,
,0.099,56.706,G,15.5,0.8,0.7,40,,
,0.001,0.013,G,14.7,1.2,0.9,69,,
,-0.037,-43.252,G,13.2,1.6,1.0,82,,
,0.068,50.385,G,12.4,3.8,0.8,12,,
,0.023,27.597,G,15.2,0.6,0.4,25,,
,-0.032,-36.587,G,14.6,0.8,0.6,55,,
,-0.006,-32.221,G,13.0,1.3,1.1,103,,
,-0.065,-24.234,G,11.3,3.7,1.5,123,,
,0.071,24.285,G,10.4,8.4,4.0,63,,
,0.100,92.866,OCl,8.4,5.1,,,,
,-0.010,-18.741,PN,10.2,2.2,,,,
,-0.088,-84.876,G,11.0,5.5,1.3,20,,
,0.068,45.269,GPair,,1.7,,,,
,0.018,17.480,G,14.2,1.0,0.8,160,,
,-0.039,-29.822,G,11.8,3.5,1.3,30,,
,0.021,3.980,G,13.0,2.5,0.9,107,,
,-0.176,-59.641,OCl,,5.4,,,,
,0.180,55.782,G,11.6,3.2,2.0,9,,
,-0.037,-31.616,G,13.6,1.2,0.9,39,,
3,-0.015,-13.172,G,14.6,0.9,0.6,36,,
,0.053,17.943,G,10.8,4.6,1.8,78,,
,0.115,99.108,OCl,6.4,9.6,,,,
,-0.133,-114.110,G,14.4,0.7,0.3,164,,
,0.269,138.195,G,11.7,1.8,1.0,130,,
,-0.191,-108.147,G,12.1,1.5,0.9,123,,
,0.001,-0.023,G,10.1,11.3,3.1,33,,
,-0.037,-23.244,G,10.7,3.3,2.0,149,,
,-0.018,-6.680,G,13.8,1.7,1.0,76,,
,0.092,50.059,PN,9.6,0.8,,,,
,-0.055,-43.741,G,12.9,1.7,1.2,157,,
,0.045,24.835,G,10.7,4.3,2.8,102,,
,0.021,18.453,G,16.0,0.7,0.5,108,,
,0.068,40.020,G,15.4,1.0,0.7,45,,
,-0.064,-55.316,G,15.1,0.8,0.5,150,,
,0.030,29.323,G,13.5,1.4,0.5,77,,
,0.004,3.947,G,13.9,1.2,0.4,128,,
,-0.075,-62.520,G,10.2,3.7,0.9,94,,
,0.831,143.960,G,14.1,1.1,0.9,121,,
,-0.694,-35.967,OCl,6.2,4.2,,,,
,-0.106,-106.316,G,11.3,3.7,2.5,143,,
,0.044,38.204,G,14.4,1.4,0.6,131,,
,0.068,54.773,OCl,,3.6,,,,
,-0.092,-92.508,G,9.8,5.1,4.3,138,,
,0.064,58.001,G,12.1,1.7,1.5,28,,
1,0.011,-3.102,G,14.3,1.8,1.3,104,,
,-0.068,-55.087,G,9.3,6.2,4.3,150,,
1,0.097,75.315,RfN,10.0,1.8,1.4,74,Hind's Nebula,
,-0.071,-69.699,G,13.1,1.5,0.6,167,,
,-0.076,-20.261,OCl,,7.2,,,,
,0.118,25.394,G,13.3,3.0,0.9,72,,
,-0.045,-17.753,G,10.6,4.2,2.2,63,,
,0.254,134.667,G,11.5,8.3,1.7,21,,
,-0.163,-87.729,G,14.8,1.4,0.8,167,,
,-0.021,0.091,G,15.2,0.9,0.7,80,,
,0.019,0.022,G,15.7,0.5,0.4,74,,
,0.002,-0.006,G,15.6,0.7,0.6,33,,
,0.006,-0.005,G,14.7,1.0,0.9,86,,
,-0.057,-39.194,G,9.7,7.2,5.0,45,,
,0.019,6.683,G,13.5,1.5,1.3,159,,
,0.055,47.509,G,14.8,1.5,1.0,139,,
,0.107,65.594,G,11.1,3.9,2.2,119,,
,-0.145,-108.478,G,14.0,2.1,1.4,180,,
1,0.010,3.029,G,12.5,1.4,0.9,160,,
,0.205,113.863,G,11.8,1.9,1.3,35,,
,-0.218,-130.237,G,10.2,4.1,2.3,2,,
,0.073,46.877,G,13.4,1.5,1.2,115,,
,-0.000,6.477,G,14.3,1.5,0.9,102,,
1,-0.043,-47.978,G,13.1,1.2,0.9,165,,
,0.108,86.868,Cl+N,,10.2,,,,
,-0.032,-40.448,G,14.3,1.0,0.7,121,,
,-0.060,-49.763,G,12.8,2.1,0.8,82,,
,0.118,98.727,OCl,7.0,7.8,,,,
,-0.058,-61.380,G,14.7,1.0,0.9,95,,
,-0.002,0.072,G,15.0,0.9,0.8,122,,
,-0.011,-24.642,G,14.2,0.8,0.6,168,,
,0.052,41.861,G,14.2,1.7,0.8,154,,
,0.000,0.966,G,11.7,2.1,1.5,73,,
,0.001,0.003,G,12.9,1.3,0.7,167,,
,0.001,0.199,G,11.8,3.1,1.0,160,,
,0.007,6.767,G,13.7,0.9,0.8,110,,
,-0.028,-34.344,G,13.7,1.4,0.8,29,,
,0.002,-0.696,G,14.1,1.0,0.6,97,,
,0.041,27.976,G,14.7,1.4,0.6,129,,
,-0.021,-6.365,G,13.7,1.7,1.2,89,,
,-0.041,-42.018,G,12.7,1.5,1.1,12,,
,-0.012,-7.212,G,11.1,3.9,1.0,19,,
,0.059,43.738,G,15.0,1.0,0.8,93,,
,-0.044,-36.493,G,13.3,1.4,0.7,133,,
,0.051,43.195,G,13.7,0.8,0.8,40,,
,0.001,-0.498,G,11.0,3.3,2.0,5,,
,0.000,0.026,G,13.8,0.9,0.7,89,,
,-0.063,-49.998,G,13.1,1.9,1.0,88,,
,0.066,49.964,G,13.8,0.9,0.6,57,,
,0.002,-0.276,G,14.8,1.4,0.8,69,,
,0.048,50.641,OCl,10.7,3.3,,,,
,-0.047,-50.303,G,16.5,0.6,0.5,94,,
,0.000,0.572,G,15.0,1.3,0.5,66,,
1,0.012,0.088,G,14.7,1.2,0.8,103,,
,0.025,-0.328,G,16.2,1.1,0.7,156,,
,-0.019,0.403,G,14.4,1.8,0.5,99,,
,0.002,0.125,G,15.2,1.4,0.9,138,,
,0.003,-0.093,G,14.8,1.1,0.7,28,,
,0.010,-4.314,G,12.9,1.3,0.9,20,,
,0.033,28.529,G,12.0,1.4,0.7,107,,
,-0.055,-63.666,G,12.6,1.9,1.0,33,,
,-0.017,-10.886,G,10.4,5.2,2.5,112,,
,0.074,51.453,G,12.7,2.1,0.7,22,,
1,0.008,3.005,G,12.1,3.5,0.9,23,,
,-0.003,-4.843,G,14.8,1.3,0.9,98,,
,0.003,1.798,G,12.5,2.9,0.5,29,,
,-0.018,-10.367,G,16.6,0.8,0.4,16,,
,0.085,64.018,Cl+N,11.8,3.0,,,,
,-0.059,-53.765,G,12.4,2.6,0.6,130,,
1,0.009,-1.584,G,13.5,1.6,1.4,150,,
,-0.000,0.172,G,14.2,1.9,0.4,6,,
,-0.133,-67.123,GCl,12.7,1.7,1.7,,,
,0.127,52.936,G,15.2,0.8,0.6,138,,
,0.019,-1.748,G,14.3,1.3,0.9,54,,
,0.026,11.194,G,15.3,0.7,0.4,43,,
,0.003,16.805,G,14.5,1.1,0.9,5,,
,0.000,-0.010,G,15.0,0.7,0.5,167,,
,-0.000,-7.887,G,13.4,1.5,1.4,175,,
,0.009,-8.060,G,13.9,1.2,1.0,175,,
,0.013,5.750,G,10.8,3.2,2.7,16,,
,0.002,1.049,G,12.2,2.1,1.3,67,,
1,0.011,-18.626,G,11.7,2.7,2.6,50,,
,-0.111,-45.328,OCl,,9.6,,,,
,0.122,66.382,G,12.6,1.7,1.4,151,,
,0.014,-5.938,G,14.1,1.2,0.8,7,,
,-0.101,-60.880,GCl,12.9,1.8,1.5,150,,
,0.107,60.733,G,14.0,2.2,0.8,89,,
,0.005,-3.067,G,13.6,1.5,0.8,155,,
,0.025,27.628,OCl,6.4,27.0,,,,
,-0.022,-27.574,G,15.6,0.8,0.5,179,,
,-0.103,-60.194,GCl,13.1,1.5,1.5,0,,
,0.113,52.803,G,12.9,2.4,1.1,168,,
,-0.127,-54.716,GCl,12.3,2.7,2.7,,,
1,0.137,68.193,G,12.0,1.8,1.7,175,,
,0.000,0.309,G,14.4,0.8,0.8,5,,
1,0.002,-3.053,G,14.5,1.7,1.0,109,,
,0.004,3.060,G,14.9,1.1,0.8,154,,
,-0.035,-39.386,G,14.3,1.0,0.6,125,,
,0.041,36.674,G,12.5,1.5,0.9,51,,
,-0.038,-36.709,G,14.9,1.1,0.6,31,,
,0.048,39.443,G,14.2,1.1,0.8,36,,
,0.023,12.985,OCl,6.4,13.8,,,,
,0.015,2.221,OCl,14.5,7.2,,,,
,0.029,30.525,OCl,7.6,11.4,,,,
,-0.047,-49.104,G,14.1,1.8,1.1,56,,
,0.004,-1.142,G,12.7,1.4,1.3,160,,
,0.001,0.250,G,12.2,1.9,1.5,3,,
,-0.042,-38.413,G,13.8,1.6,1.0,97,,
,-0.051,-21.081,G,14.9,0.7,0.4,101,,
,0.112,63.054,G,13.9,1.6,0.8,68,,
,-0.003,3.013,G,12.9,1.3,1.0,127,,
,-0.064,-59.500,G,10.2,6.1,5.5,95,,
,-0.051,-10.574,OCl,14.1,1.0,0.9,40,,
2,0.021,0.993,OCl,,1.1,1.0,40,,
,0.116,63.935,G,15.0,1.2,0.4,140,,
,0.012,2.270,G,14.3,1.3,0.8,76,,
,-0.028,-29.342,G,11.6,3.1,2.2,151,,
,-0.023,-15.851,G,14.5,1.3,0.5,102,,
,0.055,42.013,G,13.4,1.2,0.9,80,,
,0.008,2.697,G,14.4,1.0,0.8,120,,
,-0.000,0.081,G,16.0,0.9,0.3,163,,
,0.003,-0.081,G,13.0,2.5,1.7,95,,
,0.001,0.157,G,15.2,1.2,0.6,131,,
,0.006,-12.397,G,14.5,1.9,0.3,27,,
,-0.026,-18.593,G,14.7,1.4,0.5,43,,
,-0.049,-25.861,G,11.8,2.5,1.7,166,,
1,0.098,61.440,G,14.9,1.1,0.9,85,,
,0.006,1.628,G,13.1,1.5,1.5,30,,
,0.012,-23.839,G,13.0,1.4,1.2,173,,
,-0.129,-48.773,GCl,12.9,1.1,1.0,10,,
,0.127,64.691,G,15.0,1.2,0.7,31,,
,-0.125,-64.721,GCl,12.2,1.4,1.3,100,,
,0.012,1.131,OCl,13.9,1.1,1.1,,,
,0.002,-0.315,GCl,12.6,2.3,2.3,,,
,0.008,-0.557,GCl,12.1,1.5,1.4,70,,
,0.132,64.358,G,15.0,1.0,0.7,166,,
,-0.001,-0.109,G,11.2,3.1,2.0,87,,
,-0.018,-25.017,G,13.6,1.2,0.9,136,,
,-0.107,-39.968,OCl,12.5,1.2,1.2,,,
,0.057,10.109,G,11.7,2.7,2.5,25,,
,-0.049,-10.014,OCl,11.5,1.7,1.6,70,,
,0.072,16.395,G,12.5,1.9,1.4,53,,
,-0.029,-9.625,G,12.6,1.4,1.0,129,,
1,0.181,115.818,OCl,,6.0,,,,
,-0.077,-53.310,G,15.0,0.9,0.7,46,,
,-0.024,-14.811,G,14.5,1.6,1.3,19,,
,-0.112,-54.696,GCl,11.1,3.5,3.3,40,,
1,0.139,69.496,G,12.7,1.3,1.1,40,,
,-0.113,-66.434,Cl+N,11.6,1.1,1.1,,,
,0.001,0.014,EmN,,1.1,1.0,130,,
,0.100,46.545,G,13.9,1.3,1.1,20,,
,0.005,19.789,G,15.6,0.9,0.5,162,,
,-0.101,-66.476,OCl,12.2,1.8,1.8,,,
,0.119,66.791,G,14.4,1.1,0.4,101,,
,-0.004,-7.599,G,13.0,2.0,1.2,85,,
,-0.001,-3.260,G,13.8,1.6,0.8,130,,
,-0.121,-58.256,Cl+N,,2.5,2.1,170,,
,0.124,58.394,G,12.0,3.0,1.9,68,,
,0.068,60.473,OCl,,3.0,,,,
,-0.069,-60.624,G,13.8,1.4,1.3,15,,
,0.005,3.377,G,11.7,2.9,1.8,1,,
,-0.125,-61.584,Cl+N,,2.8,2.0,90,,
,0.121,58.216,G,13.0,1.2,0.8,179,,
,0.013,7.771,G,13.2,1.8,1.5,9,,
,-0.012,-12.472,G,13.2,2.3,1.0,100,,
1,-0.106,-52.826,OCl,12.3,1.1,1.0,50,,
,0.015,1.967,OCl,13.3,1.5,1.4,20,,
,-0.008,-2.086,OCl,13.1,1.2,1.1,50,,
,0.012,1.669,OCl,10.8,1.8,1.5,140,,
,-0.021,-0.953,EmN,15.5,1.9,1.4,170,,
,0.016,-1.122,HII,,1.1,0.9,110,,
,0.130,51.018,G,13.7,1.4,0.8,36,,
,-0.000,-0.010,G,14.2,1.5,0.7,104,,
,0.002,14.871,G,14.0,1.8,1.1,68,,
,-0.005,-0.961,G,15.5,1.2,0.6,65,,
1,-0.126,-64.942,Neb,11.3,0.9,0.8,130,,
,0.098,43.177,G,11.5,5.3,2.0,169,,
,-0.093,-43.137,Neb,13.4,1.2,1.1,90,,
,0.158,92.927,OCl,6.1,18.0,,,,
,-0.144,-90.937,OCl,9.4,4.4,4.4,,,
,-0.013,-2.015,Neb,12.3,0.9,0.8,100,,
,0.009,0.995,OCl,13.6,1.5,1.3,50,,
,0.151,91.835,OCl,,,,,,
,-0.164,-93.452,GCl,11.7,1.6,1.5,60,,
,0.133,61.565,G,12.4,3.0,0.8,79,,
,0.006,4.897,G,14.8,1.3,0.4,180,,
,-0.137,-67.098,GCl,11.6,1.6,1.6,,,
,0.016,2.238,GCl,9.8,2.2,1.9,130,,
,-0.007,-1.034,GCl,12.2,1.4,1.3,130,,
1,0.164,93.020,OCl,,,,,,
,-0.064,-62.456,G,14.1,1.9,1.5,148,,
,-0.068,-27.853,HII,,5.1,2.1,80,,
1,0.114,68.100,G,12.6,1.8,1.1,177,,
,-0.113,-67.982,Cl+N,9.4,5.2,3.6,70,,
,-0.006,-1.285,OCl,12.6,1.1,1.1,,,
,0.032,5.666,G,13.9,1.2,1.0,129,,
,-0.040,-8.197,OCl,12.2,1.0,0.9,30,,
,0.008,0.824,OCl,10.6,1.3,1.2,30,,
,0.009,1.152,OCl,12.8,0.7,0.6,50,,
,0.013,1.780,EmN,,4.1,2.6,60,,
,-0.009,-1.949,Cl+N,,4.1,4.1,,,
,0.028,5.120,G,13.4,1.9,0.6,134,,
,-0.034,-6.258,OCl,11.0,1.5,1.4,30,,
,0.022,3.196,Neb,,2.7,2.1,30,,
,-0.001,-0.882,OCl,10.8,1.7,1.5,60,,
,-0.020,-3.190,OCl,12.6,1.0,0.9,80,,
,0.029,4.002,OCl,13.0,1.3,1.2,40,,
,-0.048,-7.855,GCl,12.8,2.4,2.4,,,
,0.205,111.308,OCl,7.7,4.5,,,,
,-0.047,-46.170,G,12.1,2.7,1.2,112,,
,0.018,-10.320,G,14.7,0.9,0.5,86,,
,0.026,1.277,G,13.7,1.3,1.1,76,,
,-0.168,-51.202,OCl,10.5,1.2,1.1,110,,
,0.022,3.405,GCl,10.9,5.3,4.7,60,,
,0.105,54.115,G,11.6,4.0,1.8,96,,
1,-0.105,-55.873,GCl,10.1,2.0,2.0,,,
,0.043,1.922,OCl,10.9,24.0,14.0,140,,
,0.086,62.482,RfN,5.8,2.0,2.0,,,
,-0.151,-68.561,GCl,13.1,1.8,1.8,,,
,0.218,123.962,OCl,,,,,,
,-0.197,-122.229,OCl,13.1,1.2,1.0,30,,
,0.102,32.188,G,10.2,5.5,2.8,136,,
,-0.093,-31.577,OCl,12.4,1.3,1.1,130,,
1,0.002,-0.243,OCl,12.4,1.4,1.3,170,,
,0.049,8.661,G,12.4,1.9,1.0,101,,
,0.084,53.121,G,14.4,1.2,0.8,60,,
,0.065,55.715,OCl,,5.4,,,,
,-0.065,-55.665,G,15.0,1.2,0.6,105,,
,-0.022,-23.985,G,12.6,1.6,1.2,112,,
,-0.097,-37.660,GCl,12.2,2.2,1.9,160,,
,0.160,93.739,OCl,,4.8,,,,
,-0.079,-73.693,G,12.9,0.9,0.6,61,,
,-0.073,-19.515,OCl,11.9,0.9,0.8,170,,
,0.021,2.971,GCl,,1.8,1.6,80,,
,-0.002,-1.874,GCl,11.1,2.5,2.5,,,
,0.142,84.499,OCl,7.0,5.4,,,,
,-0.051,-54.026,G,10.2,5.4,1.8,135,,
,-0.093,-32.055,G,12.3,3.7,1.4,143,,
,0.021,3.186,OCl,11.9,1.2,1.1,30,,
,0.089,37.106,G,14.5,1.7,0.4,60,,
,0.003,0.025,G,13.7,1.3,0.9,7,,
,-0.103,-41.067,OCl,12.8,0.9,0.9,140,,
,0.018,3.017,Cl+N,12.8,1.2,1.1,10,,
,-0.022,-3.320,OCl,12.4,1.2,1.0,60,,
,0.023,3.360,OCl,13.0,0.9,0.8,0,,
,0.143,83.945,OCl,7.7,9.3,,,,
,-0.136,-83.118,GCl,9.7,3.1,2.7,130,,
,0.125,71.635,G,13.7,1.5,1.1,117,,
,-0.129,-72.467,OCl,11.5,7.0,5.4,20,,
,0.129,52.131,G,13.9,1.3,0.9,95,,
,-0.110,-51.076,OCl,13.2,1.2,1.0,100,,
,-0.029,-4.124,OCl,12.1,1.0,0.9,10,,
,0.059,10.611,G,12.6,2.1,0.8,164,,
,-0.044,-9.202,OCl,12.0,1.0,0.9,40,,
,0.021,2.696,OCl,13.2,1.2,1.1,60,,
,0.075,29.270,G,13.2,3.2,0.7,120,,
,-0.096,-32.428,OCl,12.5,1.2,1.1,170,,
,0.011,1.329,Cl+N,,1.8,1.6,20,,
,-0.006,-1.281,OCl,12.6,1.3,1.2,60,,
,0.028,4.423,GCl,11.2,3.8,3.2,170,,
,0.096,49.229,G,11.5,2.5,0.9,13,,
,-0.128,-55.040,Cl+N,,1.6,1.1,60,,
,0.013,1.521,OCl,11.8,0.9,0.8,100,,
,-0.001,-0.197,GCl,10.6,2.3,2.0,80,,
,0.008,0.776,OCl,12.2,1.5,1.4,50,,
,-0.011,-2.086,OCl,12.3,1.9,1.5,10,,
,0.020,2.269,OCl,12.9,1.3,1.2,20,,
,-0.001,-0.182,OCl,11.8,1.6,1.6,,,
,-0.012,-3.136,OCl,,0.8,0.7,80,,
,-0.333,-12.236,GCl,11.4,4.0,4.0,,,
,0.366,16.726,OCl,14.0,1.5,1.5,,,
,0.113,56.646,G,13.3,1.8,1.4,123,,
,-0.110,-56.696,OCl,12.1,1.6,1.6,,,
1,0.001,-0.138,GCl,11.3,3.8,3.8,,,
,-0.007,-1.510,OCl,12.5,1.8,1.6,0,,
,0.005,-2.224,OCl,9.7,2.2,2.0,140,,
,0.036,4.879,OCl,12.8,1.5,1.5,,,
,-0.014,-2.446,GCl,9.0,3.0,3.0,,,
,0.089,28.715,GCl,7.2,9.0,,,,
,-0.078,-27.729,GCl,12.0,1.9,1.9,,,
,0.048,10.377,G,13.6,1.5,0.5,39,,
,-0.049,-11.448,GCl,10.4,2.3,2.3,,,
1,0.002,-0.281,GCl,10.1,2.7,2.4,90,,
,0.177,108.472,OCl,7.0,4.5,,,,
,-0.171,-108.235,Cl+N,9.9,4.4,2.6,170,,
,0.028,3.641,OCl,12.3,1.5,1.5,,,
,-0.014,-3.502,OCl,11.0,1.1,1.1,,,
,-0.005,-2.025,OCl,13.2,1.5,1.5,,,
,0.037,4.623,OCl,13.3,0.9,0.8,10,,
,-0.016,-2.573,OCl,,1.4,1.2,50,,
,0.017,1.106,OCl,12.9,1.1,0.9,110,,
,-0.004,-1.150,OCl,12.9,1.4,1.4,,,
,0.021,3.305,GCl,9.7,5.5,5.5,,,
,0.000,-0.826,OCl,13.3,1.5,1.4,120,,
,0.015,2.338,GCl,11.6,2.7,2.7,90,,
,-0.011,-3.425,Cl+N,,2.0,1.4,100,,
,-0.013,-1.738,GCl,11.3,1.1,1.0,10,,
,0.012,1.664,Cl+N,10.1,2.3,1.6,60,,
,-0.011,-1.859,GCl,11.0,1.7,1.7,,,
,0.012,1.978,Cl+N,10.4,2.8,2.2,120,,
,-0.012,-2.042,Cl+N,12.8,1.4,1.1,100,,
,0.143,76.065,G,14.6,0.8,0.7,47,,
,-0.141,-76.051,Cl+N,11.7,1.5,1.5,,,
,0.005,-0.022,Neb,12.0,1.1,0.6,130,,
,-0.013,-1.088,OCl,12.9,1.1,1.0,50,,
,0.116,38.329,G,12.8,2.4,1.7,60,,
,-0.106,-37.236,HII,12.8,1.2,1.0,140,,
,0.003,0.080,OCl,,1.2,0.8,160,,
,0.032,3.169,OCl,12.3,1.6,1.4,20,,
,0.173,112.620,OCl,12.0,5.7,,,,
1,-0.180,-115.468,OCl,12.0,1.4,1.2,130,,
,0.111,45.168,G,13.6,3.2,0.3,61,,
,-0.095,-42.509,OCl,12.7,1.5,1.5,,,
,0.108,54.819,G,11.9,3.3,1.3,148,,
,0.000,0.003,G,14.1,0.6,0.4,165,,
,-0.147,-60.581,OCl,12.8,1.1,1.0,70,,
,0.133,36.289,OCl,,,,,,
,-0.076,-29.171,G,12.3,3.4,1.0,75,,
,0.093,98.372,OCl,7.5,6.0,,,,
,-0.115,-102.881,OCl,12.2,1.4,1.2,60,,
,0.017,2.139,Neb,12.9,1.4,1.3,40,,
,0.145,96.590,OCl,,3.9,,,,
,-0.134,-96.711,OCl,13.5,1.1,1.0,170,,
,-0.014,-2.205,OCl,11.9,1.6,1.6,,,
,0.019,1.755,HII,,1.1,1.0,20,,
,0.022,4.877,OCl,13.6,1.8,1.6,100,,
,-0.015,-5.412,OCl,,11.1,,,,
,0.001,1.809,OCl,11.8,1.7,1.7,,,
,-0.015,-2.708,GCl,11.9,1.9,1.9,,,
,0.113,44.811,GCl,8.2,7.2,,,,
,-0.096,-42.754,OCl,13.2,0.9,0.9,,,
,0.106,51.335,G,14.1,1.0,0.7,154,,
,0.055,51.269,OCl,8.2,5.4,,,,
1,-0.386,-42.592,RfN,,180.0,60.0,,the Witch Head Nebula,
,0.230,-61.966,Cl+N,9.7,3.6,2.8,120,,
,0.012,2.548,OCl,,0.6,0.6,,,
,0.154,102.539,OCl,6.4,9.6,,,,
,-0.173,-105.391,OCl,11.1,1.3,1.1,150,,
,-0.011,-1.720,Cl+N,12.0,1.5,1.2,150,,
1,0.016,1.849,GCl,10.4,2.1,2.1,,,
,0.007,0.408,GCl,12.3,1.7,1.7,,,
,0.002,-0.663,SNR,,3.9,1.7,120,,
,0.020,2.771,Neb,,1.4,1.2,50,,
,0.004,0.112,HII,12.5,1.2,1.1,100,,
,-0.020,-3.009,OCl,12.9,1.0,0.9,20,,
,0.007,0.340,OCl,11.5,1.0,0.9,30,,
,0.029,3.961,Cl+N,11.2,0.9,0.8,80,,
,0.108,60.176,G,12.5,1.6,1.1,133,,
1,-0.124,-64.214,GCl,11.8,1.4,1.2,120,,
1,0.006,0.047,OCl,12.5,1.3,1.3,,,
,0.011,1.566,OCl,14.0,1.2,1.1,90,,
,0.072,21.184,G,12.4,2.0,1.2,36,,
,0.092,80.975,Cl+N,10.1,4.8,,,,
1,-0.150,-100.399,OCl,13.8,1.3,1.3,,,
,-0.011,-1.785,Cl+N,10.5,1.9,1.3,150,,
,0.003,-0.020,HII,,1.2,1.2,,,
,0.005,-0.021,EmN,11.6,1.0,1.0,,,
1,-0.014,-1.961,GCl,13.1,0.9,0.8,90,,
,0.000,-0.011,GCl,11.8,1.4,1.3,80,,
,0.022,2.763,GCl,11.9,1.2,1.2,,,
,0.006,0.808,Cl+N,12.0,0.9,0.8,100,,
,0.027,2.437,OCl,13.5,1.9,1.9,,,
,-0.037,-6.213,GCl,11.9,1.1,1.0,140,,
,-0.009,-2.339,GCl,11.8,2.7,2.7,,,
,0.049,6.037,EmN,,10.0,6.0,60,,
,0.006,0.062,OCl,12.6,1.0,0.9,130,,
,0.026,2.635,G,10.5,3.5,3.2,89,,
,-0.017,-2.507,Cl+N,10.6,7.0,5.7,30,,
,-0.012,-2.206,Neb,12.4,0.9,0.9,100,,
,-0.009,-1.429,OCl,13.2,1.7,1.7,,,
,0.026,3.305,OCl,10.6,1.7,1.5,20,,
,0.141,88.611,SNR,8.4,8.0,4.0,,Crab Nebula,
,-0.152,-90.852,GCl,11.7,1.2,1.2,,,
,0.123,54.775,G,12.0,3.6,1.9,149,,
,-0.111,-53.434,HII,8.9,4.0,3.6,20,,
,-0.110,-10.232,G,14.1,1.8,0.9,64,,
,0.223,63.596,G,14.8,0.9,0.8,65,,
,-0.124,-55.704,GCl,13.0,1.5,1.5,,,
,0.002,-0.090,OCl,12.2,1.6,1.6,,,
,0.178,104.068,OCl,6.0,7.2,,,,
,0.096,35.237,G,11.5,4.4,3.1,85,,
,-0.263,-138.216,OCl,11.5,1.4,1.4,,,
,0.100,32.439,OCl,,6.3,,,,
,0.018,14.453,G,10.9,5.2,2.3,31,,
,-0.114,-46.859,OCl,11.7,1.2,1.1,,,
,0.004,-0.015,OCl,11.8,1.1,1.0,30,,
,-0.001,-0.282,OCl,10.8,0.9,0.9,100,,
1,-0.003,-0.739,OCl,12.5,1.2,1.2,,,
,0.006,1.004,OCl,10.3,1.5,1.5,,,
,-0.002,-1.015,OCl,11.9,1.1,0.9,0,,
,0.000,0.014,OCl,12.6,0.9,0.8,100,,
,0.139,65.106,Neb,7.0,5.0,5.0,,,
,-0.119,-62.692,OCl,10.3,1.6,1.6,,,
,0.122,62.739,Neb,7.0,10.0,5.0,,,
,-0.000,-0.705,Cl+N,4.0,90.0,60.0,,Great Orion Nebula,
,-0.000,0.546,Cl+N,,10.2,,,the Running Man Nebula,
,-0.109,-61.392,GCl,10.7,4.0,2.7,160,,
,0.088,42.926,G,12.9,1.9,1.8,145,,
,0.024,17.400,Cl+N,2.5,9.3,,,Lower Sword,
,-0.005,1.485,Cl+N,4.2,9.0,,,Upper Sword,
,0.006,-0.842,HII,9.0,20.0,15.0,,Mairan's Nebula,
,-0.130,-63.719,OCl,,4.0,3.0,150,,
,-0.001,-0.148,OCl,10.0,1.5,1.2,60,,
,0.169,101.123,RfN,12.7,0.7,0.7,,,
,-0.169,-101.963,GCl,11.1,2.8,2.4,140,,
,-0.006,-0.763,GCl,12.1,1.7,1.7,90,,
1,0.118,39.936,G,14.1,1.7,1.2,93,,
2,0.002,-0.096,G,14.7,1.2,0.7,51,,
,0.015,13.082,G,13.6,1.6,0.9,77,,
,-0.117,-51.327,OCl,,1.6,1.5,170,,
1,0.166,94.965,OCl,,6.0,,,,
,-0.129,-89.023,OCl,13.4,1.8,1.8,,,
,0.044,14.504,G,15.2,0.9,0.5,16,,
,0.053,41.980,RfN,9.5,2.0,2.0,,,
,-0.149,-65.163,OCl,12.1,1.6,1.5,150,,
1,0.048,4.994,GCl,10.8,1.9,1.7,20,,
,0.009,0.418,GCl,11.3,1.7,1.4,70,,
,-0.003,-0.819,GCl,9.6,3.0,2.8,90,,
,-0.009,-2.466,GCl,11.6,1.6,1.6,,,
1,0.080,18.830,G,14.8,1.5,0.5,81,,
,0.001,-0.045,G,14.0,1.2,0.6,95,,
,-0.068,-18.215,OCl,11.0,1.4,1.2,10,,
,-0.006,-1.638,OCl,11.7,1.9,1.7,170,,
,0.029,3.297,OCl,10.6,1.0,1.0,,,
,-0.163,-12.329,G,13.0,1.3,0.8,113,,
,0.358,135.646,OCl,,,,,,
,-0.195,-123.484,Neb,9.0,5.1,3.5,60,,
1,-0.012,-2.256,OCl,,1.8,1.8,,,
,0.128,52.098,OCl,,5.0,,,,
,-0.131,-53.221,HII,10.9,2.8,1.7,170,,
,0.008,0.909,GCl,10.9,1.5,1.5,,,
,0.021,2.444,EmN,,3.2,2.9,50,,
,0.006,0.263,OCl,12.1,0.9,0.9,,,
,0.143,76.540,PN,11.6,0.3,,,,
,-0.008,-11.346,RfN,,10.0,8.0,,,
,0.001,0.403,Neb,,30.0,30.0,,,
,-0.152,-69.859,OCl,10.9,1.9,1.9,,,
,0.176,91.854,OCl,,4.2,,,,
,-0.136,-87.055,OCl,11.0,4.6,2.8,100,,
,-0.020,-3.036,OCl,12.9,1.1,1.0,60,,
,0.032,3.917,OCl,12.3,1.1,0.8,60,,
,-0.012,-1.521,HII,12.3,1.7,1.7,,,
,-0.021,-3.431,GCl,10.8,3.3,2.8,150,,
,0.027,3.419,HII,,2.8,1.4,30,,
2,0.003,-0.016,Neb,11.0,1.8,1.3,20,,
,-0.017,-2.480,OCl,12.8,1.6,1.6,,,
,0.009,0.332,OCl,10.3,2.9,1.3,170,,
,-0.006,-0.831,OCl,11.9,1.6,1.5,120,,
1,0.024,2.994,Neb,11.5,2.1,1.7,160,,
,0.006,0.579,GCl,10.4,2.6,2.6,,,
,-0.005,-1.933,OCl,9.6,4.5,4.5,,,
,-0.004,-1.151,OCl,,0.7,0.6,120,,
2,-0.005,-0.167,OCl,12.6,1.1,1.0,110,,
,0.004,0.048,OCl,13.2,0.9,0.9,90,,
,0.001,0.544,EmN,12.2,1.4,1.0,100,,
,0.122,39.571,G,13.7,2.1,1.0,167,,
1,-0.119,-40.933,OCl,11.7,1.5,1.5,,,
,0.018,1.237,Neb,,18.0,12.0,,,
,0.008,2.361,OCl,12.2,1.5,1.3,10,,
2,-0.019,-3.259,OCl,11.8,1.5,1.5,,,
,0.006,0.403,OCl,12.2,1.3,1.2,20,,
,0.000,0.107,OCl,11.8,2.1,2.1,,,
,0.002,0.033,OCl,12.8,1.1,1.0,170,,
,0.013,0.957,SNR,9.6,2.2,2.0,160,,
,0.082,35.162,OCl,,,,,,
,-0.045,-32.866,OCl,12.7,1.2,1.1,20,,
1,0.105,66.882,RfN,,10.0,10.0,,,
,-0.145,-70.242,OCl,11.2,2.3,2.3,,,
,0.002,0.069,OCl,13.1,1.0,0.9,140,,
,0.147,70.298,RfN,,8.0,3.0,,,
,0.003,-0.052,RfN,8.0,4.5,,,,
,-0.133,-69.053,Neb,10.1,5.0,2.2,30,,
,-0.001,-0.127,HII,7.2,16.0,16.0,,30 Dor Cluster,
,0.140,69.395,Cl+N,8.0,7.0,5.0,,,
,-0.145,-70.528,OCl,13.2,1.0,0.9,110,,
,0.125,48.235,G,13.4,1.4,1.4,110,,
,-0.114,-47.499,Cl+N,8.5,4.0,3.4,50,,
,-0.012,-1.187,Cl+N,11.5,2.2,1.8,30,,
,0.141,53.902,G,12.9,2.5,1.5,44,,
,-0.120,-52.874,Neb,11.7,1.3,1.3,,,
,0.001,-0.086,EmN,10.9,1.2,1.1,0,,
,-0.001,-0.014,HII,11.8,1.1,0.9,160,,
,0.003,0.113,HII,10.4,1.7,1.5,130,,
,0.003,0.238,Cl+N,,8.5,6.0,70,,
,0.032,5.105,G,12.2,2.1,1.9,50,,
,-0.032,-5.437,Neb,10.8,2.0,1.8,70,,
,0.003,-0.021,Neb,,1.7,1.2,40,,
,0.000,0.086,Neb,12.1,0.9,0.9,,,
,0.001,0.005,Neb,12.0,0.8,0.8,70,,
,0.068,14.136,G,14.7,0.8,0.6,133,,
,-0.055,-12.933,OCl,12.5,1.5,1.4,10,,
,0.115,50.863,G,12.9,2.2,1.1,42,,
,-0.014,-16.649,G,10.9,4.5,1.7,17,,
,-0.101,-35.186,OCl,12.1,1.3,1.2,80,,
,0.006,0.213,OCl,,1.0,0.9,90,,
1,0.013,0.860,OCl,12.8,0.8,0.8,10,,
,0.008,1.045,OCl,13.1,1.5,1.4,140,,
,-0.005,-1.140,OCl,11.3,1.1,0.9,160,,
,0.033,5.673,GCl,13.7,1.9,1.9,,,
,-0.029,-5.487,OCl,10.7,2.2,2.0,140,,
,0.163,100.826,OCl,5.6,11.4,,,,
,-0.169,-101.765,GCl,9.6,2.5,2.5,,,
,0.070,17.123,G,13.3,1.2,0.7,94,,
,-0.067,-17.398,OCl,11.4,0.8,0.8,,,
,-0.011,-1.846,HII,10.8,4.0,3.5,40,,
,0.090,19.780,G,12.7,2.1,0.9,162,,
,-0.046,-15.365,GCl,12.2,1.7,1.5,160,,
,0.107,45.351,G,13.1,2.4,1.2,106,,
,-0.126,-49.073,OCl,11.5,1.7,1.7,,,
,0.012,1.458,GCl,12.3,1.8,1.8,,,
,0.008,0.634,OCl,12.2,1.6,1.6,,,
,0.130,61.092,G,13.5,1.8,1.4,175,,
,-0.128,-63.537,OCl,12.4,1.5,1.4,60,,
,0.154,71.404,OCl,9.1,21.0,,,,
,-0.139,-70.185,Cl+N,,1.1,1.1,,,
,0.013,1.726,OCl,12.5,1.4,1.2,30,,
,0.086,17.461,GPair,,1.3,,,,
,-0.068,-17.921,OCl,12.9,1.2,1.1,160,,
,0.008,1.058,OCl,11.7,2.0,1.8,90,,
,-0.002,-1.682,OCl,13.4,1.6,1.6,,,
,0.163,81.081,G,15.0,1.3,1.0,145,,
,-0.114,-75.627,GCl,12.7,2.2,2.2,,,
,-0.039,-7.802,GCl,12.4,2.7,2.2,30,,
,0.011,1.410,Cl+N,10.4,6.0,5.0,50,,
,0.047,4.749,GCl,12.6,1.5,1.5,,,
,0.103,45.236,G,13.4,2.8,0.8,4,,
,-0.117,-49.394,OCl,,1.1,1.1,,,
,0.194,119.345,OCl,,5.4,,,,
,-0.186,-119.225,OCl,11.6,1.5,1.5,,,
,0.220,126.987,G,13.7,1.4,1.0,63,,
,-0.058,-34.306,OCl,6.7,3.9,,,,
,-0.145,-90.656,GCl,12.1,1.4,1.3,160,,
,0.107,40.681,G,14.6,1.2,0.5,119,,
,-0.051,-33.275,OCl,,7.8,,,,
,-0.071,-11.247,OCl,12.0,1.6,1.6,,,
,0.008,0.077,GCl,11.1,2.8,2.8,,,
,0.027,3.668,GCl,12.1,1.5,1.5,,,
,-0.010,-2.063,GCl,10.7,2.8,2.5,140,,
,0.004,0.011,OCl,12.7,1.1,1.0,30,,
,0.027,3.645,GCl,13.8,1.2,1.2,,,
,0.105,42.164,G,11.7,2.9,2.2,124,,
,-0.115,-44.927,OCl,12.4,1.5,1.5,,,
,0.145,79.046,OCl,9.4,5.4,,,,
1,0.001,-4.615,OCl,,6.9,,,,
,-0.367,-87.950,G,13.9,1.5,1.1,86,,
,0.223,11.218,OCl,12.1,1.5,1.5,,,
,0.404,149.258,G,10.7,5.3,4.3,123,,
,-0.381,-146.559,OCl,12.9,0.9,0.9,,,
,0.050,9.076,G,14.6,1.2,0.8,157,,
,0.080,49.395,RfN,,3.0,2.0,,,
,-0.129,-59.830,G,13.0,1.1,0.6,130,,
,0.009,0.544,OCl,,1.3,1.3,,,
,0.076,18.276,G,14.8,1.1,0.8,71,,
,-0.051,-15.660,GCl,13.1,1.5,1.5,,,
,-0.004,-0.863,GCl,11.8,2.4,2.4,,,
,0.016,1.788,GCl,12.6,2.4,2.4,,,
,-0.012,-2.985,GCl,11.4,2.1,2.1,,,
,-0.004,-0.736,GCl,10.2,2.8,2.8,,,
,0.164,93.293,OCl,8.6,8.4,,,,
,-0.156,-92.719,GCl,11.4,1.9,1.9,,,
,0.002,0.333,OCl,12.2,1.4,1.4,,,
,-0.041,-6.064,GCl,12.9,2.3,2.3,,,
,0.079,10.633,GCl,12.7,3.0,3.0,,,
,0.122,82.378,RfN,,3.0,2.0,,,
,-0.148,-87.173,GCl,10.3,2.8,2.8,,,
,0.203,120.193,OCl,,,,,,
,-0.192,-119.619,OCl,12.9,1.4,1.4,,,
1,0.158,92.281,OCl,5.1,24.0,,,,
,-0.011,-10.374,OCl,5.9,7.2,,,,
,-0.014,-20.364,RfN,,2.0,2.0,,,
1,-0.124,-62.238,OCl,11.8,1.7,1.7,,,
,-0.036,-4.338,GCl,11.9,2.6,2.6,,,
,0.191,93.635,Neb,,40.0,30.0,,Monkey Head Nebula,
,0.004,-0.172,Cl+N,6.8,5.4,,,,
,-0.139,-87.341,OCl,,1.1,1.0,20,,
,-0.001,-0.880,OCl,12.8,1.5,1.4,160,,
,0.026,3.969,G,13.7,1.3,1.0,73,,
,0.087,42.017,G,12.3,2.0,1.4,165,,
,0.026,26.459,OCl,9.0,4.2,,,,
,-0.115,-69.977,GCl,13.6,1.5,1.5,,,
,0.114,58.939,RfN,9.0,3.0,2.0,,,
,0.021,0.114,HII,15.2,12.0,,,,
,0.003,2.717,OCl,,6.6,,,,
,0.000,-2.732,Neb,12.9,2.0,2.0,,,
,0.019,11.686,OCl,8.7,4.2,,,,
,-0.139,-75.042,GPair,,3.3,,,,
,0.106,35.477,G,11.7,5.4,1.3,177,,
1,-0.152,-40.619,GCl,12.9,2.2,2.2,,,
,0.123,22.213,G,12.3,1.8,0.9,122,,
,0.115,92.367,OCl,10.9,5.4,,,,
,-0.150,-104.954,GCl,13.4,1.7,1.7,,,
,0.124,77.906,OCl,8.5,8.7,,,,
1,-0.026,-34.613,G,11.2,2.8,2.2,45,,
,-0.101,-45.291,GCl,13.4,1.8,1.6,80,,
1,-0.023,-6.303,G,13.8,2.2,0.9,38,,
,0.143,29.737,G,14.9,1.2,0.9,168,,
,0.003,-0.042,G,14.3,1.0,0.7,111,,
,0.056,49.701,OCl,,4.8,,,,
,-0.203,-81.434,GCl,11.3,3.2,3.2,,,
,0.181,56.772,OCl,8.6,6.3,,,,
,-0.083,-43.872,G,13.7,1.3,1.0,77,,
,0.091,35.773,G,12.2,2.5,1.1,136,,
,0.006,5.392,G,11.1,4.9,2.7,116,,
,0.103,73.282,G,12.6,1.7,1.0,107,,
,-0.233,-125.747,GCl,13.2,2.9,2.9,,,
,0.049,4.717,GCl,10.9,3.3,3.3,,,
,0.116,50.584,G,13.7,1.4,0.7,24,,
,0.002,0.018,G,14.6,1.3,0.7,147,,
,-0.132,-53.009,OCl,12.4,2.1,2.1,,,
,0.038,3.267,OCl,10.9,3.1,3.1,,,
,0.131,60.977,OCl,8.4,8.4,,,,
,0.012,-14.803,G,13.7,1.4,1.1,20,,
,0.002,-5.147,G,10.6,4.6,4.1,113,,
1,0.035,22.557,OCl,,4.2,,,,
1,-0.058,-52.901,G,13.9,2.4,0.5,179,,
,0.000,0.044,G,14.2,1.4,0.4,148,,
,0.072,34.696,G,11.9,2.8,2.2,9,,
1,0.033,13.207,OCl,,3.6,,,,
,0.001,-0.012,OCl,,,,,,
,-0.011,-12.362,G,12.2,2.3,1.2,21,,
,-0.079,-42.454,G,14.6,1.0,0.8,42,,
,0.003,-0.498,G,14.4,1.2,0.5,132,,
,0.001,-0.036,G,14.1,1.3,0.7,93,,
,-0.013,-2.525,GCl,13.2,2.1,2.1,,,
,0.122,62.671,OCl,3.9,9.9,,,,
,-0.106,-60.186,G,14.9,1.0,0.4,43,,
,0.128,81.756,OCl,,4.2,,,,
,-0.116,-81.657,G,14.0,1.4,1.1,57,,
,0.121,71.765,OCl,8.5,5.4,,,,
,0.021,-1.782,Neb,,80.0,50.0,,Rosette A,
,-0.004,-0.036,HII,6.0,80.0,60.0,,Rosette Nebula,
,0.021,-0.070,Cl+N,4.8,9.3,,,,
,0.021,30.307,OCl,,3.6,,,,
,-0.172,-104.175,OCl,13.2,1.6,1.6,,,
,0.188,113.702,PN,15.0,0.5,,,,
,-0.076,-76.058,OCl,9.4,5.1,,,,
1,0.052,41.438,RfN,11.0,2.0,2.0,,,
,-0.002,-5.029,Neb,,10.0,10.0,90,Rosette B,
,0.008,5.194,RfN,8.5,2.0,2.0,,,
1,-0.121,-79.242,GCl,12.2,2.3,2.3,,,
,0.134,63.836,OCl,8.9,5.1,,,,
,0.013,13.450,OCl,7.3,5.7,,,,
,0.002,-3.000,OCl,7.7,6.6,,,,
,0.149,59.840,G,12.9,1.4,1.1,130,,
,-0.131,-57.533,OCl,9.1,4.2,,,,
,-0.031,-42.486,G,14.2,1.5,0.8,159,,
,0.221,109.050,G,13.9,2.2,2.0,65,,
,-0.283,-138.563,GCl,12.6,4.0,4.0,,,
,0.292,138.808,G,11.9,3.0,1.9,150,,
,-0.157,-63.598,OCl,10.8,6.0,,,,
,-0.005,-12.357,OCl,,,,,,
,0.019,10.217,RfN,11.8,2.0,1.0,,Hubble's Nebula,
,0.008,-7.600,OCl,11.3,3.9,,,,
,-0.020,-25.993,G,12.9,2.9,1.8,144,,
,0.042,34.744,Cl+N,3.9,11.4,,,Christmas Tree Cluster,
,0.012,2.010,OCl,,4.5,,,,
,0.027,15.065,OCl,9.5,4.2,,,,
,-0.041,-59.452,G,13.2,1.7,1.4,110,,
,0.557,116.864,G,11.6,2.1,0.9,73,,
,-0.517,-79.758,OCl,10.0,4.8,,,,
,0.012,-1.145,OCl,,5.4,,,,
,-0.018,-26.955,G,13.2,1.8,1.3,78,,
,-0.004,-3.983,G,11.9,2.2,1.5,118,,
,0.125,88.305,G,12.4,2.3,1.4,63,,
,-0.048,-27.279,G,13.5,1.8,1.8,170,,
,0.000,0.032,G,13.6,2.5,0.8,3,,
,0.666,52.156,G,11.5,2.2,1.7,19,,
3,-0.707,-113.394,G,11.1,6.5,2.8,164,,
,0.058,68.718,OCl,5.4,10.8,,,,
,-0.024,-39.763,HII,10.0,3.0,3.0,,,
,-0.016,-19.526,G,12.9,2.8,2.0,178,,
2,0.029,15.062,OCl,7.5,5.4,,,,
,-0.027,-17.606,OCl,4.5,12.0,,,,
,0.081,54.216,G,14.4,0.2,0.2,105,,
,0.000,0.017,G,13.2,1.2,0.8,110,,
,0.001,-0.041,G,13.0,0.8,0.5,57,,
,0.001,0.087,G,13.2,0.9,0.9,165,,
,-0.056,-60.271,G,11.8,4.3,3.8,154,,
,0.001,-0.008,G,11.0,4.4,3.4,130,,
,0.058,60.281,G,13.8,0.9,0.3,5,,
,-0.063,-60.263,G,13.6,2.3,0.6,49,,
,0.021,9.834,G,13.0,1.2,1.0,20,,
,-0.071,-46.815,G,12.7,1.5,0.9,4,,
,0.076,27.712,GCl,8.9,4.8,,,,
,0.049,28.922,OCl,8.9,4.8,,,,
,0.674,92.793,G,11.2,3.0,2.3,74,,
,-0.676,-85.251,OCl,6.0,10.2,,,Great Bird Cluster,
1,0.075,45.034,G,14.0,1.5,1.4,71,,
,-0.018,-27.500,OCl,10.0,4.8,,,,
,-0.110,-82.266,G,11.7,1.9,1.0,137,,
,0.098,57.069,OCl,,6.6,,,,
,-0.094,-57.132,G,12.1,1.9,1.7,145,,
,0.163,109.547,G,14.5,1.5,1.0,171,,
,-0.043,-52.385,OCl,10.5,5.4,,,,
,-0.036,-33.689,G,11.8,4.5,0.9,46,,
,0.065,36.252,OCl,9.6,6.0,,,,
,0.017,14.905,OCl,,3.0,,,,
1,0.196,65.033,G,12.1,1.3,1.0,17,,
,-0.133,-24.736,G,14.4,1.6,0.3,116,,
,-0.048,-58.369,Neb,,4.0,3.0,,,
,-0.000,0.004,Neb,,,,,,
,-0.004,-5.924,OCl,,4.5,,,,
,0.018,16.740,OCl,11.8,6.0,,,,
,0.086,47.539,G,11.9,1.5,0.8,138,,
,0.005,0.175,G,15.0,1.3,1.0,128,,
,0.000,-0.246,G,14.5,1.1,0.4,134,,
,-0.055,-58.874,OCl,5.9,14.1,,,,
,0.024,9.409,OCl,8.4,8.7,,,,
,-0.024,-29.742,G,11.2,4.0,2.3,4,,
,0.091,79.379,G,14.2,2.0,1.7,105,,
,-0.067,-61.996,RfN,,1.0,1.0,,,
,-0.026,-30.755,G,12.6,1.6,1.4,120,,
,0.109,90.684,G,12.5,1.4,1.2,175,,
,0.006,1.538,G,13.1,0.7,0.5,55,,
,-0.041,-22.891,OCl,8.5,4.8,,,,
,0.042,22.920,G,13.9,1.7,1.2,65,,
,-0.020,-15.012,G,14.1,1.0,0.7,38,,
,0.054,15.078,G,14.6,1.2,0.9,70,,
,-0.079,-60.277,OCl,7.2,8.7,,,,
,0.337,90.207,G,10.7,5.0,2.8,175,,
,-0.281,-35.721,G,12.5,2.2,1.6,114,,
,-0.040,-50.177,OCl,,3.3,,,,
,0.009,24.500,G,11.8,2.4,1.5,180,,
,0.047,31.395,G,11.7,3.2,1.6,71,,
,-0.033,-29.572,G,13.2,0.8,0.8,60,,
,0.002,0.033,G,12.6,1.2,0.8,66,,
,-0.020,-31.253,OCl,6.7,7.5,,,,
,0.073,57.784,G,12.1,2.1,1.9,145,,
,-0.069,-60.361,OCl,7.7,6.9,,,,
,0.017,12.385,PN,11.6,0.9,,,,
,0.112,65.518,G,12.6,1.6,1.2,5,,
,-0.217,-132.103,OCl,,5.7,,,,
,0.129,58.801,OCl,,5.1,,,,
,0.040,20.859,G,14.0,1.4,0.7,110,,
,0.006,-22.757,OCl,,3.0,,,,
,-0.008,-13.555,OCl,,4.8,,,,
,0.024,13.780,OCl,7.1,6.6,,,,
,-0.007,-15.423,OCl,6.5,4.8,,,,
,0.048,39.439,OCl,9.7,6.0,,,,
1,0.012,9.607,G,14.5,3.2,0.5,120,,
,-0.013,-40.474,OCl,,9.6,,,,
,0.027,3.890,HII,,10.0,5.0,,,
,-0.014,-2.414,OCl,7.2,9.0,,,Caroline's Cluster,
,0.012,2.431,Neb,,,,,,
,0.005,-11.744,OCl,4.1,7.2,,,,
,0.163,94.147,G,15.5,1.1,0.6,17,,
,-0.129,-76.743,OCl,,,,,,
,0.027,29.633,G,12.2,2.8,1.5,170,,
,0.109,47.133,G,11.2,4.4,1.4,31,,
,-0.147,-91.100,OCl,7.9,5.4,,,,
,0.017,11.512,OCl,11.8,4.5,,,,
,-0.075,-51.972,G,12.3,3.0,0.7,175,,
,0.140,86.127,G,14.2,1.2,0.7,44,,
,0.009,5.708,PN,11.2,2.2,1.0,125,,
1,0.018,4.333,G,14.6,0.6,0.4,176,,
,-0.045,-47.087,OCl,8.0,9.0,,,,
,0.054,47.095,G,14.9,1.0,0.8,65,,
,-0.010,-10.759,G,14.7,0.7,0.6,31,,
,-0.027,-32.732,G,14.6,1.6,1.1,3,,
1,0.041,43.470,G,13.6,1.0,0.7,121,,
,-0.058,-61.340,G,11.1,2.5,2.4,150,,
,-0.066,-35.538,G,12.7,1.5,1.2,107,,
1,0.078,42.119,OCl,8.4,4.2,,,,
,0.008,-0.072,OCl,7.4,4.8,,,,
,0.055,54.858,G,15.1,0.9,0.7,53,,
1,0.009,3.042,G,16.5,0.5,0.4,145,,
,-0.001,-3.061,G,14.7,0.9,0.6,66,,
,0.003,0.042,G,12.9,1.6,0.9,79,,
2,0.001,-12.949,PN,9.6,0.9,,,Eskimo Nebula,
,0.015,13.116,G,14.8,1.1,0.7,103,,
,-0.024,-26.941,OCl,,,,,,
,-0.023,6.521,OCl,8.0,4.6,,,,
,0.013,-25.328,OCl,7.4,6.6,,,,
,-0.111,-57.281,G,12.0,2.5,0.8,116,,
,0.148,93.489,G,15.2,1.2,0.7,126,,
2,-0.014,-38.454,OCl,12.6,2.7,,,,
,0.023,23.617,GPair,,1.5,,,,
,0.101,55.952,G,8.4,19.9,10.1,126,,
,0.005,0.008,HII,,,,,,
,-0.082,-39.705,G,14.8,0.9,0.6,100,,
,-0.007,-7.618,G,15.4,0.7,0.6,53,,
,0.002,0.045,G,15.1,1.4,0.9,66,,
,0.144,53.335,OCl,,,,,,
,-0.149,-88.858,OCl,7.3,0.1,,,,
,0.057,50.012,G,16.3,2.2,0.7,33,,
,-0.007,-14.540,G,14.4,1.0,0.7,48,,
1,-0.022,-31.378,OCl,,4.8,,,,
,-0.001,-2.358,OCl,7.9,5.4,,,,
,0.062,50.696,G,12.4,0.8,0.8,5,,
,-0.021,-23.630,G,14.3,0.9,0.2,95,,
,-0.092,-73.865,G,12.3,2.5,1.8,83,,
,0.107,80.137,G,13.7,1.6,1.5,65,,
,0.026,20.996,GCl,10.1,4.5,,,,
,0.004,-17.306,OCl,8.3,7.5,,,,
,-0.037,-42.186,OCl,8.3,5.1,,,,
,0.007,6.129,OCl,4.4,19.8,,,,
,0.009,0.612,OCl,6.7,11.7,,,,
,0.059,53.104,G,12.6,3.4,0.5,82,,
,-0.040,-54.111,OCl,,5.4,,,,
,0.084,67.197,G,14.4,1.1,1.1,30,,
,-0.114,-99.955,G,11.5,5.7,2.5,122,,
,0.048,31.107,OCl,,4.5,,,,
,0.074,68.882,GPair,,2.3,,,,
,-0.069,-68.649,OCl,,4.2,,,,
,0.093,69.371,G,14.5,0.9,0.8,115,,
,-0.072,-72.144,OCl,10.2,5.4,,,,
1,-0.101,-50.215,G,11.3,2.7,2.2,140,,
,0.156,100.935,G,13.4,2.2,0.4,36,,
1,-0.041,-46.461,OCl,6.1,21.0,,,,
,0.001,0.074,PN,10.8,1.1,,,,
,-0.018,-16.956,OCl,6.9,8.7,,,,
,0.020,13.484,PN,9.4,0.3,,,,
,0.166,91.224,G,12.2,2.0,1.8,155,,
,-0.258,-142.547,G,10.6,4.7,3.1,23,,
1,0.174,108.563,G,13.2,1.1,0.7,35,,
,0.001,-0.017,G,13.2,1.9,1.1,167,,
,0.029,15.597,G,13.8,1.8,0.9,128,,
,-0.070,-78.465,OCl,6.2,15.0,,,,
,0.002,-0.820,OCl,,6.0,,,,
,0.046,51.603,G,14.1,1.4,0.6,135,,
,0.003,0.089,G,15.2,1.0,0.3,156,,
,-0.038,-64.986,OCl,9.5,37.5,,,,
,0.037,10.633,PN,12.0,0.3,,,,
,0.002,0.139,OCl,8.3,3.0,,,,
,0.050,43.564,G,14.5,1.2,0.5,101,,
,-0.027,-37.667,OCl,10.2,4.5,,,,
,0.087,76.793,G,14.3,1.1,0.8,30,,
,0.010,0.052,G,15.8,0.5,0.3,131,,
,0.018,1.164,G,16.0,0.5,0.3,145,,
,-0.064,-47.154,OCl,,2.7,,,,
,0.081,50.792,G,11.7,1.8,1.4,43,,
1,-0.006,-3.662,G,14.9,0.6,0.3,155,,
,0.011,-0.010,G,14.8,0.6,0.6,145,,
2,-0.199,-128.087,G,13.1,1.5,1.5,45,,
,0.119,44.967,Cl+N,,4.2,,,,
,0.094,82.803,G,14.8,1.5,0.5,50,,
,0.001,0.320,G,13.2,0.9,0.6,163,,
,-0.062,-52.220,G,12.7,1.9,0.6,127,,
1,0.072,52.241,G,15.4,0.7,0.6,14,,
,-0.052,0.035,G,,0.5,0.4,80,,
,0.040,-3.879,G,14.1,1.1,1.0,130,,
,0.001,0.005,G,13.1,1.1,1.0,68,,
,-0.021,-12.934,G,12.6,1.3,0.7,143,,
,-0.077,-78.461,OCl,5.8,18.6,,,,
1,0.049,20.825,OCl,9.6,6.3,,,,
,0.035,41.488,G,15.0,1.3,0.5,163,,
,0.001,-0.012,G,12.5,1.4,0.6,19,,
,-0.034,-48.023,OCl,7.3,6.6,,,,
,0.007,-3.632,OCl,7.6,3.3,,,,
,0.047,65.674,G,13.1,1.7,1.0,141,,
,-0.027,-30.309,G,13.2,1.6,1.5,5,,
,0.019,17.683,G,13.5,1.5,0.8,89,,
,0.006,-0.012,G,12.6,1.7,1.4,55,,
,0.057,31.405,G,12.4,1.4,0.8,100,,
,-0.092,-86.615,OCl,7.9,4.2,,,,
,0.051,57.139,G,15.1,0.6,0.5,23,,
,-0.014,-19.094,G,15.9,0.7,0.5,78,,
,0.018,19.042,G,12.7,1.1,0.9,100,,
,0.015,12.804,G,12.1,1.9,1.9,30,,
,-0.022,-40.468,G,14.3,1.0,0.8,89,,
,0.024,40.478,G,15.2,0.6,0.3,23,,
,-0.032,-31.810,G,14.7,1.9,1.5,173,,
,0.059,48.912,G,14.4,1.6,1.4,25,,
,-0.042,-31.960,G,14.3,1.0,0.7,127,,
,-0.013,-17.489,G,15.0,0.9,0.6,175,,
,0.050,43.244,G,11.7,2.5,2.3,15,,
,-0.056,-65.091,G,14.5,1.7,1.2,120,,
,-0.044,-37.953,G,12.0,2.2,1.1,118,,
,0.079,74.707,G,14.8,0.9,0.8,4,,
,-0.012,-16.792,G,14.2,0.6,0.4,126,,
,0.071,47.941,G,14.3,1.2,0.6,1,,
,-0.069,-64.319,OCl,7.6,10.8,,,,
,0.027,26.480,G,13.9,1.5,1.4,60,,
,0.006,-7.158,G,14.0,1.9,1.6,126,,
,-0.020,-27.603,OCl,9.3,4.8,,,,
,0.023,28.537,G,14.5,1.0,0.7,114,,
,0.002,-0.092,G,14.9,1.0,0.6,118,,
,0.014,13.998,G,13.2,1.4,0.8,116,,
,-0.012,-13.978,G,11.6,1.9,1.4,153,,
,0.007,6.394,G,13.4,1.2,1.1,30,,
1,-0.078,-76.561,OCl,3.8,24.3,,,,
,0.077,48.435,G,11.9,1.7,1.5,44,,
,0.076,63.450,G,14.2,1.3,1.0,35,,
1,-0.039,-79.279,OCl,6.5,9.3,,,,
,0.064,85.917,G,13.1,1.0,0.5,35,,
,-0.043,-40.063,G,14.1,1.1,0.3,33,,
,0.146,55.872,G,11.9,2.8,1.8,66,,
,-0.114,-34.422,G,12.7,1.5,1.0,124,,
,-0.042,-50.584,G,11.5,3.1,2.2,71,,
,0.022,19.431,G,14.6,0.9,0.5,137,,
1,0.008,31.190,G,13.5,1.4,1.2,86,,
1,0.008,-21.375,G,14.6,1.4,0.9,171,,
1,0.039,16.138,G,12.7,1.7,1.4,26,,
,-0.053,-63.841,OCl,7.6,5.0,,,,
,0.097,85.556,G,13.0,1.4,1.3,50,,
,-0.028,-30.465,G,12.7,1.9,0.9,62,,
,0.001,-0.028,G,14.1,0.7,0.5,53,,
,0.033,20.811,G,11.7,2.1,2.0,165,Bear Claw Nebula,
,-0.031,-42.357,G,13.8,1.6,1.1,30,,
,-0.013,-16.454,OCl,6.5,12.3,,,,
,0.036,39.183,G,14.4,1.2,0.7,123,,
,0.031,22.700,G,11.7,3.0,1.6,170,,
1,-0.028,-12.807,G,12.4,2.4,1.1,52,,
,0.145,37.733,G,12.9,1.5,1.1,67,,
,-0.124,-52.633,G,12.4,1.9,1.1,169,,
,-0.033,-58.949,OCl,6.3,16.5,,,,
,-0.035,-11.612,OCl,4.7,7.8,,,,
,0.060,43.456,OCl,5.8,28.2,,,,
,0.087,63.553,G,11.1,3.6,0.9,179,,
,0.093,16.209,G,13.1,0.9,0.4,105,,
,0.005,-0.600,G,12.1,1.6,1.1,53,,
,-0.092,-23.402,G,12.2,3.0,1.6,60,,
,-0.029,-29.107,G,14.7,1.1,0.7,57,,
,0.005,2.569,G,12.0,2.0,1.3,154,,
,0.001,-22.726,G,13.4,1.9,1.4,111,,
,0.018,20.191,G,15.4,0.6,0.4,126,,
,0.003,0.499,G,14.3,1.1,0.9,50,,
,0.000,-0.925,G,13.0,1.4,0.9,159,,
,-0.035,-47.967,G,11.3,2.8,1.3,7,,
,0.046,48.441,G,13.3,1.6,0.4,92,,
,-0.004,-16.328,G,13.9,1.1,0.6,142,,
,0.013,16.474,G,13.0,1.0,0.8,1,,
,0.003,-0.063,G,12.3,2.0,1.7,79,,
,-0.035,-42.884,G,14.7,1.4,0.9,60,,
,0.022,43.847,G,12.5,1.7,0.7,166,,
,-0.017,-47.531,G,10.8,4.0,2.8,56,,
,-0.003,-5.136,OCl,7.4,6.0,,,,
,-0.005,-6.469,OCl,,,,,,
,0.051,57.973,G,15.1,0.7,0.6,118,,
,0.000,0.043,G,14.7,0.7,0.4,71,,
,-0.040,-50.660,OCl,7.0,7.2,,,,
,0.041,48.897,G,14.7,1.2,0.5,135,,
,-6.663,-108.483,G,13.5,1.9,0.7,78,Polarissima Australis,
,6.653,80.417,G,13.2,2.2,1.1,172,,
,0.032,33.215,G,13.0,1.4,1.1,129,,
,0.004,1.442,G,15.2,1.6,0.3,40,,
,-0.004,-3.186,G,12.4,1.6,0.9,105,,
,-0.022,-35.871,G,12.6,2.2,1.1,83,,
,-0.009,-22.899,Cl+N,,3.3,,,,
,0.010,5.924,OCl,9.7,3.0,,,,
,0.051,48.890,G,14.4,1.0,0.7,4,,
,0.011,1.738,G,13.1,1.2,1.1,135,,
,-0.034,-25.337,G,13.4,0.9,0.8,18,,
,0.002,0.032,G,15.0,1.0,0.5,179,,
,0.003,0.055,G,14.5,1.6,0.6,119,,
1,-0.001,-24.594,OCl,9.2,6.0,,,,
,-0.004,-3.466,OCl,11.8,3.9,,,,
1,0.031,32.384,G,13.0,2.1,0.5,77,,
,0.207,78.617,G,12.7,3.0,0.6,33,,
,-0.172,-52.056,G,13.6,1.5,1.2,47,,
,-0.005,-8.595,G,14.8,1.0,0.5,171,,
,0.008,8.504,G,14.9,0.9,0.6,20,,
,0.007,-4.400,G,12.4,1.7,1.1,175,,
,-0.005,-4.195,G,13.5,1.4,0.5,64,,
1,0.044,4.205,G,13.6,1.2,0.4,3,,
,0.035,1.072,G,12.2,1.6,1.3,108,,
,0.043,30.155,G,15.1,1.2,0.4,72,,
,-0.154,-120.834,G,13.4,1.7,1.1,114,,
,0.160,120.950,G,15.4,0.7,0.4,26,,
,-0.010,0.008,G,16.8,0.4,0.3,164,,
,-0.019,-23.301,G,14.9,1.5,1.4,50,,
,0.025,23.265,G,16.4,0.5,0.3,27,,
,0.012,-0.015,G,14.9,0.9,0.5,56,,
,-0.027,-25.816,G,14.9,0.8,0.8,160,,
,0.022,1.500,G,12.2,1.9,0.9,64,,
,-0.096,-89.583,OCl,,3.6,,,,
,0.065,44.961,PN,12.7,0.6,,,,
,0.034,41.177,G,15.3,0.8,0.3,51,,
,-0.027,-38.203,G,12.9,2.6,0.8,117,,
,-0.008,-9.799,G,10.4,7.6,1.8,113,,
,0.157,95.950,G,13.9,2.0,1.7,132,,
,-0.137,-75.523,G,13.4,1.2,0.8,44,,
,0.017,0.697,G,12.6,1.4,1.0,147,,
,0.001,-2.238,G,14.0,1.4,1.1,127,,
,0.004,4.795,G,14.0,2.1,0.9,141,,
,0.028,27.998,G,12.7,1.9,1.2,38,,
,-0.001,-3.758,G,14.6,2.0,0.5,93,,
,0.002,0.053,G,15.4,0.7,0.5,176,,
,0.009,-0.105,G,14.1,0.9,0.6,10,,
,0.004,0.860,G,13.6,2.4,0.7,36,,
,-0.004,-6.029,G,14.6,0.8,0.5,35,,
,0.004,-0.009,G,15.2,0.5,0.4,32,,
,-0.049,-60.385,RfN,,5.0,5.0,,,
,0.030,10.718,OCl,8.4,5.4,,,,
,0.052,53.490,G,14.0,1.0,0.9,30,,
,0.115,49.446,G,12.3,2.0,1.4,100,,
2,-0.115,-53.314,OCl,3.1,108.6,,,Beehive,
,0.128,54.427,G,12.1,2.3,1.4,175,,
,0.006,-0.132,G,12.0,1.7,1.7,30,,
,-0.166,-108.739,OCl,11.2,5.1,,,,
,0.166,108.443,G,13.8,0.3,0.3,30,,
,-0.120,-53.980,G,15.6,0.5,0.4,48,,
,0.020,17.530,G,13.7,1.7,0.6,70,,
,0.020,12.985,G,11.8,1.6,1.2,140,,
,-0.103,-105.330,G,11.0,4.7,4.0,104,,
,0.175,128.020,G,14.9,1.3,1.0,178,,
,-0.120,-77.018,G,12.7,1.9,1.4,145,,
,0.019,23.825,G,15.4,0.7,0.4,19,,
,-0.006,-14.723,G,13.5,1.6,0.7,12,,
,-0.041,-51.207,OCl,7.3,6.6,,,,
,0.188,119.690,G,13.2,1.5,1.1,47,,
,-0.127,-53.812,G,15.0,0.7,0.6,50,,
,-0.001,-5.365,G,11.9,3.1,1.1,151,,
,0.025,20.431,G,13.2,1.5,1.4,60,,
,0.097,35.582,G,14.2,1.4,1.0,82,,
,-0.101,-58.528,G,15.6,0.5,0.4,124,,
2,0.088,48.450,G,11.7,4.5,0.9,64,,
,0.107,18.002,G,10.4,3.9,2.1,16,,
,-0.129,-24.347,G,13.8,1.3,1.2,65,,
,-0.044,-44.230,G,13.9,1.3,1.1,116,,
,-0.030,-42.302,OCl,9.2,7.2,,,,
,-0.015,-12.345,OCl,8.6,5.1,,,,
,0.002,-2.200,OCl,8.8,3.6,,,,
,0.056,59.821,G,13.9,1.5,1.4,5,,
,-0.008,-27.741,G,15.1,1.2,1.1,10,,
,-0.007,-18.674,G,10.6,3.9,2.8,111,,
,0.033,46.401,OCl,,6.6,,,,
,-0.018,-31.909,G,11.6,2.0,1.7,55,,
,0.063,64.007,OCl,,,,,,
,-0.022,-25.684,G,14.8,1.0,0.4,78,,
,0.015,17.690,G,14.8,1.2,0.7,151,,
,-0.050,-89.658,OCl,6.1,8.4,,,,
,-0.015,4.156,OCl,7.8,4.2,,,,
,0.012,6.915,OCl,11.6,5.1,,,,
,0.053,60.952,G,11.6,3.2,2.9,100,,
,0.000,-0.001,G,14.0,1.2,0.8,167,,
,-0.003,-33.368,G,15.9,1.0,0.5,65,,
,0.048,67.911,G,13.3,1.5,1.1,83,,
,-0.008,-6.059,G,14.5,1.2,1.1,175,,
,-0.026,-28.548,G,15.2,0.7,0.4,169,,
,0.000,-7.672,OCl,,10.0,10.0,0,,
,0.025,19.527,G,14.1,1.9,1.9,165,,
1,0.033,20.449,G,10.9,4.0,4.0,70,,
,-0.036,-39.502,OCl,6.9,33.0,,,,
,0.022,21.610,G,9.7,9.5,2.7,44,,
,0.037,15.738,G,13.0,1.1,0.8,49,,
,0.011,9.574,G,11.3,4.3,2.3,38,Helix Galaxy,
,-0.009,-9.592,GPair,,1.6,,,,
,0.001,0.014,GPair,,1.3,,,,
,0.002,-0.033,G,16.4,0.5,0.4,87,,
,0.004,-0.008,G,16.8,0.4,0.3,99,,
,-0.047,-51.718,G,13.9,1.7,0.4,20,,
,0.036,42.142,G,13.5,1.3,0.9,166,,
,0.036,12.527,G,12.8,1.2,0.6,163,,
,0.001,-0.719,G,11.9,2.0,1.4,158,,
,-0.000,-0.015,G,14.1,0.8,0.5,177,,
,-0.042,-54.399,G,12.0,1.6,1.4,161,,
,-0.063,-1.943,G,15.9,1.0,0.9,25,,
,0.072,2.022,G,13.5,1.6,1.0,123,,
,0.010,-0.196,G,11.9,1.5,0.5,96,,
,0.003,0.056,G,13.5,1.4,0.8,40,,
1,0.055,56.900,G,12.4,1.9,1.3,25,,
2,-0.038,-14.390,G,14.3,1.0,1.0,120,,
1,-0.010,-41.945,G,13.7,1.7,0.6,168,,
1,-0.001,-0.797,G,12.0,2.9,1.1,18,,
,0.001,0.117,G,15.0,0.8,0.7,95,,
,0.060,58.949,G,13.1,2.0,1.0,119,,
,-0.040,-38.418,G,14.7,0.6,0.4,158,,
,0.035,27.626,G,12.2,2.9,1.6,1,,
,-0.036,-41.993,G,11.8,3.4,1.1,106,,
,-0.064,-62.138,G,14.0,1.4,1.2,50,,
,0.243,137.302,G,11.5,4.2,1.4,20,,
,-0.175,-74.995,G,12.2,1.6,1.1,45,,
,-0.010,-27.764,G,12.3,2.0,1.7,12,,
,0.031,30.967,G,14.2,1.7,1.1,152,,
,0.023,29.435,G,14.0,1.2,0.3,132,,
,-0.018,-24.579,G,14.2,1.3,1.1,40,,
,-0.004,-16.051,G,13.2,1.9,1.3,164,,
,-0.003,1.192,G,13.5,1.8,0.9,80,,
,0.025,6.888,G,14.3,1.1,1.0,65,,
,0.013,32.584,G,14.7,1.2,0.7,175,,
,0.001,-24.664,G,14.3,0.7,0.6,14,,
,0.064,48.835,G,13.0,1.5,0.5,87,,
1,-0.054,-48.850,G,15.2,1.0,0.6,55,,
,-0.003,-7.362,G,14.1,1.1,0.6,1,,
,0.013,13.117,G,13.8,1.4,0.9,72,,
,-0.002,-8.536,G,14.1,0.7,0.5,72,,
,0.188,70.885,G,11.9,1.8,0.7,66,,
1,-0.174,-62.323,G,15.7,0.9,0.8,88,,
,-0.006,9.071,G,13.8,1.4,0.5,96,,
,-0.039,-71.883,HII,,30.0,7.0,,Pencil Nebula,
,0.062,67.855,G,14.6,0.9,0.4,61,,
,-0.000,0.061,G,13.8,1.4,0.6,53,,
,0.034,29.777,G,15.5,0.9,0.3,93,,
,0.000,-0.010,G,15.0,0.7,0.6,52,,
,-0.046,-33.474,G,15.5,0.7,0.4,77,,
,0.071,42.218,G,11.5,2.9,1.5,87,,
,-0.044,-35.475,G,14.2,1.1,0.8,99,,
,-0.005,-6.544,GPair,,1.2,,,,
,0.001,-0.203,G,15.7,0.6,0.5,170,,
,0.022,17.120,G,14.2,1.6,1.3,51,,
,-0.012,-16.935,G,15.7,0.6,0.3,172,,
,0.141,58.033,G,11.7,2.6,1.1,39,,
,-0.140,-58.162,G,11.8,1.9,1.8,65,,
,0.008,7.124,G,12.6,2.0,1.5,82,,
,-0.005,-7.175,G,15.0,0.9,0.5,134,,
,0.003,0.078,G,14.7,1.7,0.3,61,,
,0.024,7.002,G,14.7,0.6,0.3,17,,
,-0.033,-44.427,G,15.3,0.8,0.7,140,,
,0.047,60.794,G,14.3,1.1,0.8,127,,
,0.017,12.141,G,13.1,1.5,1.0,0,,
1,-0.058,-72.893,G,14.0,1.9,0.4,18,,
,0.052,56.665,G,13.0,1.3,0.9,49,,
,0.260,38.909,G,14.9,1.2,0.3,100,,
,-0.279,-58.096,G,14.9,0.8,0.4,164,,
,0.040,31.983,G,15.9,0.5,0.4,180,,
,-0.051,-65.918,G,12.1,2.4,1.9,136,,
,0.024,36.943,G,12.9,1.1,0.7,18,,
,-0.011,-18.050,G,13.2,2.7,0.9,105,,
,0.020,26.472,G,14.5,1.2,0.5,129,,
,0.023,20.536,G,14.5,0.7,0.6,167,,
,0.024,9.636,G,9.9,5.6,2.2,93,,
,-0.018,-9.604,G,13.9,1.6,0.4,145,,
,-0.017,-17.309,G,12.2,3.5,0.8,146,,
,0.019,17.256,G,13.9,1.7,1.5,42,,
,-0.050,-74.001,G,14.2,1.7,1.1,170,,
,0.034,30.795,G,14.7,0.7,0.3,84,,
,0.016,11.523,G,14.7,1.2,1.2,60,,
,-0.006,-11.659,G,10.2,4.2,3.4,159,,
,0.032,37.917,G,11.7,2.1,0.9,111,,
,-0.026,-37.748,G,14.2,0.8,0.6,169,,
,0.029,27.821,G,12.4,1.3,1.0,46,,
,0.001,0.026,G,15.4,0.7,0.6,25,,
,0.004,-0.128,G,14.2,1.1,0.8,147,,
,-0.021,-49.743,G,11.6,2.5,1.3,78,,
,0.044,54.931,G,12.4,3.2,2.4,20,,
,-0.007,-10.121,G,13.6,2.0,1.1,165,,
,-0.023,-54.166,G,10.1,4.8,1.9,73,,
,0.049,65.091,G,13.4,1.4,0.6,120,,
,-0.027,-28.477,G,13.9,0.8,0.6,77,,
,0.095,56.762,G,11.2,3.2,1.8,114,,
,-0.171,-137.135,G,13.3,1.7,0.4,116,,
,0.099,97.662,G,13.1,1.1,1.0,36,,
,0.001,-10.033,G,14.7,0.6,0.6,65,,
,-0.000,-2.105,G,15.8,0.9,0.3,160,,
,-0.044,-60.019,PN,11.6,0.2,,,,
,0.073,76.857,G,13.4,1.1,0.9,,,
,-0.013,-16.840,G,13.2,1.2,0.9,57,,
,0.001,0.038,G,14.0,1.2,1.0,166,,
,0.010,13.287,G,14.5,1.2,0.8,77,,
,-0.005,-13.188,G,14.4,0.7,0.6,28,,
,0.017,24.273,G,12.4,2.4,0.8,154,,
,0.002,-0.006,G,13.7,1.8,0.5,122,,
,0.018,10.520,G,13.9,1.4,0.9,17,,
,-0.031,-32.578,G,15.3,1.0,0.8,51,,
,-0.001,-0.973,G,14.9,1.1,0.6,132,,
,0.001,-0.008,G,15.2,1.0,0.7,138,,
,0.002,1.244,G,12.9,1.4,1.2,56,,
,0.058,43.904,G,11.6,3.4,2.8,154,,
1,-0.056,-44.071,GPair,,1.5,,,,
,-0.082,-84.895,GCl,5.7,9.0,,,,
,0.084,84.933,G,13.0,1.2,1.1,162,,
,0.083,51.774,G,12.2,1.7,1.7,130,,
,-0.098,-88.157,G,11.4,3.0,1.0,20,,
,0.025,36.232,G,15.9,0.8,0.2,154,,
,0.001,-0.012,G,15.1,1.0,0.8,146,,
,0.057,44.346,G,13.8,1.1,0.2,179,,
,-0.081,-87.886,G,11.9,3.5,1.4,13,,
1,0.014,18.881,G,13.7,1.4,1.3,0,,
,-0.019,-31.875,PN,11.6,0.8,,,,
,0.036,52.825,G,14.2,1.4,1.1,57,,
,0.060,48.060,G,12.8,3.8,0.3,61,,
,-0.083,-91.074,G,13.9,2.1,0.4,103,,
,-0.050,-42.829,G,11.4,4.0,2.7,94,,
,0.092,103.653,G,15.5,1.0,0.6,32,,
,-0.005,-7.738,G,12.7,1.0,0.6,159,,
,0.006,7.473,G,15.0,1.1,0.6,86,,
,0.000,-0.119,G,14.4,1.5,0.2,141,,
,-0.001,0.257,G,15.4,1.0,0.4,5,,
,0.004,0.007,G,15.6,0.7,0.4,44,,
,-0.001,-0.240,GPair,,0.6,,,,
,0.003,0.090,G,14.1,1.2,0.2,112,,
,0.001,0.007,G,13.4,0.9,0.7,2,,
,0.001,0.005,G,11.8,3.2,2.1,172,,
,0.003,0.177,G,15.3,1.1,0.5,165,,
,0.001,-0.217,G,15.4,0.8,0.7,57,,
,-0.036,-56.065,G,10.6,6.4,3.7,179,,
,-0.069,-46.980,G,12.7,1.7,0.6,111,,
1,0.116,108.651,G,14.4,1.3,1.1,123,,
,-0.002,-5.665,G,14.8,1.2,1.2,165,,
,0.005,1.717,G,14.6,1.1,0.9,107,,
,0.019,15.609,G,10.2,6.9,3.3,147,,
,-0.107,-114.047,G,12.5,2.2,1.6,107,,
,0.081,81.996,G,16.5,0.5,0.3,65,,
,0.022,21.225,G,12.9,1.8,0.8,11,,
,-0.053,-78.161,G,12.0,1.9,1.3,69,,
1,0.026,21.492,HII,,,,,,
,0.000,-0.008,G,12.1,2.7,2.0,29,,
,-0.013,-23.994,OCl,12.5,2.4,,,,
,0.026,35.580,G,15.0,0.9,0.6,17,,
,-0.007,-11.555,G,14.3,1.4,0.5,8,,
,0.045,56.659,G,14.1,0.9,0.9,140,,
,0.001,0.036,G,14.4,1.7,1.0,25,,
,0.013,9.004,G,13.8,1.3,0.6,52,,
,-0.043,-61.113,G,11.1,3.5,1.9,120,,
,0.046,61.158,G,13.3,1.2,0.6,132,,
,0.006,0.108,G,12.3,1.9,1.5,90,,
,-0.028,-46.200,G,13.9,1.8,0.8,116,,
,0.023,31.357,G,10.9,3.2,2.8,85,,
,0.010,6.546,G,14.6,1.3,0.6,95,,
,-0.022,-38.924,G,13.1,1.3,1.2,50,,
,0.022,24.639,G,13.7,2.6,0.5,115,,
,-0.022,-37.208,G,13.4,1.4,1.2,170,,
,0.011,16.374,G,14.9,0.7,0.5,4,,
,-0.012,-29.102,G,11.5,2.4,2.0,155,,
,-0.024,-27.942,OCl,,2.7,,,,
,-0.011,-7.209,PN,9.7,0.2,,,,
,0.034,47.883,G,15.2,1.1,0.6,70,,
1,0.074,67.805,G,13.9,2.4,0.7,121,,
1,-0.037,-45.944,G,11.9,1.8,1.6,161,,
,0.002,0.022,G,16.1,0.7,0.4,118,,
,-0.000,-0.029,G,12.5,2.0,0.7,38,,
1,-0.010,-18.142,G,14.2,1.7,1.0,91,,
,0.010,8.946,G,14.7,0.7,0.6,165,,
,-0.000,-0.139,G,15.1,1.0,0.4,173,,
1,0.063,60.401,G,11.6,2.3,1.4,142,,
,-0.061,-74.485,GPair,,1.2,,,,
,0.011,19.948,G,13.5,1.5,0.8,84,,
,-0.021,-42.057,G,13.7,2.0,0.8,178,,
,0.018,22.547,G,13.6,2.2,0.8,173,,
,0.015,34.576,G,16.0,1.3,0.8,79,,
1,-0.065,-86.833,G,11.7,2.5,1.6,80,,
,0.049,35.778,G,12.6,2.0,1.5,155,,
,0.014,16.392,G,11.8,1.9,1.8,26,,
,-0.011,-2.886,G,15.2,0.9,0.2,69,,
,0.007,-10.254,G,12.6,1.6,1.5,0,,
,0.099,92.400,G,14.4,1.4,1.4,0,,
,-0.043,-38.077,G,13.2,1.0,0.8,83,,
,-0.013,-21.821,G,13.3,1.9,1.0,29,,
,0.048,49.764,G,14.6,0.9,0.8,65,,
,-0.035,-33.820,G,14.8,1.2,1.2,90,,
,-0.009,-21.456,G,15.6,0.8,0.6,177,,
,0.000,-0.143,G,14.8,1.0,0.7,124,,
,-0.045,-58.170,PN,11.8,1.5,,,,
,0.053,60.250,G,14.6,1.0,0.8,86,,
1,0.011,-18.880,G,13.2,1.7,1.4,22,,
,0.021,36.237,G,8.9,11.9,5.3,22,,
,-0.031,-51.886,G,12.5,1.5,1.1,89,,
1,0.030,38.827,G,13.2,1.4,0.8,71,,
,-0.008,-25.177,G,11.6,2.8,2.1,112,,
,0.198,96.436,G,14.2,0.7,0.5,145,,
1,-0.217,-132.615,OCl,7.2,4.8,,,,
,0.055,63.066,G,13.2,3.5,2.1,135,,
1,0.004,-0.673,G,14.1,1.1,0.7,132,,
,0.000,0.630,G,13.1,0.9,0.6,12,,
,-0.130,-86.735,G,12.6,1.8,1.0,132,,
,0.146,98.331,G,12.1,2.4,1.6,16,,
,-0.009,-24.209,G,14.4,1.3,0.4,170,,
,0.022,34.209,G,13.5,1.6,1.1,66,,
,-0.016,-21.421,G,13.6,1.5,0.5,159,,
,-0.010,-31.143,G,13.9,0.9,0.6,121,,
,0.005,-0.061,G,13.0,2.9,0.9,85,,
,0.040,58.615,G,13.6,1.1,0.5,99,,
,-0.014,-20.935,G,15.6,0.5,0.3,28,,
,-0.015,-33.158,G,13.4,2.0,1.6,142,,
,-0.033,-36.998,OCl,8.3,7.5,,,,
,0.072,86.237,G,14.4,0.8,0.7,120,,
,-0.004,-9.250,G,14.0,1.3,0.8,155,,
,-0.002,-6.614,G,14.9,1.2,0.7,41,,
,0.006,6.185,G,14.5,1.1,0.4,144,,
,0.001,0.041,G,14.9,0.5,0.2,142,,
,0.001,0.038,G,14.8,0.8,0.5,68,,
1,0.005,-6.226,G,15.0,1.0,0.3,31,,
,-0.000,0.040,G,17.1,0.4,0.3,7,,
,-0.020,-38.183,G,11.2,4.2,3.2,164,,
,0.017,23.889,G,13.1,0.9,0.5,78,,
,0.000,-0.014,G,13.7,0.8,0.5,22,,
,0.011,73.573,G,14.3,1.2,0.8,97,,
,-0.004,-66.798,G,13.6,2.1,0.7,154,,
,-0.001,0.095,G,14.8,1.0,0.8,91,,
,0.005,7.427,G,15.1,0.7,0.6,167,,
,0.012,16.962,G,12.9,1.7,1.3,152,,
,-0.010,-16.975,G,13.8,2.2,1.1,128,,
,0.013,15.277,GPair,,1.0,,,,
,-0.027,-54.343,G,13.3,1.7,1.3,160,,
,0.022,39.060,G,14.8,1.1,0.3,15,,
,-0.048,-29.462,G,12.8,1.6,1.2,28,,
,0.048,19.392,G,13.8,1.4,0.8,1,,
,0.016,9.832,GPair,15.5,0.4,0.3,15,,
,0.044,42.064,G,11.0,2.6,1.6,142,,
,-0.049,-59.086,GPair,15.1,1.3,0.5,85,,
,-0.034,-9.948,G,15.1,0.8,0.6,90,,
1,0.046,25.106,G,12.4,1.4,1.0,155,,
,0.015,20.959,G,12.9,1.6,0.9,160,,
,-0.033,-54.983,G,15.3,0.9,0.4,58,,
,0.133,92.086,GPair,,1.0,,,,
,-0.110,-61.097,G,14.0,1.0,0.7,10,,
,0.074,56.707,G,12.7,1.4,1.2,113,,
,-0.075,-65.018,G,15.0,1.1,0.9,40,,
,0.079,65.031,G,14.7,0.9,0.3,145,,
,-0.074,-63.442,G,11.9,2.3,1.2,2,,
,0.115,67.798,G,14.2,1.2,0.6,158,,
,-0.082,-41.117,G,11.4,2.9,2.2,97,,
,0.007,4.401,G,14.7,1.3,0.9,77,,
,-0.019,-31.575,G,14.2,2.1,0.7,76,,
,-0.002,-4.337,G,11.6,2.1,2.0,135,,
,0.019,31.593,G,11.7,2.5,1.6,54,,
,-0.022,-40.532,G,13.7,1.3,0.6,25,,
,0.027,40.580,G,13.6,0.8,0.8,67,,
,0.004,4.202,G,14.8,1.1,0.8,131,,
,-0.059,-86.500,OCl,9.9,3.6,,,,
1,0.039,46.622,G,10.9,3.5,2.1,44,,
,-0.021,-12.975,G,15.8,0.8,0.6,80,,
,0.100,84.590,G,10.2,5.8,3.0,143,,
,-0.058,6.944,G,13.3,2.1,1.1,145,,
,-0.009,-84.606,G,14.0,1.1,0.9,112,,
,-0.002,-0.637,G,14.0,2.1,1.2,21,,
,0.001,0.771,G,13.0,1.8,0.9,164,,
,0.029,40.710,G,14.8,1.1,0.7,86,,
,-0.049,-75.125,OCl,,4.2,,,,
,0.028,23.550,G,11.9,2.4,1.2,86,,
,-0.000,31.538,G,14.3,0.8,0.8,155,,
,0.112,61.218,G,10.5,3.6,2.9,177,,
,-0.102,-93.557,G,10.6,4.8,3.9,42,,
,0.024,26.220,G,13.9,1.3,0.6,163,,
,0.018,17.070,G,15.3,0.9,0.3,37,,
,-0.023,-40.386,G,13.4,1.7,1.2,38,,
,0.014,24.083,G,12.8,0.9,0.4,86,,
,0.010,16.305,G,12.6,1.0,0.8,124,,
,-0.019,-36.340,G,13.1,2.9,0.7,17,,
,0.001,-0.042,G,12.6,1.4,1.1,94,,
,0.025,36.458,G,13.1,0.9,0.5,127,,
1,-0.013,-43.662,G,13.7,1.4,1.4,150,,
,-0.014,-9.619,G,9.4,10.3,6.2,97,,
,0.051,75.272,G,12.5,2.4,1.2,54,,
2,-0.040,-74.518,G,11.6,3.0,2.3,5,,
1,0.038,63.859,G,11.8,4.7,1.1,79,,
1,0.011,10.709,G,14.9,1.1,0.3,150,,
,0.000,-0.105,G,15.6,0.8,0.3,83,,
,-0.025,-50.464,G,14.4,1.6,0.8,81,,
,0.030,50.541,G,15.2,0.8,0.5,136,,
,0.010,0.192,G,14.3,0.8,0.7,60,,
,0.007,0.019,G,16.2,1.0,0.6,47,,
,-0.015,-12.093,G,14.3,0.8,0.7,61,,
,0.003,2.493,G,14.7,1.2,1.2,145,,
,0.005,-1.145,G,15.6,0.8,0.6,64,,
,-0.017,-38.312,G,14.8,0.9,0.5,154,,
,0.004,5.888,G,14.3,0.5,0.4,92,,
,0.008,11.550,G,13.7,1.1,0.9,71,,
,-0.013,-15.517,G,14.4,1.0,0.9,87,,
,0.010,3.443,G,13.9,1.2,0.5,28,,
,0.007,12.125,G,15.1,0.8,0.5,33,,
,0.000,0.068,G,13.3,2.3,1.3,100,,
,0.014,20.740,G,12.4,1.4,0.8,110,,
,-0.021,-38.721,G,14.5,1.7,1.6,0,,
,0.003,5.785,G,12.7,1.8,0.9,80,,
,0.010,12.148,G,13.8,1.7,0.5,124,,
,-0.016,-34.508,G,13.9,1.6,1.1,118,,
,0.024,50.293,G,13.8,2.2,0.6,82,,
,0.079,43.653,G,11.8,3.4,1.3,128,,
,-0.096,-91.388,G,13.6,1.1,0.8,70,,
,-0.017,11.133,G,14.0,1.4,0.9,140,,
,0.021,-4.175,G,14.4,1.2,0.9,137,,
,0.090,81.291,G,6.9,21.6,11.2,157,Bode's Galaxy,
,-0.057,-39.829,G,13.1,1.4,1.3,90,,
,-0.059,-85.666,OCl,8.8,4.8,,,,
,0.121,126.109,G,8.3,11.0,5.1,66,Cigar Galaxy,
,-0.066,-76.502,G,13.5,1.5,1.2,0,,
,-0.044,-55.853,OCl,,4.8,,,,
,0.036,35.665,G,13.7,1.3,1.1,57,,
,-0.003,-5.742,G,11.7,2.8,1.7,126,,
,0.021,34.907,G,14.2,1.3,0.7,16,,
,0.010,17.283,GPair,,1.8,,,,
,0.000,-2.759,G,11.6,3.2,2.1,93,,
,0.004,-15.980,G,14.0,1.0,0.7,110,,
,0.048,58.609,G,13.4,1.7,0.6,82,,
,-0.042,-57.727,G,11.9,4.2,0.7,114,,
,-0.007,-20.225,G,13.8,1.4,0.6,20,,
1,0.021,17.355,GPair,,1.2,,,,
,0.007,17.748,GPair,,1.0,,,,
,-0.002,-7.187,G,13.5,2.1,1.2,28,,
1,-0.014,-36.557,G,15.0,2.2,1.4,169,,
,0.008,8.647,G,12.4,2.1,1.4,109,,
,0.018,35.072,G,13.6,1.6,0.7,139,,
,-0.018,-42.136,G,11.5,3.6,2.2,112,,
,0.014,29.973,G,12.1,2.0,1.1,63,,
,-0.013,-32.568,G,11.7,2.3,1.4,20,,
,0.185,108.584,G,13.1,1.4,0.9,8,,
,-0.201,-92.768,GPair,,1.4,,,,
,-0.057,-61.440,G,11.3,3.8,3.6,50,,
,0.103,90.753,G,13.8,2.0,0.4,77,,
,-0.002,59.036,G,13.5,1.6,1.2,140,,
,0.006,-74.438,G,15.2,0.8,0.4,63,,
1,-0.015,-7.793,G,15.0,1.1,0.3,25,,
,0.104,78.534,G,13.1,1.9,1.8,160,,
,0.004,-0.045,G,12.9,1.1,1.1,75,,
,-0.063,-39.755,G,12.1,2.1,0.7,104,,
,0.005,-3.492,G,14.1,0.9,0.7,92,,
,-0.012,-18.446,G,15.0,0.9,0.4,166,,
,0.003,-0.072,G,12.3,1.6,1.3,51,,
,0.012,21.260,G,15.3,0.7,0.5,176,,
,-0.024,-50.975,G,13.8,1.8,0.6,70,,
,0.057,74.974,G,13.4,1.2,1.1,130,,
,-0.019,-20.226,G,12.8,2.0,1.7,150,,
,-0.013,-20.973,G,14.4,1.5,0.6,132,,
,-0.022,-32.599,G,14.1,0.9,0.8,25,,
,0.095,86.913,G,9.9,5.2,4.3,49,,
,-0.081,-95.661,G,11.2,3.0,2.5,177,,
,0.059,82.607,G,10.7,8.2,1.3,166,,
,-0.034,-42.636,G,15.0,0.8,0.8,50,,
,-0.007,-35.870,G,12.9,2.7,1.6,71,,
,-0.011,-7.532,G,13.6,2.1,0.8,29,,
,0.016,27.481,G,14.3,1.0,0.3,50,,
,-0.012,-24.252,G,13.2,1.7,1.2,100,,
,0.006,7.637,G,12.9,1.2,0.4,118,,
,0.012,16.516,G,14.7,1.2,0.4,147,,
,-0.017,-31.249,G,11.4,2.3,2.0,46,,
,0.033,56.629,GPair,,2.0,,,,
,-0.025,-50.735,G,13.2,1.9,1.1,144,,
,0.014,25.362,G,12.6,1.6,1.3,15,,
,-0.004,-16.668,G,11.0,3.7,2.2,144,,
,0.009,16.625,G,14.7,1.3,0.5,27,,
,0.002,0.040,G,15.3,0.8,0.4,51,,
,0.009,18.742,G,13.4,1.3,1.0,63,,
,-0.022,-47.323,G,11.6,3.6,1.8,129,,
,0.007,11.891,G,13.1,1.2,1.0,70,,
1,0.029,44.373,G,12.0,2.3,0.5,90,,
,0.005,7.996,G,15.2,1.1,0.6,147,,
,-0.032,-64.372,G,11.4,3.6,2.5,148,,
,0.016,28.671,G,15.4,1.2,0.2,150,,
,0.048,63.102,G,14.2,1.0,1.0,110,,
1,-0.009,-19.351,G,12.8,3.0,2.0,36,,
,-0.055,-95.545,OCl,9.7,4.1,,,,
,0.057,85.973,G,12.4,0.9,0.2,124,,
,0.005,-17.564,G,13.6,0.8,0.6,140,,
,-0.032,-45.298,G,11.5,2.5,2.2,59,,
,0.011,5.517,G,10.5,16.0,2.7,93,,
,0.015,19.685,G,13.0,1.9,0.9,171,,
,0.035,53.738,G,14.1,1.4,1.3,150,,
,-0.036,-68.045,G,16.0,1.1,0.3,47,,
,0.008,-7.662,G,13.3,3.4,1.1,86,,
,-0.032,-31.687,OCl,4.2,12.3,,,,
,0.045,52.412,G,9.1,7.1,3.0,43,Spindle Galaxy,
,0.026,38.817,G,15.2,0.7,0.6,45,,
,-0.010,-28.185,G,14.5,1.0,0.9,110,,
,0.017,30.114,G,14.3,2.1,0.4,39,,
,-0.006,-18.653,G,14.1,1.1,0.8,20,,
,-0.024,-48.594,G,12.8,1.7,1.2,7,,
3,0.021,14.998,G,12.2,2.7,2.1,174,,
,-0.002,-10.713,G,12.9,1.2,1.0,110,,
,0.030,61.798,G,13.5,3.1,0.7,123,,
,-0.032,-47.989,G,14.8,1.6,0.3,55,,
,-0.007,0.004,G,14.1,1.5,0.6,173,,
1,0.037,26.099,G,14.3,1.1,0.6,28,,
,0.006,8.254,G,13.9,2.2,0.7,58,,
,-0.026,-58.668,PN,9.2,0.5,,,Eight-Burst Nebula,
,0.003,28.472,G,15.7,0.7,0.3,27,,
,0.088,24.342,G,14.7,1.5,0.4,55,,
,-0.026,33.573,G,14.3,1.0,0.6,88,,
,-0.085,-113.328,G,10.7,4.2,2.9,27,,
,0.055,38.314,G,11.6,5.6,3.9,4,,
,0.003,17.107,G,15.6,1.1,0.2,80,,
,0.013,0.179,G,14.6,1.2,1.0,68,,
,-0.010,-4.850,G,14.1,1.0,0.7,130,,
,-0.002,-0.025,G,16.1,0.8,0.5,25,,
,0.012,8.173,G,14.5,0.9,0.3,171,,
,-0.000,-4.101,G,14.3,0.8,0.7,103,,
,0.091,86.801,G,14.2,1.1,0.7,4,,
,-0.090,-86.654,G,12.0,2.9,1.4,20,,
,0.017,-8.437,G,14.0,1.0,0.8,131,,
,0.096,94.272,G,11.9,4.1,3.5,152,,
1,-0.220,-153.823,G,13.5,1.1,0.9,23,,
,0.162,119.080,G,15.3,1.0,0.8,154,,
,0.001,-0.038,G,15.0,0.9,0.4,164,,
,0.001,0.223,G,15.3,0.7,0.7,54,,
,-0.012,-26.176,G,12.8,1.7,0.9,165,,
,0.003,4.367,G,14.3,0.8,0.4,121,,
,0.077,57.313,G,13.8,1.2,0.6,37,,
,-0.083,-71.218,G,12.3,1.9,1.0,50,,
,-0.016,-34.772,G,13.9,1.7,0.4,39,,
,0.036,70.408,G,11.9,2.3,1.9,152,,
,0.000,-0.111,G,13.6,1.0,0.8,156,,
,0.001,0.189,G,15.0,1.2,0.2,140,,
,0.001,-0.186,G,15.3,0.5,0.3,6,,
,-0.008,-15.919,G,11.7,2.1,1.7,26,,
,0.010,15.915,G,13.3,1.1,1.0,40,,
,0.018,18.019,G,14.5,0.8,0.6,178,,
,-0.028,-53.297,G,13.9,1.2,0.5,175,,
,0.004,0.050,G,10.6,4.5,2.8,87,,
1,0.044,56.810,G,14.5,0.9,0.8,35,,
,-0.035,-56.769,G,10.9,4.3,2.6,49,,
1,0.022,-24.113,G,14.1,1.9,1.2,173,,
,1.527,109.740,G,15.0,1.1,1.0,85,Polarissima Borealis,
,-1.544,-116.786,G,13.7,1.9,1.7,19,,
1,0.002,-1.179,G,11.3,5.2,1.9,55,,
1,0.031,49.995,G,12.4,1.4,1.1,140,,
,-0.007,-36.914,G,13.7,1.5,0.9,71,,
,0.030,56.905,G,14.1,1.9,0.4,48,,
,0.004,0.331,HII,,,,,,
,0.000,-0.032,HII,15.8,2.8,0.8,123,,
,0.023,16.793,G,12.9,1.9,1.6,145,,
,0.038,15.971,G,12.7,2.2,1.4,160,,
,-0.059,-32.753,G,9.8,7.4,7.2,117,,
,-0.011,-19.736,G,12.2,2.1,1.2,131,,
,-0.029,-14.724,G,15.0,1.1,1.1,110,,
,0.032,14.909,G,13.3,2.2,0.7,108,,
,0.032,35.550,G,15.0,0.8,0.6,180,,
,-0.027,-35.591,G,11.1,3.6,1.2,124,,
1,0.016,24.622,G,14.0,0.7,0.5,4,,
1,-0.011,-24.560,G,11.0,2.4,2.2,20,,
1,-0.151,-102.753,PN,11.6,0.7,,,,
,0.158,108.528,G,16.1,0.5,0.3,121,,
,-0.073,50.151,G,14.4,1.1,0.8,161,,
,0.091,-32.270,G,10.4,6.5,1.8,30,,
,-0.042,-103.472,Neb,,20.0,15.0,,,
,0.020,39.939,G,12.1,4.1,1.1,168,,
,-0.016,-28.428,GCl,8.2,9.6,,,,
,0.048,89.433,G,14.1,1.3,0.8,25,,
,-0.016,-69.721,G,12.1,3.2,0.6,60,,
,0.010,54.516,G,14.6,1.2,0.9,106,,
,0.011,15.155,G,14.3,1.3,1.1,158,,
,0.016,13.958,G,13.3,2.3,1.2,7,,
,-0.013,-13.945,G,14.3,1.2,0.8,87,,
,-0.022,-68.800,G,12.9,1.8,1.6,55,,
,0.016,51.320,G,13.8,1.6,1.2,80,,
1,-0.047,-88.175,PN,10.7,0.3,,,,
,0.174,142.493,G,14.3,0.8,0.8,88,,
,-0.116,-60.171,G,14.2,1.1,0.8,128,,
,0.031,37.387,G,15.0,1.1,0.5,35,,
,0.092,22.774,G,13.9,0.9,0.5,40,,
,-0.117,-55.890,G,14.5,1.7,1.1,176,,
,0.031,-12.963,G,15.2,0.5,0.4,22,,
1,-0.015,27.619,G,14.2,1.1,0.6,70,,
,0.019,18.448,G,13.9,1.2,0.5,96,,
,-0.024,-35.457,G,14.1,1.7,0.8,166,,
,0.004,-1.683,G,12.8,1.1,1.0,25,,
,-0.016,-54.154,G,11.0,4.3,2.8,132,,
,0.001,-0.430,G,12.2,1.7,1.4,120,,
,0.058,92.847,G,13.7,1.6,0.8,154,,
,-0.028,-38.251,G,12.9,3.1,2.3,13,,
,0.001,-0.034,G,11.7,4.0,1.9,156,,
,-0.036,-71.588,OCl,6.0,6.6,,,,
1,0.040,64.291,G,14.8,2.0,0.6,114,,
,0.053,54.247,OCl,,,,,,
,-0.042,-38.789,G,15.5,0.8,0.7,57,,
,-0.041,-50.294,G,13.5,1.5,0.6,141,,
,0.050,50.292,G,14.5,1.3,1.0,85,,
1,0.031,33.249,G,15.1,0.9,0.7,52,,
,-0.018,-21.627,G,14.1,1.1,1.0,37,,
,0.016,17.580,G,14.0,1.1,0.9,151,,
,-0.027,-40.062,G,11.4,3.6,2.7,80,,
,-0.009,-38.955,G,13.9,1.2,1.0,78,,
,-0.004,-10.692,G,13.0,2.3,1.6,122,,
,0.008,13.841,PN,7.7,0.4,,,Jupiter's Ghost Nebula,
,0.026,16.020,G,14.5,1.7,1.2,120,,
,-0.014,-37.206,G,12.3,2.2,1.5,170,,
,0.030,68.335,G,10.8,3.6,2.3,176,,
,-0.010,-24.645,G,13.7,1.9,0.9,98,,
,-0.041,-61.625,HII,7.6,5.0,5.0,,,
,0.059,80.610,G,13.8,1.7,0.9,135,,
,-0.023,-57.811,G,13.9,1.6,1.4,126,,
,0.002,-4.980,G,11.0,3.0,2.2,140,,
,0.046,66.043,G,14.1,2.1,0.5,55,,
,0.085,47.666,G,14.1,1.9,0.7,36,,
,-0.099,-61.061,G,13.6,1.1,1.1,150,,
,0.015,16.788,G,11.7,2.3,1.1,50,,
,-0.047,-90.167,OCl,11.0,4.8,,,,
,0.022,16.771,G,11.6,3.3,2.3,83,,
,0.016,8.246,G,13.1,1.1,0.9,170,,
,0.002,0.052,G,11.4,2.9,2.3,67,,
,0.061,100.647,G,12.7,1.7,0.9,16,,
,-0.058,-100.636,G,12.7,1.4,1.2,9,,
,-0.001,-9.062,G,11.4,3.6,2.8,76,,
,0.001,0.497,G,13.1,1.2,0.9,109,,
,0.002,0.037,G,12.2,7.8,1.8,99,,
,0.052,100.208,G,13.2,2.1,0.6,2,,
,-0.020,-27.288,G,13.5,1.0,0.7,73,,
,0.036,35.952,G,13.5,1.4,1.2,107,,
,-0.058,-100.071,G,13.3,1.6,0.7,155,,
,0.003,-0.003,G,11.4,3.5,2.6,71,,
,-0.001,0.101,G,12.3,2.5,1.0,9,,
,0.026,60.093,G,13.1,2.3,0.6,12,,
,-0.018,-60.228,G,11.7,3.0,1.7,109,,
1,0.001,-0.252,G,12.5,1.9,0.9,96,,
,0.030,63.280,G,12.8,1.6,0.8,93,,
,-0.024,-64.406,G,11.7,2.8,2.0,121,,
,0.005,-3.208,G,14.5,1.3,0.7,69,,
,0.030,68.457,G,11.7,2.1,1.6,29,,
,-0.023,-68.467,G,13.1,1.4,1.0,60,,
,0.053,51.152,G,13.9,2.5,0.4,151,,
,-0.033,-23.833,GTrpl,,1.4,,,,
,-0.015,-22.218,G,11.9,3.1,1.3,140,,
,0.008,12.552,G,14.1,1.8,0.7,81,,
,-0.019,-23.949,G,11.7,2.9,2.1,166,,
,0.086,104.871,G,13.7,1.4,0.8,80,,
,-0.046,-86.074,G,12.0,3.0,1.5,109,,
1,0.020,49.102,G,12.8,1.8,0.8,18,,
,0.027,36.908,G,14.0,0.9,0.7,8,,
,-0.038,-93.879,G,12.6,2.0,0.5,152,,
,0.019,18.046,G,14.4,1.1,0.6,58,,
1,0.005,11.097,G,14.8,1.1,0.8,178,,
,0.004,-52.044,OCl,4.7,5.1,,,,
,0.008,95.549,G,11.7,3.1,1.6,119,,
1,-0.059,-50.042,G,14.9,1.1,1.0,56,,
,0.007,0.045,G,15.6,0.9,0.5,161,,
,0.067,62.793,G,14.8,1.1,0.7,157,,
,-0.013,-37.414,G,14.0,1.8,1.3,3,,
,0.004,1.464,G,13.3,1.5,0.8,174,,
,0.005,7.711,G,11.4,3.6,1.1,53,,
,-0.019,-54.240,G,13.6,1.9,1.3,115,,
,0.020,50.495,GPair,,1.2,,,,
,0.010,19.319,G,14.3,1.6,0.5,160,,
,-0.024,-64.618,G,12.7,1.2,1.1,130,,
,0.017,39.814,G,13.8,1.0,0.5,136,,
,-0.015,-40.182,G,14.4,0.9,0.3,28,,
,0.001,0.092,G,12.3,1.2,0.7,34,,
,0.004,-0.080,G,11.7,1.8,1.6,94,,
,0.036,81.021,G,11.6,1.8,1.7,10,,
,-0.034,-81.031,G,11.3,2.6,2.3,57,,
,0.005,-0.037,G,12.9,3.3,1.1,172,,
,0.007,2.246,G,11.7,3.0,2.0,110,,
,-0.004,-2.365,GPair,,1.2,,,,
,0.002,0.492,G,13.1,1.2,1.0,119,,
,0.005,-0.402,G,12.6,1.0,0.8,8,,
1,-0.006,-14.034,G,11.5,2.5,1.4,82,,
,0.032,83.315,G,11.4,3.6,1.8,38,,
,0.007,5.711,G,13.0,1.9,0.9,24,,
,-0.013,-59.047,G,13.7,2.3,1.1,29,,
1,0.014,36.972,G,14.3,0.9,0.5,171,,
,-0.040,-83.943,Cl+N,6.7,4.8,,,,
,0.035,58.420,G,13.0,1.3,1.1,64,,
,0.003,5.308,G,14.2,1.0,0.9,154,,
,0.007,18.983,G,14.0,1.3,0.9,81,,
1,0.078,52.718,G,12.8,1.9,1.1,139,,
,-0.098,-130.940,OCl,7.4,5.1,,,,
,0.023,30.311,G,14.0,1.2,0.9,9,,
,0.006,33.003,G,13.6,1.4,1.1,145,,
,-0.011,-45.219,G,13.1,1.4,0.4,159,,
,0.028,73.349,G,12.8,1.2,1.1,150,,
,-0.033,-61.236,G,14.1,1.1,0.9,117,,
,0.012,-3.854,G,12.3,2.0,1.7,117,,
,0.026,32.765,G,15.1,1.2,0.6,51,,
,0.005,8.759,G,10.9,1.2,0.7,98,,
1,0.003,-14.124,G,13.2,1.3,0.9,166,,
,0.004,5.421,G,14.8,1.1,0.3,23,,
1,0.061,68.309,G,14.6,1.3,0.9,55,,
,-0.045,-48.431,G,10.0,6.7,6.4,150,,
1,0.002,-10.050,G,12.6,2.6,2.2,119,,
,-0.014,-51.225,G,11.5,4.0,1.1,177,,
,0.073,109.193,G,10.9,2.1,2.1,65,,
,-0.055,-66.077,G,15.1,0.7,0.6,70,,
,0.009,23.962,G,15.3,0.7,0.6,80,,
,-0.007,-19.021,G,9.8,7.2,4.5,11,,
,0.004,10.667,G,12.6,1.4,0.9,179,,
,0.019,33.589,G,12.7,1.4,1.0,76,,
,-0.039,-92.322,G,13.2,1.0,0.8,169,,
,-0.026,12.978,G,13.7,1.2,0.9,51,,
,0.046,30.143,G,13.3,1.7,0.8,98,,
,0.002,7.325,G,14.1,1.0,0.8,88,,
,-0.013,-50.495,G,11.6,3.6,1.8,140,,
,0.051,99.635,G,10.6,4.1,2.8,167,,
,-0.039,-74.467,G,13.7,1.0,0.8,54,,
,0.003,0.035,G,12.8,2.2,0.8,155,,
,0.007,17.805,G,15.0,1.3,1.1,82,,
,0.005,15.482,G,14.5,0.9,0.6,179,,
,0.055,50.346,G,13.5,1.4,1.2,68,,
,-0.038,-70.612,G,12.6,4.0,0.7,160,,
,-0.184,-45.505,G,11.7,2.7,1.3,36,,
,0.190,57.443,G,11.7,2.9,2.8,70,,
,0.003,-1.931,G,9.2,8.3,5.5,5,,
,0.000,-37.064,G,13.6,0.7,0.5,118,,
,0.005,42.518,G,12.2,2.4,1.4,147,,
1,-0.032,-77.141,HII,3.0,120.0,120.0,,Carina Nebula,
1,0.048,103.054,G,14.5,1.2,0.9,161,,
,-0.016,-53.128,G,12.6,1.5,1.3,130,,
,0.007,15.989,G,14.2,1.1,0.5,166,,
,0.004,7.938,G,10.3,3.9,1.9,36,,
,-0.016,-54.002,G,13.5,1.5,1.4,93,,
,0.018,52.598,G,9.3,4.9,4.2,71,,
,0.006,16.020,G,13.4,1.6,1.4,21,,
,0.004,6.109,G,12.9,2.0,1.8,76,,
1,-0.018,-59.149,G,13.6,1.4,1.1,5,,
,0.016,37.067,G,10.0,5.2,2.4,53,,
,-0.002,-7.701,G,13.6,1.6,0.9,98,,
,0.000,0.071,G,14.6,1.1,1.0,95,,
2,0.005,7.534,G,12.0,2.7,1.2,104,,
,-0.007,-44.066,G,12.2,3.1,0.7,179,,
,0.015,45.753,G,13.3,0.9,0.6,31,,
,0.035,51.562,G,16.1,0.9,0.7,117,,
,-0.044,-90.944,G,13.1,1.9,1.7,13,,
,0.037,90.889,G,13.2,1.8,1.4,43,,
,-0.013,-32.744,G,12.1,1.6,0.9,40,,
,0.001,0.008,G,12.5,3.1,1.3,97,,
1,0.027,22.400,G,14.4,0.9,0.3,76,,
,-0.035,-39.172,G,14.5,1.5,1.4,30,,
,0.022,12.250,G,14.1,1.5,0.9,97,,
1,-0.005,-41.314,G,11.9,1.9,1.8,170,,
,0.058,86.535,G,13.0,2.8,1.0,73,,
,-0.061,-85.799,G,14.1,2.1,0.6,81,,
,-0.009,28.349,GPair,,1.2,,,,
,0.033,34.784,GPair,,1.2,,,,
,0.010,10.356,G,14.6,1.4,0.7,17,,
,-0.002,-2.942,G,14.2,0.8,0.7,150,,
,-0.031,-75.482,G,15.8,1.4,0.3,9,,
,0.026,68.051,G,14.9,0.9,0.6,40,,
1,-0.017,-37.595,G,10.5,4.0,2.2,155,,
,0.008,19.354,G,13.1,2.0,0.8,177,,
,-0.001,-4.791,G,11.1,2.7,1.4,9,,
,0.007,15.738,G,12.6,1.4,0.8,10,,
,0.001,0.051,G,15.5,0.6,0.2,31,,
,-0.013,-35.290,G,15.2,0.8,0.5,87,,
,0.007,19.638,G,14.3,1.1,0.9,77,,
,-0.002,-14.166,G,13.8,0.8,0.6,117,,
,-0.019,-31.189,G,15.0,1.2,1.1,120,,
,0.013,4.794,G,14.6,1.6,1.2,65,,
,0.006,0.047,G,14.7,1.3,0.4,54,,
,-0.001,18.242,G,11.2,3.6,3.0,4,,
,0.009,27.061,G,13.1,2.5,0.8,111,,
,-0.006,-24.334,G,14.4,1.2,1.0,65,,
,0.005,9.914,G,13.8,1.7,1.4,104,,
,-0.005,-10.182,G,13.9,1.3,0.8,77,,
,0.001,0.981,G,14.0,1.4,0.6,167,,
1,0.012,23.670,G,11.8,4.0,2.2,32,,
,-0.016,-49.958,G,14.5,1.5,0.4,133,,
,0.021,53.627,G,11.3,7.4,2.1,33,,
,-0.007,-26.471,G,13.3,2.5,2.4,170,,
,-0.002,-6.356,G,13.5,1.4,1.1,178,,
,0.047,57.498,G,14.1,1.8,1.2,33,,
,-0.039,-53.196,G,14.9,0.9,0.6,79,,
,0.003,14.840,G,12.2,2.4,0.8,119,,
,-0.003,-12.387,G,14.2,0.9,0.8,65,,
,-0.000,-1.989,G,15.2,0.4,0.3,135,,
,0.023,48.561,G,14.1,2.0,0.5,51,,
,-0.022,-49.894,G,14.0,0.8,0.4,6,,
,0.011,26.685,G,13.4,0.5,0.4,18,,
,-0.003,-16.336,G,14.6,1.8,0.9,146,,
,0.000,-7.363,G,15.5,1.4,0.2,19,,
,0.027,46.780,G,12.7,1.4,1.3,130,,
,-0.041,-102.130,OCl,,7.5,,,,
,0.005,61.918,GPair,,3.6,,,,
,0.037,37.526,G,12.0,3.0,0.9,65,,
,-0.029,-87.233,G,13.0,3.7,1.0,145,,
,-0.081,12.079,G,11.8,2.6,2.3,110,,
,0.105,48.089,G,13.5,1.7,0.8,50,,
,-0.002,-38.645,G,14.8,1.2,0.3,65,,
,-0.009,-10.388,G,13.9,1.1,0.6,13,,
,0.013,39.137,G,13.7,2.4,0.5,116,,
,0.001,-0.059,G,12.7,2.3,1.4,70,,
,-0.008,-33.313,G,13.3,1.8,1.3,105,,
,0.013,33.649,G,13.0,1.0,0.9,175,,
,0.020,39.496,G,13.1,1.4,0.7,7,,
,-0.022,-74.159,G,14.5,1.4,0.6,149,,
1,0.003,34.750,G,16.0,0.5,0.4,66,,
,0.008,-10.011,G,13.4,1.8,1.2,62,,
,-0.003,-33.838,G,13.8,1.5,0.7,77,,
,-0.009,5.074,G,12.6,2.4,1.6,111,,
,0.081,96.258,G,14.6,0.9,0.8,65,,
,-0.054,-65.437,G,14.6,1.0,0.6,53,,
,0.008,0.005,G,13.4,0.9,0.8,20,,
,0.013,31.187,G,14.0,1.5,0.7,9,,
,-0.010,-55.247,G,14.3,1.6,1.1,142,,
,0.030,73.812,G,14.2,1.4,1.2,161,,
,0.007,2.020,G,12.8,1.8,0.9,12,,
1,-0.018,-44.407,G,14.6,1.1,0.8,36,,
,0.001,-0.028,G,15.0,1.1,0.8,160,,
,0.005,7.130,G,14.5,1.1,0.7,60,,
,-0.005,-14.950,G,14.9,1.0,0.9,146,,
,0.001,-0.058,G,15.6,1.4,0.3,72,,
,0.021,36.904,G,12.9,2.0,0.8,127,,
,-0.009,-61.083,G,13.9,1.5,1.1,3,,
1,0.009,7.417,G,13.8,0.8,0.6,125,,
,-0.015,-39.040,G,12.6,1.9,1.4,16,,
,0.007,18.107,G,13.2,1.8,1.4,98,,
1,0.018,43.319,G,12.2,2.2,2.0,50,,
,0.006,14.133,G,10.6,5.8,4.1,80,,
,0.006,-11.387,G,14.6,0.9,0.4,152,,
,0.010,40.090,G,13.7,1.5,0.7,172,,
,-0.018,-43.777,G,10.2,3.4,2.0,70,,
,-0.007,-4.539,G,15.2,0.9,0.7,26,,
,0.012,2.800,G,13.2,0.9,0.9,140,,
,0.006,-1.657,GPair,,1.0,,,,
,0.008,17.215,G,15.1,1.0,0.3,85,,
1,-0.003,-24.092,G,12.4,4.7,1.0,20,,
,-0.028,-63.965,OCl,8.2,6.0,,,,
,0.129,40.865,G,13.0,2.6,1.6,57,,
1,-0.069,75.694,G,14.2,0.8,0.7,20,,
,-0.022,18.979,G,14.8,0.9,0.4,48,,
,0.015,-57.212,G,13.6,4.3,0.7,27,,
1,-0.025,-77.835,RfN,,3.0,3.0,,,
,0.032,87.819,G,12.2,2.5,2.2,150,,
1,0.001,-16.896,G,13.2,1.2,1.0,175,,
,0.003,7.058,G,12.1,2.9,2.5,95,,
,-0.007,-34.424,G,13.4,1.0,0.8,23,,
,0.023,21.118,G,14.1,1.9,0.5,37,,
,-0.011,24.058,G,13.5,1.6,0.7,163,,
,-0.005,-51.974,G,11.0,6.0,2.0,76,,
,0.010,51.124,G,12.3,1.6,1.4,141,,
,-0.004,-51.282,G,11.7,2.8,1.3,113,,
,0.004,4.464,G,13.8,1.2,1.0,100,,
,0.010,47.009,G,14.7,1.0,0.7,51,,
,0.036,44.341,G,12.1,1.9,1.6,55,,
,-0.019,-16.044,G,13.8,0.9,0.8,91,,
1,-0.027,-117.893,OCl,7.7,4.8,,,,
,0.052,43.344,G,14.9,0.9,0.8,51,,
,-0.022,17.988,G,9.1,8.3,4.5,162,,
,0.014,20.122,G,14.1,1.2,0.6,115,,
,-0.059,55.030,G,13.7,1.1,1.0,160,,
,0.057,-63.731,G,13.3,1.5,0.4,14,,
1,0.007,-4.211,G,13.6,2.4,0.6,55,,
,0.006,21.354,G,14.9,1.2,1.0,171,,
1,-0.000,-48.084,G,14.1,1.1,0.9,104,,
,0.023,76.786,G,14.3,0.8,0.3,99,,
1,-0.048,-116.000,OCl,3.0,12.0,,,Wishing Well Cluster,
,0.022,21.597,G,13.8,2.9,0.7,70,,
,0.030,63.784,G,14.0,1.4,0.5,88,,
,-0.006,-21.779,G,14.2,1.2,0.5,178,,
,0.005,23.644,G,15.1,0.8,0.7,161,,
,-0.007,-38.734,GPair,,1.4,,,,
1,0.011,38.931,G,15.2,1.3,0.4,5,,
,0.002,7.348,G,14.5,1.3,1.2,63,,
,-0.012,-46.513,G,15.4,1.3,1.2,90,,
,0.023,47.439,G,14.9,0.8,0.3,45,,
,0.017,24.400,G,14.1,1.2,0.2,9,,
,0.010,-79.636,G,13.1,3.1,1.0,94,,
,-0.022,55.255,GPair,,1.3,,,,
,-0.007,-50.347,G,14.5,1.9,0.9,101,,
,0.003,24.102,G,12.9,1.7,0.8,6,,
1,0.016,42.667,G,12.1,2.6,0.9,39,,
,-0.005,-24.620,GPair,,1.2,,,,
,-0.015,-7.009,G,14.7,1.4,0.9,38,,
,0.017,6.934,G,15.0,0.8,0.8,55,,
,-0.001,-0.008,G,16.0,0.5,0.3,2,,
,0.002,-0.025,G,15.2,0.7,0.6,57,,
,-0.016,-6.850,G,15.6,0.6,0.3,32,,
,0.028,33.864,G,10.1,4.0,1.7,79,,
,-0.026,-93.213,G,10.4,4.4,3.4,32,,
,0.016,66.083,G,14.6,1.0,0.9,115,,
,-0.003,-16.528,G,13.8,1.5,0.9,51,,
1,0.008,16.680,G,14.7,1.7,1.7,175,the Guitar,
,0.029,44.183,G,12.2,1.7,1.3,165,,
,-0.026,-45.916,GPair,,1.4,,,,
,-0.013,-64.511,G,12.2,1.9,1.1,16,,
,-0.047,17.526,G,15.4,0.7,0.5,126,,
1,0.059,25.858,G,14.4,1.2,0.5,115,,
,-0.009,-43.284,G,12.4,2.7,1.2,6,,
,0.022,72.900,G,14.4,1.1,1.1,50,,
,-0.001,-7.862,G,14.9,1.1,1.0,100,,
1,-0.029,-87.838,OCl,6.6,4.1,,,,
,0.016,23.372,G,12.3,2.5,1.1,4,,
,0.015,64.501,G,15.7,0.7,0.6,31,,
1,-0.011,-88.988,HII,,3.0,3.0,,,
,0.037,109.636,G,14.7,1.2,1.0,61,,
1,-0.029,-109.516,Neb,,20.0,15.0,,,
,0.021,64.900,G,14.7,0.8,0.3,175,,
,-0.020,-64.959,HII,,,,,,
,0.002,0.028,Neb,,,,,,
,0.033,109.593,G,12.2,2.2,1.3,127,,
,-0.031,-109.548,Neb,,,,,,
,0.016,34.474,G,9.7,6.6,3.3,104,,
,-0.013,-34.597,Neb,,,,,,
,0.039,116.371,PN,9.9,3.6,,,Owl Nebula,
,-0.013,-34.630,GPair,15.3,0.6,0.6,10,,
,0.020,40.311,G,14.5,1.5,0.8,50,,
,-0.038,-121.489,OCl,8.2,5.1,,,,
,0.018,46.702,G,14.5,1.2,0.8,151,,
,0.007,31.347,G,14.6,2.1,0.6,118,,
,0.003,-4.442,G,10.9,4.7,1.9,91,,
,0.027,42.886,G,15.0,1.2,1.1,8,,
,-0.014,-8.257,G,12.9,1.5,0.6,176,,
,-0.005,-32.660,G,11.5,3.5,3.4,65,,
,-0.007,-38.515,G,13.1,1.5,1.1,84,,
,0.008,40.991,G,13.5,1.6,1.3,38,,
,0.004,0.847,G,12.0,2.4,2.2,105,,
,0.007,23.481,G,13.0,1.9,0.6,4,,
,-0.005,-36.476,G,14.2,0.5,0.4,17,,
,0.004,12.301,G,15.6,1.0,0.4,48,,
,-0.011,-78.677,Cl+N,,3.3,,,,
,0.040,65.817,G,12.2,1.4,0.8,11,,
,-0.012,13.461,G,12.3,1.2,0.7,19,,
,-0.009,-51.844,G,13.4,1.6,1.5,10,,
,0.011,51.879,G,10.0,4.6,4.0,120,,
,0.001,0.097,G,10.6,3.2,2.7,78,,
,0.014,8.477,G,14.0,1.2,1.0,49,,
,0.010,32.160,G,10.8,2.4,2.4,135,,
1,-0.003,-32.165,G,14.9,0.9,0.6,169,,
,0.006,31.379,G,10.8,3.5,1.8,100,,
,-0.004,-12.252,G,12.2,2.5,1.7,88,,
,-0.004,-22.351,G,13.9,1.5,0.9,40,,
1,-0.005,-49.531,G,12.8,1.8,1.2,137,,
,0.012,49.603,G,14.3,0.9,0.8,3,,
,0.014,34.289,G,12.5,3.9,3.1,25,,
,-0.055,-133.974,G,13.9,3.2,0.8,80,,
,0.037,43.402,G,9.6,9.8,4.0,161,,
,0.032,100.056,G,13.1,1.2,0.5,9,,
,-0.021,-54.150,G,9.3,7.6,2.0,173,,
,-0.002,-5.571,G,14.8,0.9,0.5,166,,
,0.028,50.260,G,13.9,1.9,0.5,151,,
,-0.008,-39.424,G,11.0,2.9,1.9,157,,
,0.003,-5.365,G,8.9,10.3,4.6,168,,
,0.001,0.598,G,9.4,11.0,3.4,104,,
,0.004,13.373,G,12.9,1.8,1.1,35,,
,-0.004,-23.999,G,12.8,1.9,0.9,38,,
,0.013,50.206,G,10.4,3.7,3.1,118,,
1,-0.010,-49.584,G,14.3,1.2,0.4,71,,
,0.001,-12.600,G,15.5,0.3,0.2,,,
,0.000,0.000,G,14.6,1.4,1.4,55,,
,-0.002,-1.268,G,12.4,2.5,1.3,91,,
,0.004,0.025,G,12.6,2.5,2.1,20,,
,-0.008,2.151,G,14.2,1.6,0.4,140,,
,0.024,26.565,G,14.1,1.1,0.8,27,,
,-0.008,-15.224,G,10.4,4.3,3.8,98,,
,0.000,-0.040,G,13.2,1.0,0.8,178,,
,0.020,55.880,G,12.2,4.3,3.6,120,,
,-0.015,-56.061,G,14.7,0.9,0.7,107,,
,0.002,-0.204,G,15.0,1.4,0.6,65,,
1,0.003,17.360,G,11.2,3.1,1.5,45,,
,-0.001,-17.278,G,15.7,0.4,0.4,75,,
,0.014,36.985,G,12.6,1.2,0.7,73,,
,-0.004,-19.668,G,14.7,0.8,0.5,141,,
,0.005,0.495,G,14.5,1.9,0.3,54,,
,-0.002,3.593,GPair,,1.0,,,,
,0.004,13.468,G,12.7,2.5,0.8,153,,
,-0.003,-13.486,G,14.6,1.2,0.7,79,,
,0.028,45.134,G,13.3,1.5,0.8,45,,
,-0.021,-52.823,G,11.7,1.4,1.0,32,,
,0.012,37.252,G,12.8,1.5,1.0,168,,
,0.005,-0.921,G,13.2,1.0,0.9,169,,
,0.001,-14.359,G,12.2,1.7,1.6,30,,
,-0.004,-20.743,G,12.8,2.0,1.0,59,,
,-0.004,-26.478,G,12.7,2.6,2.2,105,,
,0.002,-5.172,G,14.3,1.8,0.8,139,,
,0.002,12.726,G,13.8,1.3,0.8,19,,
,0.004,-11.191,G,13.2,2.0,1.4,85,,
,0.007,15.621,G,12.7,1.4,0.9,34,,
,0.005,35.438,G,10.8,4.1,3.0,29,,
,-0.005,-27.421,G,12.7,3.4,1.0,97,,
,-0.002,-25.199,G,14.0,2.1,1.2,82,,
,0.020,77.303,G,13.1,1.8,1.1,133,,
,-0.001,-5.725,G,13.3,1.8,0.5,154,,
,-0.010,-33.776,G,14.3,1.1,0.7,36,,
,0.017,36.535,G,15.6,0.8,0.7,1,,
,-0.014,-70.275,G,11.3,2.9,1.7,7,,
,0.003,-16.942,G,11.6,3.5,2.3,74,,
,0.021,83.785,G,13.0,1.6,0.5,32,,
,-0.005,-13.462,G,10.1,5.9,3.3,178,,
,-0.009,-54.726,G,14.7,1.0,0.8,151,,
,0.011,58.114,G,13.8,1.5,1.3,130,,
,-0.000,-19.107,G,14.1,0.7,0.7,50,,
,-0.075,-33.625,G,14.8,1.2,0.9,90,,
,0.064,-37.492,OCl,7.6,5.7,,,,
,0.015,60.113,G,11.9,1.7,1.7,10,,
,0.019,49.727,G,12.5,2.2,1.4,93,,
,-0.002,-9.713,G,13.0,1.7,0.7,124,,
,-0.006,-39.847,G,11.8,2.3,1.5,126,,
,0.018,-12.703,G,15.5,0.8,0.4,147,,
,-0.009,12.897,G,11.4,2.9,2.2,21,,
,0.005,12.287,G,12.6,1.4,0.5,173,,
,-0.005,-38.677,G,15.4,1.1,0.9,168,,
,0.008,34.827,G,12.3,1.5,1.0,94,,
,0.006,32.901,GPair,,2.1,,,,
,-0.007,-41.642,G,12.6,1.5,1.0,20,,
,0.004,-7.512,G,12.9,3.2,0.8,93,,
,-0.003,-22.603,G,14.0,2.3,0.8,86,,
,0.012,48.609,G,13.6,1.0,0.8,116,,
,0.006,0.162,G,14.8,1.0,0.7,165,,
,-0.009,-46.859,G,15.0,0.9,0.7,102,,
,0.002,32.078,G,13.1,2.1,0.6,93,,
1,-0.015,-80.753,PN,11.3,0.8,,,,
,0.028,95.473,G,14.9,1.0,0.7,146,,
,-0.003,-11.422,G,13.0,1.6,0.8,143,,
,0.013,-32.956,G,14.7,1.3,0.9,158,,
,-0.018,0.417,G,15.7,0.6,0.4,110,,
,0.015,-3.100,G,13.9,1.6,1.4,30,,
,0.001,20.823,G,11.0,4.3,1.7,121,,
,-0.006,-45.668,G,11.3,3.1,2.1,78,,
,0.007,24.848,G,15.8,0.7,0.5,77,,
2,0.016,34.311,G,13.1,1.2,0.5,99,,
,-0.029,-33.847,G,14.7,0.9,0.5,155,,
,0.029,39.647,G,15.6,2.0,0.7,159,,
,0.009,-0.414,G,14.2,1.2,0.8,123,,
,0.004,0.204,G,14.3,1.2,0.8,65,,
,-0.006,-42.589,G,13.4,1.2,0.8,133,,
,0.002,17.719,G,14.2,0.9,0.8,152,,
,-0.002,-33.796,G,11.2,6.5,2.0,32,,
,0.017,83.376,G,10.7,4.7,2.3,9,,
,-0.006,-52.249,G,13.1,1.7,1.1,24,,
,0.002,-0.015,G,13.0,1.1,1.0,125,,
,0.030,-10.271,G,15.5,0.9,0.5,130,,
,0.004,-0.213,G,15.4,1.1,0.8,58,,
,-0.031,-0.290,G,14.4,1.3,1.1,75,,
,0.033,0.310,G,15.0,1.5,0.3,63,,
,-0.014,71.548,G,13.2,1.5,1.3,144,,
,-0.005,-14.859,G,10.5,5.3,3.5,14,,
,0.005,-60.908,G,15.1,0.9,0.6,87,,
,-0.007,38.326,G,14.5,1.6,0.8,22,,
,0.010,28.679,G,11.6,2.9,2.1,14,,
,0.007,-62.702,G,14.7,1.4,1.1,13,,
,-0.001,22.088,G,14.4,1.0,0.8,45,,
,0.001,-22.358,G,12.4,1.3,1.1,89,,
,0.013,64.697,G,12.4,3.4,1.1,167,,
,-0.006,-68.933,G,14.8,1.1,1.0,59,,
,0.021,84.618,G,12.5,3.5,0.8,130,,
,-0.004,2.916,G,15.8,1.1,0.6,151,,
,-0.002,-18.503,G,13.9,1.1,0.9,89,,
,0.004,-0.425,G,11.4,2.3,1.6,156,,
,-0.003,-29.435,G,15.2,1.2,0.3,18,,
,0.009,34.888,G,14.8,1.3,0.7,109,,
,-0.001,-14.693,G,14.0,0.9,0.8,2,,
,-0.010,-83.240,G,12.1,2.6,1.8,113,,
,0.007,59.679,G,15.7,0.6,0.5,3,,
,0.000,1.289,G,15.5,0.7,0.3,13,,
,0.030,-0.991,G,16.2,0.6,0.3,102,,
,-0.000,-0.011,G,15.0,1.1,0.5,115,,
,-0.087,52.368,G,16.3,0.5,0.2,110,,
,0.088,-52.352,G,15.8,0.8,0.3,138,,
,-0.032,-60.023,G,12.8,2.8,0.5,109,,
,0.033,59.971,G,14.9,1.1,0.7,154,,
,0.001,-0.038,G,15.0,0.9,0.5,9,,
,-0.090,52.692,G,13.8,1.6,0.7,152,,
,0.090,-52.647,G,14.5,1.6,0.5,109,,
,-0.000,0.005,G,15.0,0.6,0.5,1,,
,-0.023,14.424,G,12.8,2.9,1.2,124,,
,0.004,17.884,G,11.5,1.9,1.0,179,,
,0.004,4.122,G,13.4,1.1,0.9,125,,
,-0.009,-36.820,G,14.1,0.7,0.6,54,,
,0.007,33.227,G,13.3,1.0,0.9,10,,
1,-0.003,-31.831,G,15.0,1.1,0.8,63,,
,0.011,38.767,G,13.2,1.8,0.4,166,,
,-0.015,-71.606,G,13.2,1.1,0.9,159,,
,0.007,27.736,GPair,,0.8,,,,
,0.003,6.207,G,14.9,0.8,0.6,61,,
,-0.014,-85.701,OCl,5.3,6.9,,,Pearl Cluster,
,0.017,78.482,G,13.4,1.0,0.7,88,,
,-0.000,0.963,G,13.7,1.4,0.8,154,,
,0.008,30.053,G,12.5,2.8,0.9,150,,
,0.004,11.724,G,13.6,0.9,0.6,119,,
,0.019,-68.965,G,12.6,1.5,0.9,10,,
,-0.022,32.039,G,14.3,1.3,0.7,14,,
,0.007,-10.579,G,13.3,1.2,1.0,161,,
,0.005,-21.088,G,14.7,1.1,0.7,79,,
,-0.001,-1.663,G,14.7,1.3,0.5,30,,
,-0.003,7.285,G,16.1,0.5,0.4,155,,
,-0.036,-9.215,G,14.4,1.2,0.6,35,,
,0.037,-38.146,G,14.2,1.2,1.0,40,,
,0.009,40.131,G,14.4,1.6,0.8,92,,
,0.008,66.855,G,12.1,2.6,2.2,74,,
,-0.005,-29.909,G,14.7,0.7,0.6,25,,
,0.005,20.152,G,13.1,1.2,0.6,178,,
,-0.006,-84.253,G,12.7,2.1,1.9,163,,
,0.008,64.048,G,15.1,0.9,0.5,137,,
,0.001,-0.007,G,15.1,1.1,0.4,27,,
,0.003,5.607,G,13.7,2.0,1.0,72,,
,-0.001,-11.454,G,14.6,0.8,0.7,25,,
,0.001,11.476,G,12.5,2.0,0.6,179,,
,-0.026,-41.538,G,14.3,1.8,0.5,178,,
,0.027,27.319,G,14.4,1.0,0.4,154,,
,-0.001,-27.079,G,14.4,1.3,0.9,165,,
2,0.020,65.569,G,13.0,2.0,1.1,118,,
,-0.013,2.411,G,14.0,2.1,0.6,54,,
,0.006,1.686,G,12.9,1.5,0.9,126,,
1,-0.004,-35.602,G,13.1,2.1,1.0,60,,
,-0.002,-9.370,G,14.5,0.7,0.4,105,,
,0.001,0.015,G,13.0,1.7,0.6,53,,
,0.001,2.386,G,12.3,2.3,1.3,120,,
,0.001,0.037,G,13.6,1.0,0.2,85,,
,-0.001,0.036,G,16.4,0.6,0.5,19,,
1,0.007,2.542,G,13.7,1.5,1.2,62,,
,0.002,-2.547,G,13.6,1.1,0.9,170,,
1,-0.001,4.642,GPair,,2.2,,,,
,0.009,37.448,G,13.5,1.2,1.1,125,,
,-0.005,-48.415,G,10.8,3.4,2.3,28,,
,0.005,36.220,G,12.3,2.0,1.5,172,,
,-0.003,-22.869,G,13.8,1.7,0.5,25,,
,0.004,11.725,G,11.7,2.1,1.2,85,,
,0.002,-11.742,G,15.5,0.8,0.4,172,,
,0.003,-0.004,G,14.1,1.4,0.8,70,,
,0.003,-4.697,G,12.5,1.7,0.9,68,,
,0.001,-9.800,G,13.3,1.1,0.8,122,,
,0.001,-16.460,G,11.8,2.4,1.6,96,,
,0.003,16.507,G,14.8,0.9,0.6,145,,
,-0.001,0.033,G,15.4,0.7,0.5,25,,
,0.002,9.932,G,12.8,1.4,1.0,175,,
,0.000,-10.038,G,13.7,1.4,0.8,176,,
,0.001,-24.145,G,13.8,1.9,1.2,86,,
,0.008,66.647,G,14.5,1.2,0.7,115,,
,-0.005,-42.516,G,13.0,1.4,0.9,147,,
,0.002,16.225,G,14.2,1.1,0.8,68,,
,0.001,-7.644,G,13.3,1.0,0.7,74,,
,0.006,-2.357,G,15.4,0.8,0.6,51,,
,0.008,36.223,G,15.0,1.0,0.6,97,,
1,-0.002,-65.589,G,13.9,2.3,0.6,23,,
,0.003,35.603,G,12.9,1.9,1.5,7,,
,-0.000,-12.563,G,14.6,1.3,0.7,29,,
,0.002,8.928,G,14.9,0.9,0.6,133,,
,0.008,41.030,G,13.1,1.9,0.6,62,,
,-0.010,-76.916,GPair,,1.5,,,,
,0.007,36.691,G,13.2,0.9,0.8,6,,
,0.005,38.053,G,12.3,1.4,0.6,141,,
,-0.005,-47.163,G,13.7,1.0,0.5,85,,
,0.001,9.292,G,13.9,0.8,0.7,67,,
,0.001,-0.105,G,13.6,1.0,0.7,119,,
,-0.000,-0.022,G,11.8,2.1,1.5,177,,
,-0.002,-12.024,G,14.1,1.0,0.4,43,,
,0.002,12.103,G,13.9,1.2,0.3,28,,
,0.001,-0.033,G,14.0,0.9,0.5,125,,
,0.006,35.656,G,13.6,1.0,0.6,134,,
,-0.004,-22.137,G,14.4,1.5,1.4,130,,
1,0.023,-30.283,G,14.8,0.7,0.4,29,,
,-0.000,52.655,G,14.5,1.7,0.7,124,,
,-0.021,-35.906,G,15.2,0.6,0.5,83,,
1,0.002,-3.423,G,12.4,1.4,0.8,140,,
,0.007,-25.791,G,13.0,1.9,1.6,57,,
,-0.008,42.588,G,14.8,1.2,0.9,73,,
1,0.007,-13.822,G,14.1,0.9,0.6,48,,
,0.006,-28.847,G,14.2,1.4,0.8,71,,
,-0.005,28.768,G,14.1,1.1,0.3,58,,
,-0.001,0.341,G,13.4,1.3,0.7,40,,
,0.004,0.179,G,12.8,2.0,1.0,61,,
,0.000,-0.368,G,13.3,1.1,1.1,155,,
,0.001,-11.136,G,13.9,2.5,0.5,74,,
,0.002,10.922,G,15.6,0.8,0.6,82,,
2,0.004,0.008,G,13.2,1.4,0.8,176,,
,0.000,0.045,G,14.8,0.8,0.4,80,,
,0.005,-8.620,G,13.5,1.7,0.5,136,,
,0.003,39.375,G,13.0,1.0,0.8,24,,
,0.003,-17.091,G,15.2,0.9,0.2,104,,
,-0.005,-19.342,G,11.7,2.4,1.8,4,,
,-0.001,6.007,G,12.8,1.1,1.1,0,,
1,0.001,-0.007,G,14.5,1.6,0.4,86,,
,-0.007,-10.606,G,13.8,1.1,0.6,105,,
,0.012,38.333,G,11.0,5.4,1.2,36,,
,0.003,-14.290,G,14.0,0.6,0.6,145,,
,0.008,36.180,G,13.4,2.0,0.5,131,,
,-0.007,-36.222,G,14.7,0.9,0.9,115,,
,0.003,-0.056,G,14.9,1.2,1.0,15,,
,-0.008,-89.494,G,11.8,3.3,1.8,107,,
,0.012,77.063,G,13.1,1.8,1.6,159,,
,-0.010,-0.283,G,12.6,1.9,1.4,10,,
,0.010,-48.314,G,11.9,2.7,1.1,120,,
,0.005,47.759,G,14.1,1.4,0.7,125,,
,-0.000,-36.692,G,10.9,3.3,2.6,10,,
,0.008,72.822,G,12.1,1.6,1.3,119,,
,0.004,0.051,G,15.6,0.7,0.4,123,,
,0.025,18.284,G,14.1,0.9,0.8,50,,
,-0.021,-43.943,G,12.8,1.7,1.3,71,,
,-0.001,-41.321,G,11.2,3.1,2.7,98,,
,0.011,59.673,G,10.6,2.7,1.4,158,,
,0.003,10.705,G,11.6,2.7,1.8,18,,
,0.004,0.017,G,13.0,1.2,0.8,124,,
,-0.002,-10.758,G,12.6,1.4,0.9,129,,
,0.001,-13.659,G,13.0,1.5,1.2,107,,
,0.004,21.068,G,10.7,3.5,2.1,107,,
,0.014,-29.605,G,13.2,1.5,0.7,4,,
,-0.016,0.543,G,11.4,2.5,1.2,2,,
,-0.105,50.351,G,14.5,1.4,0.7,166,,
,0.108,-51.251,G,14.0,1.3,0.8,89,,
,-0.004,-63.639,G,13.5,1.3,1.1,133,,
,0.002,8.240,G,10.8,3.5,2.5,11,,
,-0.002,19.547,G,12.8,1.9,1.3,63,,
,0.010,58.156,G,13.5,1.4,0.8,80,,
,-0.003,-49.513,G,13.6,1.1,0.7,40,,
,0.006,13.273,G,16.3,0.7,0.5,79,,
,0.005,-60.424,OCl,,6.6,,,,
,-0.003,69.572,G,14.3,1.4,0.9,144,,
,-0.010,3.604,G,15.3,0.9,0.7,112,,
1,0.021,30.416,G,12.5,1.6,1.4,146,,
,-0.002,-48.786,G,13.9,0.8,0.4,37,,
,-0.019,-11.686,G,14.6,1.9,0.4,96,,
,0.025,60.262,G,14.6,1.2,0.3,47,,
,-0.002,-3.319,G,11.8,4.6,1.0,76,,
,-0.008,-109.007,PN,8.1,0.3,,,Blue Planetary,
,0.007,77.197,G,14.4,0.9,0.9,150,,
,-0.010,4.905,G,14.1,1.1,0.9,131,,
,0.017,30.159,G,12.5,2.0,1.2,30,,
,0.002,-4.922,G,13.6,1.9,0.7,39,,
,-0.004,-78.963,G,9.6,6.9,4.5,48,,
1,0.006,50.695,G,15.1,1.2,0.8,15,,
,0.002,0.138,GPair,,1.2,,,,
1,0.005,26.656,G,12.5,1.4,1.2,0,Miniature Spiral,
,-0.001,-27.680,G,14.7,0.6,0.4,85,,
,0.001,17.012,G,13.5,2.7,2.0,38,,
,-0.009,13.986,G,14.4,1.1,0.9,157,,
1,0.013,-35.191,G,13.6,1.0,0.5,83,,
,0.003,0.041,G,14.8,0.9,0.7,73,,
,0.003,15.553,G,13.9,1.0,0.6,112,,
,-0.001,-59.310,G,12.3,4.5,0.8,64,,
,0.007,47.537,G,12.5,1.8,1.5,20,,
,0.001,23.490,G,10.4,3.5,3.4,28,,
1,-0.000,-23.132,G,12.8,1.2,1.0,99,,
,0.002,15.997,G,10.4,3.5,2.3,10,,
,-0.024,-48.411,G,13.8,1.3,0.7,124,,
,0.024,31.904,G,14.5,1.0,0.9,130,,
,0.003,5.728,G,14.1,1.1,0.8,30,,
,0.002,34.469,G,10.8,5.5,3.3,15,,
,0.002,-39.654,G,14.4,0.7,0.5,83,,
,-0.000,-0.270,G,13.2,1.4,0.8,106,,
1,0.006,27.107,G,10.9,2.3,1.3,116,,
,-0.000,0.026,G,16.2,0.4,0.3,52,,
,-0.000,-24.503,G,13.6,1.0,0.5,175,,
,-0.000,-27.379,G,13.0,1.6,0.4,84,,
,0.002,56.324,G,10.1,6.1,3.1,14,,
,-0.002,-31.444,G,14.3,0.9,0.8,19,,
,0.004,-44.047,G,11.8,4.2,1.2,166,,
,0.001,2.597,G,12.5,3.5,1.0,64,,
,0.000,0.998,G,12.9,3.2,0.6,176,,
,0.009,77.936,G,13.0,1.3,0.5,30,,
,0.001,-66.123,G,14.0,0.9,0.6,153,,
,-0.067,-47.914,OCl,8.3,6.0,,,,
,0.073,125.000,G,14.6,1.3,1.3,165,,
,-0.005,-83.305,G,10.7,4.2,3.0,10,,
,0.005,72.469,G,12.0,2.5,2.2,96,,
,-0.001,-30.232,G,14.9,0.9,0.7,78,,
,-0.009,-39.129,G,16.3,0.6,0.4,123,,
,0.040,42.889,G,13.8,2.5,0.5,109,,
,-0.026,-39.866,G,14.4,1.3,1.0,108,,
,0.005,19.812,G,13.2,1.9,1.3,17,,
,-0.006,-30.895,G,14.0,1.3,1.2,64,,
,0.005,6.866,G,14.4,1.2,0.5,101,,
,0.003,42.057,G,13.1,1.1,0.9,76,,
,0.002,25.325,G,12.3,3.7,1.0,117,,
,-0.002,-43.324,G,15.5,0.7,0.4,166,,
,0.001,-24.024,G,14.3,1.2,1.0,170,,
,0.004,72.556,G,15.5,0.8,0.4,94,,
,0.001,-53.780,G,12.4,3.1,0.9,57,,
,0.002,48.642,G,14.5,1.5,1.2,177,,
,0.001,5.132,G,12.7,1.6,1.5,25,,
,-0.002,-63.244,G,14.0,1.2,0.7,99,,
1,0.001,-17.175,G,11.7,3.3,2.1,15,,
,0.006,75.021,G,11.7,2.1,1.9,25,,
,-0.001,-31.257,G,14.6,1.2,0.3,113,,
1,0.005,24.466,G,13.1,1.1,0.7,67,,
1,0.011,-23.139,G,12.9,2.7,0.7,59,,
,0.001,2.683,G,14.6,0.8,0.6,50,,
,0.000,-2.645,G,15.7,0.8,0.4,123,,
,0.003,30.226,G,12.6,1.4,0.8,42,,
,-0.001,-23.121,GPair,,1.8,,,,
,0.001,21.037,G,9.9,8.1,5.6,78,,
,0.001,-28.134,G,14.7,1.7,0.5,140,,
,-0.001,7.037,G,12.8,0.8,0.5,10,,
,0.002,0.016,G,12.4,2.6,0.9,38,,
,0.001,-17.997,G,14.3,0.8,0.6,51,,
,0.000,10.974,G,13.5,1.1,0.6,126,,
,0.003,30.183,G,11.3,2.8,2.3,139,,
,-0.000,-30.386,G,15.8,0.6,0.4,86,,
,-0.000,0.076,G,15.2,1.0,0.4,1,,
,0.003,22.191,G,15.9,0.6,0.4,149,,
,-0.003,-24.133,G,14.6,1.3,0.6,111,,
,0.000,-0.077,G,14.6,1.0,0.6,160,,
,0.002,4.754,G,13.6,1.2,0.5,8,,
,0.001,-2.757,G,13.1,1.1,0.7,92,,
,-0.001,-27.242,G,14.2,1.5,1.0,13,,
1,0.003,30.313,G,12.0,2.1,1.1,166,,
1,0.006,19.069,G,13.2,3.1,0.7,66,,
,-0.003,-22.164,G,15.8,0.8,0.4,35,,
,0.000,-15.076,G,14.4,1.7,0.5,151,,
,0.001,33.925,G,11.3,4.9,1.2,58,,
,0.002,-27.770,G,13.4,1.6,1.0,119,,
,0.002,8.863,GPair,,1.4,,,,
,-0.004,2.489,G,13.8,0.8,0.5,155,,
,0.004,-0.077,G,13.0,1.6,1.1,69,,
,-0.001,-2.136,G,13.8,1.4,0.4,162,,
,0.042,-11.212,G,14.1,1.5,0.3,145,,
,-0.038,16.308,G,13.1,1.9,0.8,19,,
,0.002,-5.329,G,15.4,0.9,0.8,81,,
,-0.000,0.140,G,14.3,1.0,1.0,105,,
,0.001,-0.234,G,14.6,0.9,0.8,30,,
,-0.010,-43.336,G,11.8,1.8,1.5,64,,
,0.011,56.140,G,13.6,1.4,0.9,34,,
,0.004,13.169,G,10.8,4.4,0.9,178,,
,0.002,-70.227,G,11.2,3.5,2.8,163,,
1,0.009,27.447,G,14.4,1.2,0.6,156,,
,0.006,-9.282,G,10.5,3.8,2.6,19,,
,0.002,33.048,G,14.8,0.7,0.5,48,,
,0.000,-11.874,G,12.5,1.4,1.1,179,,
,0.001,-37.917,G,11.8,2.6,1.3,44,,
,0.015,87.167,G,14.4,1.4,0.9,11,,
,-0.017,-85.272,G,14.5,1.2,1.1,22,,
,0.016,77.844,G,10.8,4.8,2.1,83,,
,-0.001,-48.495,G,12.9,2.4,2.2,30,,
,0.008,-32.269,G,10.2,5.4,3.8,80,Antennae Galaxies,
,0.001,-0.018,G,11.0,5.4,2.7,50,Antennae Galaxies,
,0.003,36.709,G,15.0,1.2,0.6,140,,
,0.002,44.314,G,11.1,2.6,2.4,70,,
,0.009,-41.974,G,16.4,0.4,0.3,124,,
,-0.006,-15.833,G,14.0,0.9,0.6,136,,
,0.002,-4.542,G,14.6,1.1,1.0,5,,
,0.003,2.189,G,11.8,2.5,1.6,86,,
1,0.002,46.659,G,12.8,1.5,1.2,100,,
,0.000,-30.620,G,14.4,0.7,0.5,92,,
,0.002,0.737,G,14.1,1.2,0.7,51,,
,-0.001,-35.127,G,11.8,3.4,2.1,89,,
,0.005,60.905,G,11.4,4.9,4.3,146,,
,-0.018,-107.754,OCl,8.8,5.1,,,,
,0.018,82.952,G,14.4,1.1,0.6,107,,
,0.001,38.165,GTrpl,,1.0,,,,
,0.013,-37.662,G,13.8,0.9,0.8,1,,
,-0.001,0.081,G,16.5,0.6,0.5,133,,
,0.002,-0.078,G,12.6,1.3,1.0,120,,
,-0.004,-16.687,G,13.9,1.4,0.7,167,,
1,0.003,16.789,G,15.5,0.6,0.3,88,,
1,0.001,11.559,G,11.2,4.1,1.6,101,,
,0.000,-30.049,G,14.9,0.9,0.4,8,,
,0.002,16.596,G,11.3,3.2,1.3,151,,
1,-0.001,1.905,G,14.2,1.2,1.1,170,,
,0.001,-9.494,G,13.4,1.1,0.8,38,,
,-0.003,41.734,G,12.7,1.9,1.2,29,,
,0.001,-32.264,G,16.3,0.5,0.3,25,,
,0.002,0.086,G,14.1,1.2,1.0,46,,
,0.001,-87.720,PN,13.0,1.1,,,,
,-0.000,87.520,G,15.5,0.4,0.2,29,,
,0.003,-18.314,G,11.5,2.1,1.7,99,,
,0.001,18.420,G,14.4,0.6,0.3,110,,
,0.002,-18.243,G,14.5,1.2,0.7,110,,
,-0.001,18.132,G,13.4,0.9,0.8,78,,
,0.001,-18.417,G,14.1,1.3,0.9,19,,
,0.003,8.808,G,13.8,1.2,0.6,17,,
,0.001,-12.978,G,13.8,1.7,1.2,135,,
,0.000,29.375,G,13.9,1.2,0.6,121,,
,-0.005,37.444,G,13.1,1.4,0.6,130,,
,0.011,-53.766,G,14.9,0.8,0.3,70,,
,0.000,-0.058,G,15.1,0.9,0.5,35,,
,0.001,10.601,G,14.6,1.1,1.1,120,,
,0.002,29.139,G,12.4,2.2,0.6,78,,
,0.001,-30.106,G,14.9,1.2,0.9,85,,
,0.002,-46.770,G,13.2,2.0,1.7,40,,
,-0.000,77.062,G,10.6,7.0,2.6,44,,
,0.001,-29.983,G,14.6,0.9,0.8,75,,
,-0.003,-0.247,G,14.8,1.1,0.5,38,,
,0.003,0.247,G,15.0,0.9,0.2,42,,
,0.003,-0.079,G,13.6,1.0,1.0,40,,
,0.001,0.045,G,15.2,0.8,0.6,50,,
,0.000,-35.048,G,12.0,4.4,1.5,62,,
,0.000,35.099,G,14.3,1.4,1.1,149,,
,0.002,26.905,G,10.6,5.7,1.4,20,,
,0.001,-10.614,G,14.4,1.2,0.9,94,,
,0.000,-16.258,GPair,,1.2,,,,
1,0.001,28.977,G,11.1,4.6,1.3,167,,
,0.001,-24.026,G,14.5,1.2,0.7,59,,
,0.003,27.154,G,11.9,2.9,1.7,37,,
,0.005,-113.961,OCl,7.4,7.8,,,,
,-0.000,89.424,G,12.1,2.5,1.1,34,,
,0.000,-57.934,G,10.6,4.3,3.4,136,,
,0.001,-0.008,G,11.3,4.1,3.3,94,,
1,0.000,96.931,G,13.1,1.6,1.3,105,,
,0.002,-24.167,G,15.0,0.7,0.5,146,,
,0.004,-24.464,G,14.5,1.3,0.7,128,,
,-0.000,24.534,G,10.8,1.8,0.6,152,,
,0.001,-83.274,G,12.7,1.7,1.0,5,,
,0.000,73.204,G,14.8,0.8,0.5,62,,
,0.001,-47.181,G,14.1,2.2,1.1,135,,
1,0.007,16.876,G,12.0,2.6,1.5,152,,
,0.002,40.435,G,14.3,1.6,0.6,20,,
,0.002,-0.015,G,15.8,0.7,0.4,148,,
,0.005,-32.732,G,11.5,1.6,1.1,120,,
,0.006,59.166,G,14.0,1.6,0.4,167,,
,-0.010,-4.431,G,13.0,0.5,0.5,65,,
1,0.004,-62.236,G,11.4,3.2,2.3,125,,
1,-0.001,62.296,G,9.7,5.9,4.6,95,,
,0.009,-49.031,G,14.5,0.8,0.6,4,,
,-0.003,60.661,G,13.4,1.5,0.8,134,,
,0.001,-8.036,G,12.0,2.2,0.7,62,,
,0.006,-77.804,G,12.5,2.6,0.7,94,,
1,-0.002,38.341,G,13.3,1.4,0.6,69,,
,0.004,-0.055,G,14.0,1.1,0.4,21,,
,-0.003,45.654,G,13.0,1.7,1.1,132,,
,0.006,-45.727,G,13.1,1.9,0.8,149,,
,-0.001,14.826,G,14.0,0.8,0.5,96,,
,0.003,-14.075,G,11.9,2.3,2.2,30,,
,-0.000,14.162,G,14.3,0.8,0.5,175,,
,0.003,-0.405,G,11.8,2.9,1.6,150,,
,-0.082,-41.883,G,14.7,1.2,0.5,159,,
1,0.087,57.047,G,14.6,1.2,0.8,70,,
,-0.005,-5.744,G,13.9,1.8,0.9,174,,
,0.002,-10.571,G,12.1,2.7,1.7,144,,
,0.006,3.923,G,11.6,5.2,1.0,103,,
,0.001,-6.573,G,11.2,4.6,2.1,100,,
,0.005,-13.453,G,13.9,1.3,1.2,75,,
,-0.004,-7.889,GCl,10.7,2.4,,,,
,0.001,17.336,G,14.4,1.6,1.1,163,,
,0.007,22.426,G,13.9,1.4,0.3,86,,
,0.000,-27.902,G,11.7,2.0,1.3,148,,
,-0.000,9.004,G,11.5,2.9,2.2,50,,
,0.001,-23.373,G,12.5,1.4,0.9,138,,
2,0.002,3.008,G,14.4,1.2,1.1,76,,
,0.001,20.432,G,13.5,1.1,0.9,71,,
,0.005,11.012,G,11.3,6.2,1.1,65,,
,0.001,-30.309,G,13.3,1.4,1.1,77,,
,-0.004,55.950,G,14.2,1.4,0.6,34,,
1,0.011,-18.388,G,13.7,1.1,0.7,51,,
,0.005,-33.614,G,11.7,2.3,1.4,173,,
,0.005,12.045,G,13.2,1.7,1.1,8,,
,-0.001,-22.963,G,15.4,0.7,0.5,114,,
,0.001,0.041,G,13.6,1.2,0.7,161,,
,-0.000,4.510,G,14.2,1.1,0.5,34,,
1,0.002,-4.552,G,11.4,2.9,2.3,121,,
,0.000,15.974,G,12.2,1.6,0.8,151,,
2,-0.001,26.999,G,14.3,1.2,1.2,0,,
,0.002,-26.971,G,13.3,2.3,0.5,134,,
,0.001,-0.058,G,13.6,0.9,0.4,50,,
,0.002,0.019,G,13.4,1.6,0.3,130,,
,0.001,-38.328,G,15.4,0.7,0.5,76,,
,0.001,-4.855,G,13.3,1.8,1.3,61,,
,0.002,24.881,G,11.4,4.7,1.2,32,,
,0.001,-9.566,G,10.9,4.5,1.2,146,,
,0.004,5.739,G,13.2,1.4,0.5,21,,
,-0.004,45.864,G,14.8,1.1,0.8,8,,
1,0.007,-9.204,G,12.3,4.3,0.6,166,,
,0.005,-106.420,OCl,,6.0,,,,
,-0.003,91.232,G,13.4,1.9,1.3,165,,
,0.012,-13.785,G,14.5,1.0,0.8,57,,
,-0.010,36.016,G,14.3,1.6,1.1,147,,
,0.010,-63.328,G,14.3,0.7,0.6,110,,
,-0.005,26.011,G,11.8,2.2,1.8,87,,
,-0.001,23.209,G,13.1,1.5,1.4,30,,
,0.002,-29.433,G,13.6,1.5,1.2,3,,
,-0.001,7.699,G,10.8,11.0,2.7,152,,
,0.002,-1.727,G,12.3,2.2,1.0,90,,
,0.004,41.354,G,12.8,1.6,1.1,170,Medusa Galaxy Merger,
,0.002,5.088,G,15.3,1.5,1.3,173,,
,0.004,-31.192,G,13.6,1.1,0.8,59,,
,0.002,-22.617,G,13.4,2.8,0.7,36,,
,-0.005,50.205,G,14.4,0.8,0.4,137,,
,0.008,3.897,GPair,,1.1,,,,
,-0.001,-47.727,G,13.0,1.4,0.9,97,,
,-0.001,-23.764,G,14.5,1.0,0.7,81,,
,0.057,10.519,G,14.5,1.0,0.6,129,,
,-0.051,34.261,G,11.6,3.4,1.4,10,,
,0.003,-12.538,G,12.9,4.1,4.1,120,,
,-0.005,43.124,G,13.7,1.7,0.7,31,,
,0.006,-50.759,G,12.2,4.7,0.9,0,,
,0.003,-3.439,G,13.4,1.5,0.8,122,,
,0.003,4.317,G,11.1,2.8,1.7,74,,
1,-0.007,52.083,G,13.4,1.9,1.4,96,,
,0.006,-37.807,G,14.3,1.0,0.6,123,,
1,0.000,-4.196,G,12.6,1.6,1.1,67,,
,0.001,12.345,G,9.8,6.8,5.3,128,,
,0.004,-29.926,G,12.0,1.7,0.6,174,,
,0.000,6.748,G,9.9,7.8,1.8,20,,
,-0.001,33.943,G,11.2,5.4,1.6,50,,
,-0.001,1.039,G,13.4,1.0,0.6,135,,
,0.011,-91.455,G,11.8,3.8,1.2,31,,
,-0.004,91.207,G,11.3,3.3,1.0,140,,
,-0.003,18.348,G,13.3,1.9,1.2,24,,
,0.006,-52.924,G,13.8,2.8,0.4,56,,
,0.018,-6.617,G,11.9,2.0,1.2,131,,
,-0.015,0.772,G,11.8,2.9,1.2,55,,
,0.001,-19.790,G,15.0,0.8,0.6,66,,
,-0.003,59.353,G,14.3,1.1,0.5,123,,
,0.002,-13.503,G,13.7,1.5,0.8,71,,
1,0.001,0.039,G,14.2,1.2,0.8,9,,
,0.009,-88.847,OCl,9.4,5.4,,,,
,-0.006,102.743,G,14.7,0.8,0.6,3,,
,0.000,-0.018,G,14.5,1.2,0.5,152,,
,0.005,-39.815,G,11.9,2.3,1.0,177,,
,0.001,-3.941,G,12.9,1.1,1.1,25,,
,0.000,3.509,G,12.0,4.4,0.9,49,,
,-0.008,62.271,G,9.8,23.5,6.8,161,,
,0.009,-54.139,G,11.8,1.8,1.2,106,,
,-0.005,48.086,G,14.1,1.7,0.5,35,,
,0.005,-46.879,G,12.8,1.4,0.8,117,,
,0.003,-26.483,G,14.3,1.5,1.3,90,,
,0.010,16.606,G,13.1,1.5,1.0,164,,
,-0.008,38.965,G,11.0,3.8,2.7,23,,
1,-0.000,-7.812,G,10.2,16.2,7.2,45,,
,0.002,-8.199,G,11.4,2.5,1.6,145,,
,0.005,-22.422,G,12.7,2.1,1.1,84,,
,0.000,0.088,G,14.8,1.0,0.8,43,,
,-0.002,40.135,G,12.6,2.0,0.9,108,,
,0.003,-41.810,G,14.5,0.9,0.8,100,,
,-0.009,65.204,G,12.9,1.9,0.9,166,,
,0.011,-42.628,G,10.8,2.3,1.2,100,,
,0.007,-22.616,G,14.7,1.2,0.4,49,,
,-0.002,24.254,G,13.2,0.9,0.6,73,,
,0.007,-15.396,G,9.8,5.0,4.7,23,Coma Pinwheel,
,0.002,-9.631,G,13.4,1.4,0.6,113,,
,-0.004,61.112,G,12.7,3.9,0.8,41,,
,0.006,-60.172,G,14.6,0.5,0.2,66,,
,-0.002,41.578,G,9.3,17.0,7.2,150,,
,0.007,-41.928,G,13.6,1.0,0.5,143,,
,-0.000,0.723,G,11.6,2.5,1.1,58,,
,0.000,-0.274,G,11.1,4.2,3.4,160,,
,0.002,9.053,G,11.5,1.7,1.5,145,,
,0.003,-27.104,G,13.6,1.2,0.6,116,,
,-0.001,18.073,G,12.8,0.9,0.7,110,,
1,0.001,-0.309,G,13.4,2.0,0.5,74,,
,0.001,7.260,G,10.9,2.5,1.8,143,,
,0.001,-7.514,G,12.7,1.5,0.6,47,,
,0.000,0.731,G,13.4,1.2,0.9,130,,
,0.000,-0.552,G,12.2,1.9,0.8,110,,
,-0.004,51.274,G,13.6,1.8,1.4,59,,
,0.004,-26.398,G,14.0,1.0,0.8,117,,
,0.002,-24.996,G,11.8,2.2,1.9,11,,
,-0.001,24.271,G,10.4,3.6,1.7,102,,
,0.000,-1.993,G,13.4,0.9,0.8,120,,
,0.004,-19.929,G,13.6,1.3,1.2,80,,
,-0.001,-2.351,G,13.5,0.8,0.3,132,,
,0.001,23.940,G,10.2,2.9,2.8,35,,
,0.005,-40.948,G,15.1,1.2,0.7,26,,
1,-0.001,17.053,G,11.3,2.9,1.4,86,,
,0.001,0.187,G,14.6,0.9,0.6,100,,
,-0.001,23.738,G,12.3,1.2,1.1,140,,
,-0.002,28.782,G,14.5,1.9,0.9,101,,
,0.007,-69.735,G,15.0,0.9,0.5,43,,
,0.001,40.988,G,14.5,1.1,0.4,144,,
,0.002,-23.706,G,15.0,1.2,0.4,71,,
,-0.003,40.652,G,12.9,1.7,1.4,138,,
,0.007,-42.570,G,14.3,4.3,0.5,1,,
,-0.004,54.371,G,12.8,2.2,1.5,70,,
,-0.009,17.278,G,11.4,1.9,1.6,108,,
,0.017,-70.775,G,12.2,1.6,1.1,10,,
,-0.001,13.786,G,10.2,6.2,3.7,72,,
,0.001,-6.872,G,12.1,2.7,1.0,148,,
,-0.002,16.655,G,14.9,0.5,0.4,152,,
,0.005,-21.511,G,13.7,1.4,0.8,16,,
,-0.000,0.017,G,12.9,0.6,0.3,171,,
,0.001,7.935,G,11.3,2.5,1.4,137,,
,0.002,-3.106,G,12.5,1.5,1.4,0,,
,0.001,-6.115,G,13.4,1.8,0.7,40,,
,0.012,-0.819,G,13.1,1.1,1.1,15,,
,-0.012,10.032,G,11.5,6.0,1.1,178,,
,0.003,-10.124,G,10.2,6.9,6.6,20,,
,0.005,-37.958,G,11.8,2.5,2.4,105,,
,-0.002,46.225,G,12.6,2.3,1.2,30,,
,-0.000,0.046,G,13.6,1.5,1.1,142,,
,0.000,-3.743,G,12.7,3.4,0.8,24,,
,-0.002,21.030,G,13.2,0.9,0.7,21,,
,0.004,-22.930,G,13.6,1.9,0.9,86,,
,0.004,22.065,G,13.4,1.9,0.8,148,,
1,0.001,-13.671,G,11.7,5.0,1.1,170,,
,0.002,-3.737,G,12.4,3.8,1.0,141,,
,-0.001,18.095,G,10.6,3.7,3.6,150,,
1,0.002,-20.564,G,13.5,2.5,0.6,112,,
1,0.001,-1.134,G,14.2,0.7,0.5,65,,
,-0.017,67.125,G,12.9,2.5,1.0,154,,
,0.021,-64.775,G,14.9,0.9,0.7,149,,
,-0.001,5.274,G,9.5,6.1,5.6,108,,
1,0.002,0.084,G,13.8,1.2,0.7,133,,
,0.001,-10.656,G,11.5,3.0,1.2,55,,
,0.000,5.371,G,13.3,1.2,0.8,180,,
,0.002,-4.549,G,14.2,1.1,1.1,110,,
1,0.002,9.748,G,14.2,1.6,1.2,99,,
,0.000,-28.379,G,14.7,1.1,0.6,49,,
,-0.001,23.927,G,13.1,2.3,0.6,60,,
,-0.011,64.804,G,14.7,1.6,0.4,2,,
,0.003,-10.328,G,13.2,2.0,1.4,137,,
,0.010,-59.803,G,14.3,0.8,0.8,90,,
,-0.000,1.432,G,14.1,2.0,0.9,135,,
,-0.006,50.972,G,13.6,1.9,1.4,149,,
,0.008,-39.018,G,13.2,1.5,0.8,162,,
,0.009,-77.551,OCl,8.9,6.6,,,,
1,-0.008,64.206,G,11.4,2.3,2.2,50,,
,0.000,10.640,G,11.2,2.8,1.8,87,,
,0.005,-9.615,G,13.3,1.7,0.5,95,,
,-0.004,-0.053,G,12.5,1.2,0.6,165,,
,0.000,-0.100,G,12.3,1.9,1.9,130,,
,-0.000,10.587,G,13.3,1.3,1.3,56,,
1,-0.003,29.453,G,12.1,3.1,1.1,99,,
1,0.007,-50.437,G,12.3,2.7,0.5,31,,
,0.004,-58.427,OCl,7.4,6.3,,,,
,-0.003,78.563,G,10.9,2.8,1.3,28,,
,0.001,-4.488,G,12.6,1.6,1.3,72,,
,0.001,-0.987,G,12.5,1.6,0.8,102,,
,-0.001,-3.433,G,13.4,1.1,0.8,67,,
1,0.049,-8.663,G,13.4,1.4,0.7,64,,
,-0.045,9.414,G,13.4,2.0,0.7,40,,
,-0.004,40.243,G,12.7,3.5,1.3,77,,
,0.001,9.606,G,14.2,1.1,0.9,167,,
,0.002,-26.863,G,13.7,1.4,0.8,108,,
,0.003,-22.229,G,13.3,1.4,1.2,148,,
,0.003,-28.078,PN,10.9,1.1,,,,
,-0.006,77.146,G,15.0,1.3,0.5,41,,
,-0.012,16.591,G,14.5,0.8,0.6,10,,
1,0.017,-67.634,G,9.4,5.1,3.7,40,,
,0.005,0.035,G,14.9,0.8,0.3,41,,
2,-0.003,32.030,G,11.7,2.0,1.9,175,,
,0.005,-31.938,G,13.8,1.6,1.1,79,,
,0.000,4.259,G,10.8,3.9,1.8,96,,
,0.014,-84.363,GCl,9.8,12.0,,,,
,-0.007,32.899,G,10.9,4.0,2.1,54,,
,-0.004,52.647,G,9.8,7.4,6.4,133,,
,-0.001,15.672,G,13.8,1.2,0.8,14,,
,0.005,-22.818,G,13.8,1.3,0.8,152,,
,-0.002,9.021,G,11.8,1.6,1.2,179,,
,0.002,-9.837,G,11.3,2.1,1.9,155,,
,-0.001,10.682,G,11.6,1.9,1.5,103,,
,0.002,-5.590,G,11.3,3.4,1.8,158,,
1,0.000,8.175,G,9.1,7.0,5.3,12,,
,0.001,-1.722,G,12.2,1.7,0.9,31,,
,-0.004,38.036,G,13.1,1.3,1.0,85,,
,0.009,-53.933,G,13.0,2.1,1.2,91,,
,-0.021,74.956,G,11.7,2.5,1.4,135,,
,0.020,-62.718,G,12.1,1.6,0.9,138,,
,0.002,-0.149,G,11.0,5.4,1.3,91,,
,-0.004,33.023,G,12.6,2.5,1.7,98,,
,0.005,-35.226,G,13.3,1.5,1.1,99,,
,-0.009,54.474,G,13.7,1.2,1.2,125,,
,-0.000,-19.086,G,14.3,1.6,1.2,75,,
,0.009,-18.285,G,13.7,2.9,2.7,15,,
,0.001,-9.348,G,11.0,3.5,3.4,145,,
,-0.002,15.333,G,10.3,4.2,1.4,128,,
,0.003,-17.876,G,12.6,3.0,1.0,124,,
5,0.002,-2.558,G,11.8,3.5,1.0,89,,
,0.002,-20.798,G,13.5,1.6,0.6,17,,
,0.001,0.004,G,14.2,1.6,1.0,139,,
,-0.003,23.862,G,12.9,1.5,1.0,21,,
,0.002,-3.235,G,8.9,11.5,8.4,128,,
,0.005,-0.335,G,12.2,2.1,1.5,53,,
,-0.004,15.260,G,15.2,0.6,0.5,36,,
,0.012,-25.377,G,12.8,1.8,0.9,9,,
,-0.009,6.526,GPair,,1.2,,,,
,0.001,-0.148,G,12.8,1.6,1.0,19,,
,0.001,-4.907,G,13.2,1.5,1.4,109,,
1,-0.002,27.259,G,10.2,1.9,1.1,162,,
,0.004,-22.788,G,13.6,1.3,1.1,6,,
,0.001,-0.517,G,11.6,1.6,1.4,112,,
,0.001,1.665,G,11.2,3.1,1.1,49,,
1,0.002,5.463,G,11.1,3.9,1.3,133,,
1,0.002,0.414,G,11.4,2.6,2.0,9,,
,0.002,-21.292,G,14.6,1.5,1.4,80,,
,-0.001,11.711,G,13.9,2.0,0.4,20,,
,0.001,3.541,G,11.7,3.0,1.6,95,,
,0.001,3.314,G,11.9,3.1,1.3,26,,
2,0.004,-20.903,G,13.2,1.6,0.7,93,,
,-0.001,19.276,G,10.1,5.3,2.4,98,,
,0.000,-4.845,G,12.7,2.0,1.5,75,,
,0.001,6.027,G,13.0,1.5,0.9,179,,
,0.001,-6.057,G,14.9,0.6,0.5,4,,
,0.002,-14.511,G,12.7,2.0,0.7,3,,
,-0.001,16.432,G,12.1,1.4,1.4,75,,
,0.001,4.925,G,11.0,3.0,2.1,12,Eyes,
,0.000,-0.763,G,13.2,1.7,0.8,114,,
1,0.002,0.693,G,10.9,9.2,4.0,27,Eyes,
,0.011,-73.112,OCl,8.4,4.5,,,,
,-0.009,72.396,G,11.8,1.8,1.4,120,,
,-0.009,52.509,G,12.7,4.1,3.0,171,,
,0.012,-54.998,G,10.6,4.3,1.6,87,,
1,0.009,-53.066,G,13.1,2.3,1.9,68,,
,-0.006,52.698,G,12.8,2.5,0.5,105,,
,-0.002,4.476,G,14.6,1.0,0.6,89,,
,0.001,-0.013,G,14.8,0.8,0.6,117,,
,0.001,14.721,G,11.1,1.6,1.0,92,,
,-0.001,15.474,G,9.6,4.7,2.7,51,,
,0.005,-27.009,G,10.9,5.5,3.8,173,,
,0.003,-7.826,G,12.5,1.4,0.9,166,,
,0.001,2.496,G,11.9,3.4,0.6,32,,
,0.001,-5.247,GPair,,1.2,,,,
,0.001,-8.447,G,11.9,2.2,2.0,25,,
,-0.002,24.759,G,13.1,1.6,0.6,16,,
,-0.014,-52.918,G,14.1,1.3,0.7,154,,
,0.018,33.669,G,10.6,2.8,2.4,79,,
,-0.000,9.671,G,12.1,1.6,1.5,175,,
,0.000,0.736,G,10.2,4.2,3.2,109,,
,-0.004,30.886,G,12.4,3.9,1.1,40,,
,0.005,-31.680,G,11.0,3.6,1.2,8,,
,0.005,-36.350,G,11.8,3.6,1.3,124,,
,0.010,-41.624,OCl,7.2,4.8,,,,
,-0.010,72.947,G,12.6,1.0,0.8,11,,
,0.001,-0.131,G,15.2,0.3,0.2,108,,
,0.002,-0.330,G,14.3,0.9,0.6,101,,
,-0.000,0.297,G,14.2,0.6,0.5,55,,
,-0.000,6.056,G,13.0,1.5,1.0,72,,
,-0.001,-5.299,G,11.0,2.9,1.1,87,,
,0.003,-0.926,G,13.1,1.3,0.9,1,,
,-0.000,0.109,G,15.2,0.4,0.4,150,,
,0.002,0.067,G,8.3,10.2,8.4,156,,
,0.001,5.429,G,10.1,4.3,2.5,100,,
,0.001,0.640,G,11.6,2.3,1.6,79,,
,-0.001,13.174,G,13.8,1.1,0.6,9,,
,0.003,-14.894,G,12.2,1.7,1.1,27,,
,0.001,1.288,G,10.3,3.7,3.2,26,,
,0.004,-1.308,G,11.4,1.8,1.4,144,,
,0.000,1.249,G,12.5,1.4,1.2,14,,
,0.002,-9.331,G,12.4,1.9,1.0,173,,
,-0.010,59.786,G,14.8,1.2,0.5,146,,
,0.006,-53.254,G,13.0,1.5,0.8,137,,
,0.008,-1.763,G,12.2,1.6,0.8,70,,
,-0.030,-20.668,G,14.2,1.3,1.1,72,,
,0.028,53.353,G,12.2,2.0,1.3,2,,
,0.005,-29.310,G,9.0,7.1,6.7,153,Virgo Galaxy,
,0.004,-20.445,G,11.4,3.5,1.9,74,,
,-0.004,16.414,G,12.0,2.8,0.8,167,,
,0.001,8.399,G,12.7,1.7,1.6,125,,
,-0.005,24.885,G,9.7,6.7,1.6,133,,
,0.006,-30.160,G,12.4,1.6,0.9,147,,
,0.001,-3.406,G,12.0,2.1,1.9,65,,
,0.002,-7.464,G,14.7,1.5,0.7,139,,
,0.004,25.161,G,9.8,4.3,4.1,173,,
,0.000,3.361,G,13.5,1.3,0.6,132,,
,0.005,-25.203,GPair,,3.5,,,,
,-0.002,7.692,G,12.5,2.0,1.0,62,,
,0.002,5.228,G,12.8,2.9,1.5,131,,
,0.007,-56.835,G,13.1,2.0,1.3,102,,
,-0.012,97.947,G,12.5,1.5,1.1,135,,
,0.010,-43.545,G,10.3,8.7,4.4,138,,
,0.001,2.268,G,14.6,1.0,0.5,43,,
,0.001,-5.512,G,11.0,3.5,1.6,12,,
,0.003,-18.739,G,11.6,3.2,2.0,163,,
1,-0.002,20.983,G,13.6,1.6,1.1,107,,
,0.058,-53.329,G,13.1,1.4,1.2,50,,
1,-0.042,72.001,G,14.1,0.7,0.4,161,,
,-0.022,32.142,G,14.1,1.5,0.8,151,,
,0.006,-7.763,G,14.5,0.9,0.6,7,,
,0.011,7.468,G,13.0,2.6,0.5,166,,
,-0.013,2.394,G,14.0,2.1,1.4,16,,
,0.011,-36.621,G,14.0,1.0,0.8,62,,
,0.006,-13.446,G,12.7,1.4,1.1,6,,
,0.001,-1.691,G,13.5,1.8,1.0,175,,
,-0.006,-14.460,G,10.5,9.0,1.4,84,,
,0.007,7.737,G,14.5,1.2,0.6,179,,
,0.005,0.803,G,12.0,2.3,1.8,147,,
,0.006,-16.031,G,14.7,0.8,0.5,98,,
1,-0.003,16.551,G,12.9,3.5,0.9,34,,
,0.002,5.993,G,13.6,1.2,1.1,0,,
,0.002,-27.196,G,14.2,1.2,0.7,80,,
,-0.001,42.305,G,13.0,2.0,1.0,53,,
,0.004,-22.577,G,9.6,9.6,3.3,113,,
,0.001,-5.046,G,10.5,6.3,1.7,69,,
,-0.001,8.667,G,12.0,1.6,0.9,5,,
,-0.020,8.863,G,15.1,1.1,0.2,98,,
1,0.023,-7.109,G,12.4,3.0,2.0,155,,
,0.001,-6.607,G,11.9,2.5,0.9,161,,
,0.001,-4.143,G,14.2,1.8,0.4,165,,
,-0.005,33.193,G,13.2,2.8,1.6,120,,
,0.004,-27.320,G,9.9,8.2,7.5,27,,
,0.002,-6.010,G,10.5,7.1,2.5,121,,
,0.006,48.617,G,15.2,1.3,0.8,21,,
,-0.002,-47.481,G,14.6,0.7,0.4,80,,
,-0.002,14.879,G,12.1,2.7,1.1,94,,
,0.005,-2.651,G,12.3,2.2,1.8,43,,
,0.005,-15.773,G,13.9,1.6,0.6,91,,
1,0.003,6.336,G,14.3,1.0,0.6,178,,
,0.004,-3.080,G,13.8,1.9,0.6,163,,
,-0.017,60.490,G,13.1,2.4,1.4,9,,
,0.016,-67.318,G,10.6,3.2,1.8,90,,
,-0.011,62.710,G,15.0,1.2,0.9,38,,
,0.010,-44.421,G,11.0,5.5,4.5,150,,
,-0.002,44.454,G,15.9,0.6,0.3,100,,
,0.003,-46.729,G,12.0,3.2,0.7,179,,
,0.002,0.043,G,12.0,1.7,1.3,67,,
,0.000,0.292,G,10.1,8.1,8.0,150,,
,0.008,-51.995,G,12.2,2.6,1.3,175,,
1,-0.007,65.962,G,13.4,1.4,1.0,121,,
,0.001,0.386,G,14.2,1.3,0.9,81,,
1,0.002,0.083,G,14.9,0.7,0.3,95,,
,0.001,0.968,G,9.9,10.6,4.8,148,,
1,0.003,-8.637,G,12.6,1.3,1.1,61,,
,-0.009,6.527,G,14.4,1.9,0.6,49,,
,0.011,1.091,G,15.6,0.6,0.4,106,,
,0.003,-15.502,G,11.3,3.1,1.7,48,,
,-0.001,14.549,G,10.9,16.8,2.9,135,Needle Galaxy,
,-0.006,28.233,G,13.2,1.1,0.8,72,,
,0.009,-42.963,G,11.3,2.7,2.1,89,Butterfly Galaxies,
,0.001,-0.019,G,10.8,4.3,1.9,29,Butterfly Galaxies,
,0.004,1.924,G,9.5,9.1,3.8,22,,
,0.001,-5.916,G,11.1,3.9,0.9,160,,
,0.001,6.970,G,11.3,3.6,3.3,35,,
,-0.020,60.029,G,14.8,1.5,0.4,168,,
,0.033,-117.867,G,12.9,2.5,1.9,125,,
,-0.000,8.103,G,13.0,1.8,1.1,112,,
,0.002,-5.019,G,12.6,2.1,1.2,109,,
,-0.005,44.905,G,13.5,1.2,0.7,152,,
,0.027,1.644,G,13.8,1.4,0.8,39,,
,-0.028,3.543,G,11.4,2.5,1.8,34,,
,0.004,2.263,G,10.3,5.0,3.8,90,,
,0.001,-6.449,G,12.6,1.9,1.3,156,,
,0.005,-3.891,G,12.4,1.6,1.1,172,,
1,-0.000,31.981,G,14.5,1.5,1.5,95,,
,0.003,-20.349,G,13.8,1.6,1.1,8,,
,-0.001,15.827,G,14.2,0.8,0.5,105,,
,0.004,-24.618,G,11.6,3.4,1.1,116,,
,0.002,-1.662,G,13.8,1.3,0.8,47,,
,0.003,4.111,G,15.0,1.2,0.5,60,,
,-0.022,67.424,G,10.7,2.9,2.3,84,,
,0.034,-100.935,GCl,8.0,6.6,,,,
1,-0.003,26.211,G,11.9,4.1,1.2,94,,
,0.006,-4.812,G,11.4,2.4,2.0,38,,
,0.006,-6.279,G,8.6,8.4,4.9,90,Sombrero Galaxy,
,-0.003,26.921,G,12.9,1.5,1.0,110,,
,0.002,-5.122,G,10.5,3.9,3.3,120,,
,0.004,-15.975,G,12.9,3.5,1.4,70,,
,-0.000,14.183,G,13.5,1.5,1.1,131,,
,0.004,-7.187,G,13.5,1.7,0.7,145,,
,-0.001,1.921,G,13.3,1.4,1.0,59,,
,0.007,-44.011,G,13.9,1.8,0.5,18,,
,-0.003,35.760,G,11.8,1.3,0.8,88,,
,0.005,-35.843,G,11.7,2.6,1.8,18,,
,-0.003,35.673,G,14.4,1.1,0.4,104,,
,-0.013,66.912,G,10.3,5.9,2.3,122,,
,0.017,-49.697,G,11.9,2.5,1.4,14,,
,0.004,-0.025,G,12.8,2.9,0.6,2,,
,0.000,-1.731,G,11.1,2.9,2.5,25,,
,0.018,-73.152,OCl,6.9,5.4,,,Coalsack Cluster,
1,-0.015,76.726,G,15.0,1.2,0.4,125,,
,0.002,-6.415,G,12.1,2.6,1.8,138,,
,-0.001,18.774,G,15.4,0.5,0.5,15,,
,0.001,-0.046,G,14.3,1.0,0.9,152,,
,0.002,0.030,G,13.9,1.5,0.5,120,,
,0.011,-66.715,G,13.3,1.3,1.1,50,,
,-0.020,91.035,G,14.1,2.8,0.5,180,,
,0.007,-9.242,G,10.8,3.6,2.3,32,,
,0.004,-6.088,G,13.5,1.4,1.3,0,,
,0.004,-22.120,G,13.4,1.6,1.4,52,,
,0.001,-1.296,G,9.6,4.5,3.2,165,,
,0.009,-52.391,G,13.0,1.8,1.6,9,,
,-0.007,48.421,G,13.1,2.2,0.7,175,,
1,-0.005,33.597,G,12.5,1.4,1.1,27,,
,0.009,-48.318,G,13.7,1.6,0.5,39,,
,-0.007,39.618,G,12.5,2.4,1.7,21,,
,0.007,-39.545,G,14.5,1.6,0.6,46,,
,0.002,5.620,G,13.9,1.0,0.7,90,,
,-0.000,5.311,G,13.0,1.7,1.2,10,,
,-0.007,28.582,G,9.2,14.4,2.2,86,Whale Galaxy,
,0.007,-32.625,G,11.9,2.6,1.0,59,,
,0.001,14.440,G,13.1,1.8,0.8,33,,
,0.001,-0.061,G,12.3,2.5,0.6,156,,
,-0.000,5.649,G,13.0,1.9,1.4,178,,
,0.003,-17.257,G,10.0,6.3,4.7,150,,
,0.001,8.750,G,14.9,1.3,0.7,91,,
,-0.002,0.005,G,11.1,2.3,1.5,123,,
,0.002,1.814,G,11.6,2.9,1.9,138,,
,0.001,-0.970,G,14.2,1.6,0.9,53,,
,0.003,-0.236,G,13.7,1.3,1.1,172,,
,0.003,-12.695,G,13.8,1.6,0.5,27,,
,0.000,2.622,G,10.7,2.2,1.8,132,,
,-0.010,53.168,G,13.8,1.5,0.6,51,,
,0.024,-96.896,G,11.8,2.0,0.9,46,,
,-0.022,96.606,G,13.3,0.6,0.3,17,,
,0.012,-43.274,G,11.6,2.8,2.4,139,,
,-0.030,62.839,G,12.0,1.4,1.2,73,,
,0.032,-62.868,G,8.8,6.8,5.5,105,,
,0.011,-52.285,G,11.8,3.0,2.0,111,,
,-0.010,57.125,G,10.8,3.9,2.6,77,Umbrella Galaxy,
,-0.007,42.572,G,15.3,1.1,0.4,40,,
,0.009,-59.526,G,12.4,2.3,2.1,17,,
,0.001,13.688,G,10.5,4.7,2.5,123,,
,-0.005,27.892,G,14.8,0.9,0.8,10,,
,0.006,-8.851,GPair,,8.0,,,,
,0.002,0.041,G,14.5,1.9,0.6,71,,
,0.009,-42.292,G,12.4,1.4,0.9,3,,
,-0.003,23.582,G,13.0,1.8,1.2,176,,
,0.001,-2.308,G,11.3,2.1,1.6,100,,
,0.012,-52.015,G,14.7,1.2,0.4,116,,
,-0.013,77.945,G,12.8,1.8,1.5,60,,
,0.005,-47.319,G,14.0,1.1,0.8,170,,
,0.006,13.254,G,10.5,4.5,4.5,5,,
1,0.000,-3.518,G,10.8,5.0,2.0,40,,
1,0.007,-0.074,G,13.1,1.6,0.9,3,,
,-0.013,55.412,G,13.2,1.5,0.4,2,,
,0.009,-27.751,G,12.8,1.0,0.8,90,,
,0.008,-34.195,G,13.5,1.7,1.3,138,,
,0.008,-34.636,G,14.2,2.1,0.5,59,,
,-0.011,68.767,G,14.8,1.1,0.8,171,,
,0.008,-35.716,G,14.0,1.8,0.7,105,,
,-0.009,63.393,G,14.8,1.3,0.4,92,,
,0.011,-24.011,GPair,,3.0,,,Mice Galaxy,
,0.013,-72.310,G,12.8,1.5,0.8,166,,
,0.045,37.003,G,14.3,1.0,0.5,85,,
,-0.036,-34.991,G,13.5,2.4,0.9,5,,
,-0.010,27.934,G,13.2,1.4,0.8,40,,
,0.009,-31.698,G,13.4,1.4,1.2,171,,
,-0.003,33.272,G,13.1,2.6,1.2,86,,
,0.007,-31.465,G,12.8,1.4,1.3,130,,
,-0.007,38.801,G,11.6,3.0,1.0,18,,
,-0.001,22.191,G,13.6,1.6,0.9,155,,
,-0.009,35.070,G,12.6,1.9,0.7,2,,
,0.012,-19.182,G,13.0,1.0,0.9,95,,
,0.006,-31.016,G,12.9,3.7,3.4,35,,
,-0.000,9.427,G,10.9,3.8,2.9,163,,
,0.003,-15.419,G,13.6,1.6,1.1,150,,
,0.005,-1.677,G,11.0,3.0,2.5,28,,
,-0.005,30.555,G,12.7,1.0,0.9,85,,
,-0.013,43.954,G,13.9,1.0,0.6,34,,
,0.018,-60.192,G,12.5,2.0,1.1,135,,
,-0.012,43.391,G,13.4,1.1,0.7,79,,
,0.022,-95.686,G,10.3,3.9,2.6,88,,
,-0.004,35.510,G,9.4,7.1,4.2,83,,
,-0.004,14.288,G,10.7,3.8,1.6,170,,
,0.011,-17.152,G,9.5,4.0,3.0,35,,
,0.002,-2.745,G,12.2,2.7,0.5,51,,
,0.001,14.799,G,12.4,1.7,1.3,39,,
,-0.003,23.790,G,16.0,0.6,0.3,176,,
,0.005,-36.287,G,13.6,1.7,0.4,155,,
,-0.009,51.029,G,13.7,1.0,0.9,40,,
,0.011,-47.117,G,12.6,3.6,1.1,106,,
,0.008,-36.084,G,12.9,1.5,0.8,26,,
,-0.026,92.445,G,13.0,2.2,2.0,25,,
,0.022,-62.258,G,13.9,1.2,0.9,30,,
,0.006,-30.289,G,11.1,3.1,1.5,107,,
,-0.007,56.547,G,10.7,4.4,1.1,26,,
,-0.014,20.168,G,14.3,1.2,0.7,41,,
,0.013,-9.863,G,13.0,1.6,0.8,162,,
,0.007,-20.159,G,11.7,1.7,1.5,50,,
,0.006,-18.635,G,14.2,2.0,1.1,152,,
,-0.006,41.146,G,15.1,1.3,1.0,18,,
,0.010,-37.273,G,13.7,1.1,0.8,94,,
,-0.000,-0.012,G,14.1,1.6,0.7,2,,
,-0.001,4.181,G,14.3,2.0,0.7,97,,
,-0.006,38.441,G,14.0,1.4,1.2,159,,
,0.009,-37.315,G,14.2,1.2,0.7,107,,
,-0.006,31.480,G,15.1,0.8,0.2,113,,
,0.020,-40.654,G,13.7,2.0,0.7,32,,
,-0.008,0.093,G,15.4,1.0,0.6,43,,
,-0.003,-1.095,G,13.7,0.9,0.5,95,,
,-0.007,39.833,G,9.4,9.7,7.1,36,,
,0.005,-39.770,G,15.5,1.1,0.2,76,,
,0.003,-0.064,G,12.2,2.7,1.5,127,,
,-0.008,41.768,G,15.3,0.8,0.6,107,,
,0.022,-68.567,G,12.5,2.0,0.9,145,,
,0.004,-0.015,G,14.0,1.3,1.1,28,,
,-0.017,34.754,G,11.4,6.3,2.1,97,,
,-0.015,59.243,G,14.9,1.2,0.6,8,,
,0.017,-41.938,G,11.8,2.0,1.8,70,,
,0.002,-6.053,G,14.3,1.0,0.8,60,,
,-0.004,24.069,G,14.6,0.7,0.5,117,,
,-0.002,12.192,G,8.2,7.7,6.7,105,,
,0.000,-6.963,G,14.8,1.4,1.0,49,,
,0.004,-5.369,G,13.4,1.8,0.3,33,,
,0.008,-37.198,G,14.2,1.5,1.4,115,,
1,-0.010,56.082,G,14.4,1.2,0.8,171,,
,0.013,-58.127,G,11.2,2.1,1.4,76,,
,0.008,-30.936,G,13.3,1.7,0.7,176,,
,0.001,0.331,G,12.6,2.5,0.9,126,,
,-0.015,68.481,G,15.2,0.6,0.6,25,,
,0.008,-15.338,G,13.3,2.0,0.4,120,,
,-0.002,13.694,G,12.4,2.1,1.0,33,,
,0.007,-39.192,G,14.0,1.3,0.8,66,,
,-0.017,85.052,G,14.1,1.6,0.5,156,,
,-0.018,1.238,G,12.1,2.4,2.1,142,,
,0.046,-115.535,G,13.0,1.7,0.6,175,,
,-0.023,56.442,G,15.3,0.9,0.5,153,,
,0.015,-14.982,G,9.7,6.5,3.1,86,,
,-0.001,12.514,G,10.5,4.2,1.9,22,,
,0.022,-71.670,OCl,,7.8,,,Herschel's Jewel Box,
,-0.013,44.943,G,12.2,2.3,1.6,47,,
,-0.000,5.103,G,14.5,0.8,0.3,58,,
,-0.002,26.159,G,13.4,2.8,0.8,159,,
,0.006,-25.051,GPair,,1.6,,,,
,0.000,-1.292,G,11.6,2.6,2.0,9,,
,0.001,1.296,G,14.8,1.6,0.7,168,,
,-0.004,20.429,G,10.2,8.3,3.5,32,,
,0.009,-28.237,G,12.5,1.9,1.2,105,,
,-0.006,7.748,G,16.0,0.5,0.4,78,,
,0.002,13.721,G,13.0,1.2,0.8,80,,
,-0.001,-14.841,G,15.3,1.0,0.2,129,,
,0.012,-29.336,G,11.5,2.8,1.4,141,,
2,-0.006,30.173,G,13.8,1.7,1.1,88,,
,-0.003,10.810,G,12.7,3.1,1.0,133,,
,0.002,0.899,G,11.3,4.1,2.0,155,,
,0.002,-10.807,G,13.7,0.8,0.5,77,,
,-0.008,45.462,GPair,,1.2,,,,
,0.011,-43.445,G,11.6,2.2,2.0,59,,
,-0.011,-2.578,G,14.0,2.0,1.1,65,,
,0.015,0.424,G,14.0,1.8,0.8,8,,
,-0.015,-0.428,G,13.5,2.7,2.1,120,,
,0.012,18.914,G,13.1,1.9,1.3,54,,
,0.004,-18.331,G,13.5,2.0,0.5,173,,
,0.006,-1.916,G,11.4,3.7,1.5,120,,
,0.003,-2.032,G,12.8,1.5,0.9,171,,
,0.000,0.011,G,12.8,1.4,0.7,134,,
,0.000,1.945,G,14.3,1.7,0.4,103,,
,-0.019,-38.136,G,12.1,2.0,1.0,80,,
,0.018,41.890,G,11.7,2.0,1.5,171,,
,-0.007,33.928,G,15.4,1.0,0.3,1,,
,0.002,0.235,G,15.2,0.9,0.3,141,,
,0.001,-0.236,G,12.1,1.7,1.1,174,,
,0.009,-37.316,G,12.4,1.7,0.9,87,,
,-0.002,18.301,G,14.9,1.1,0.7,66,,
,0.006,-20.550,G,15.0,0.8,0.4,143,,
,-0.007,41.436,G,11.6,1.8,0.9,54,,
,0.009,-41.547,G,13.0,1.1,0.5,151,,
,-0.003,20.674,G,12.8,2.2,1.4,119,,
,0.001,0.000,G,15.3,1.8,1.7,110,,
,-0.003,19.347,G,13.2,1.1,0.8,34,,
1,0.006,-24.516,G,13.8,1.4,0.6,91,,
,-0.010,43.634,G,12.3,1.6,1.2,21,,
,-0.001,6.559,G,15.2,1.4,0.7,138,,
,0.020,-65.145,G,11.3,2.6,2.3,18,,
,-0.004,20.295,G,14.9,0.8,0.4,15,,
2,0.011,-37.743,G,13.4,1.4,1.1,52,,
,-0.012,57.024,G,13.5,0.9,0.7,22,,
,0.005,-23.217,G,11.8,2.4,0.9,127,,
,-0.016,-1.650,G,13.8,1.6,0.6,65,,
,0.000,-0.014,G,14.7,0.9,0.4,167,,
,0.034,-44.437,G,14.5,1.3,0.9,40,,
,-0.000,-0.016,G,14.2,1.5,0.6,34,,
,-0.005,34.995,G,14.2,1.6,0.9,26,,
,-0.020,65.162,G,12.0,2.8,2.0,128,,
,0.043,-123.306,OCl,8.6,3.9,,,,
,-0.029,92.707,G,12.7,1.4,0.6,90,,
,0.005,0.195,G,15.8,0.7,0.6,120,,
,0.005,-36.465,G,11.3,4.3,1.3,178,,
,-0.006,35.512,G,13.2,1.0,0.8,150,,
,0.009,-40.706,G,14.9,1.2,0.4,106,,
,-0.009,40.676,G,15.0,0.6,0.3,8,,
,0.010,-37.719,G,14.4,1.4,1.0,93,,
,0.006,-2.937,G,16.0,0.8,0.2,178,,
1,-0.004,0.034,G,11.6,2.7,1.6,139,,
,-0.008,35.348,G,8.5,10.5,5.3,114,Black Eye Galaxy,
,0.000,5.496,G,12.9,1.2,1.0,34,,
,0.000,0.841,G,13.7,0.8,0.7,155,,
,0.012,-41.757,G,16.2,0.6,0.4,106,,
,0.001,-5.954,G,12.1,2.3,1.5,164,,
,0.002,-7.601,G,13.5,1.6,0.9,177,,
,0.003,-12.470,G,12.3,2.1,1.5,35,,
,0.030,-31.113,GCl,7.8,8.4,,,,
,-0.053,123.171,G,15.1,1.1,0.5,109,,
,0.029,-98.560,G,11.8,3.3,0.7,150,,
,-0.009,33.520,G,14.9,1.5,1.1,8,,
,-0.013,61.043,GPair,,1.3,,,,
,0.019,-61.359,G,14.0,1.8,1.4,9,,
,-0.009,40.558,G,12.1,2.7,1.2,65,,
,0.002,0.112,G,13.7,0.7,0.7,125,,
,0.000,0.869,GPair,,2.0,,,,
,0.001,-0.990,GPair,,1.0,,,,
,0.007,-31.110,G,14.2,2.0,0.4,91,,
1,-0.000,5.197,G,11.0,5.5,1.2,82,,
,-0.004,34.795,G,14.5,1.2,0.5,62,,
,0.012,-49.512,G,15.3,0.8,0.6,155,,
,-0.007,41.384,G,13.7,1.3,0.4,157,,
,0.002,-1.846,G,14.3,1.4,1.0,176,,
,0.003,1.571,G,14.2,0.7,0.6,130,,
,-0.000,0.181,G,14.9,0.4,0.3,94,,
,0.028,-87.758,OCl,8.9,5.4,,,,
,-0.025,87.205,G,13.7,0.7,0.6,76,,
,0.004,0.079,G,13.9,0.9,0.7,44,,
,0.008,-40.906,G,14.3,1.7,1.2,170,,
,0.001,-1.811,G,10.6,4.2,1.6,38,,
,-0.034,85.245,G,14.6,1.1,0.7,118,,
,0.029,-42.087,G,15.2,0.5,0.4,28,,
,-0.000,-1.300,G,13.6,1.5,0.7,93,,
,0.000,1.308,G,13.4,1.1,0.9,121,,
,-0.000,6.735,G,12.3,3.8,1.4,18,,
,0.008,-48.991,G,15.3,1.1,0.9,147,,
,0.003,0.102,G,14.9,1.9,0.4,23,,
,-0.008,42.007,G,13.5,0.8,0.5,90,,
,0.002,0.107,G,13.4,0.9,0.4,113,,
,0.002,-13.913,G,11.1,5.8,1.0,88,,
,-0.003,13.800,G,14.4,0.7,0.5,13,,
,-0.002,9.339,G,12.9,1.4,1.3,155,,
,0.004,-9.398,G,13.4,0.8,0.7,0,,
,-0.002,9.136,G,15.5,0.9,0.3,2,,
,0.004,-9.092,G,14.2,0.8,0.6,160,,
,0.001,-0.009,G,13.6,0.7,0.4,124,,
,-0.001,0.037,G,14.2,0.8,0.5,103,,
,0.001,-0.025,G,11.8,2.3,2.0,49,,
,0.001,-0.052,G,14.7,0.5,0.4,117,,
,0.002,0.005,G,14.4,0.6,0.4,26,,
,0.011,-43.195,G,13.1,2.4,0.9,8,,
,-0.001,9.179,G,14.0,1.5,1.4,70,,
1,-0.003,18.587,G,12.7,2.6,2.0,164,,
,-0.004,15.764,G,13.5,1.0,0.9,15,,
1,-0.000,-0.212,G,14.3,0.8,0.6,83,,
1,0.010,-34.888,G,14.9,0.8,0.7,100,,
,-0.008,34.841,G,13.8,0.8,0.7,112,,
,0.010,-42.654,G,14.1,1.1,0.6,155,,
,-0.001,8.591,G,14.3,1.6,0.8,107,,
,-0.008,34.052,G,11.4,2.6,1.7,80,,
,0.009,-32.581,G,13.8,1.0,0.8,93,,
1,-0.010,31.502,G,14.5,1.4,0.3,12,,
,-0.001,10.295,G,15.5,1.1,0.7,3,,
,0.005,-9.225,G,15.2,0.6,0.3,36,,
,-0.000,0.234,G,13.2,1.7,0.6,152,,
,0.004,0.144,G,13.9,0.8,0.5,5,,
,0.006,-41.796,G,12.5,2.6,2.1,153,,
,-0.010,41.407,GPair,,0.8,,,,
,0.011,-41.901,G,12.3,2.0,1.2,15,,
,-0.005,16.445,G,11.4,2.1,2.0,150,,
,-0.012,44.705,G,15.2,1.1,1.1,155,,
,0.018,-61.720,G,11.3,2.6,2.4,78,,
,0.006,-16.421,G,12.5,1.7,1.4,90,,
,-0.007,30.907,G,12.0,2.0,1.2,7,,
,0.009,-30.840,G,14.3,1.6,0.5,174,,
,-0.014,58.792,G,14.1,0.7,0.6,0,,
,0.003,0.234,G,13.7,1.0,0.9,32,,
,0.001,-0.150,G,13.2,1.2,0.8,97,,
,0.019,-70.779,G,12.8,2.0,1.8,30,,
1,-0.018,70.562,G,12.9,1.2,1.0,130,,
,0.010,1.340,G,13.8,1.1,0.5,135,,
,0.003,-0.086,G,13.8,1.4,0.4,88,,
,-0.017,8.270,G,11.6,2.7,1.3,154,,
,0.013,-41.862,G,12.0,1.6,1.6,65,,
,0.010,33.800,G,13.9,1.0,0.2,156,,
,-0.020,17.969,G,14.9,1.3,0.8,152,,
,0.016,-51.723,G,15.1,0.9,0.3,77,,
,-0.009,32.310,G,14.0,1.1,0.6,142,,
,0.012,-39.187,G,14.2,1.1,0.8,170,,
,-0.010,39.264,G,12.6,2.0,1.8,135,,
,-0.000,1.425,GPair,,1.1,,,,
,0.002,-1.463,G,13.7,0.7,0.7,60,,
,0.011,-42.818,G,13.9,1.8,1.4,58,,
,-0.002,7.259,G,14.3,1.2,0.9,119,,
,-0.003,35.335,G,13.0,1.2,1.0,64,,
,0.001,0.382,G,14.8,1.0,0.6,12,,
,0.017,-36.091,G,12.9,1.1,0.8,73,,
,-0.004,36.130,G,14.9,0.8,0.7,48,,
,0.022,-69.457,G,11.4,3.5,2.8,44,,
,-0.018,69.444,G,13.4,1.6,0.6,77,,
,-0.006,22.406,G,14.6,1.4,1.1,1,,
,0.022,-61.936,GTrpl,,3.5,,,,
,-0.011,39.528,G,14.3,1.0,0.2,103,,
,0.001,-13.652,G,14.0,1.1,0.9,84,,
,0.015,-44.904,G,10.7,2.9,2.4,6,,
1,-0.022,81.845,G,15.1,0.9,0.8,44,,
,0.022,-61.659,G,11.9,5.7,2.3,6,,
,0.012,-36.897,G,13.2,1.1,1.0,28,,
,-0.013,41.685,G,11.3,3.3,2.7,23,,
,0.002,-2.097,G,13.8,1.7,1.2,25,,
,-0.010,35.733,G,15.5,0.8,0.5,105,,
,0.002,0.102,G,12.9,1.4,0.4,88,,
,0.027,-77.654,G,11.9,23.3,4.0,44,,
,0.000,5.877,G,12.3,2.0,1.7,135,,
,-0.002,8.254,G,12.2,2.6,1.3,11,,
,-0.007,27.389,G,13.4,2.3,0.8,140,,
,-0.010,36.978,G,15.0,0.7,0.4,102,,
,0.021,-72.531,G,14.9,0.9,0.8,99,,
,-0.008,37.007,G,11.8,3.1,1.2,90,,
,-0.002,35.616,G,13.0,1.6,1.0,22,,
,0.020,-66.708,G,14.2,1.8,1.0,51,,
,-0.064,112.990,G,14.2,1.0,0.7,68,,
,0.062,-105.158,G,12.2,2.3,1.7,15,,
,-0.017,64.932,G,12.4,1.6,1.5,60,,
,0.003,-7.608,G,13.0,1.2,0.9,97,,
,0.010,-35.590,G,10.6,4.8,1.2,7,,
,-0.002,41.199,G,15.3,0.7,0.6,178,,
1,0.002,-5.445,G,13.5,1.1,0.9,106,,
1,0.001,13.988,G,14.1,0.9,0.8,55,,
,-0.008,14.601,G,14.0,1.1,0.7,134,,
,0.029,-84.551,G,12.4,2.5,2.0,142,,
,-0.014,57.291,G,13.3,1.0,0.5,142,,
,-0.012,24.501,G,14.9,1.1,0.9,117,,
,0.025,-77.241,G,14.8,2.3,1.0,57,,
,-0.000,37.314,GPair,,0.8,,,,
,0.008,-37.646,G,13.3,1.8,1.1,138,,
,-0.011,52.557,G,15.0,0.8,0.7,101,,
1,-0.023,25.137,G,14.6,1.0,0.8,94,,
,0.007,-0.026,G,13.3,1.6,1.1,123,,
,0.032,-58.676,G,15.0,1.0,0.6,29,,
,0.013,-44.489,G,10.1,5.8,3.3,161,,
,-0.043,105.162,G,14.5,1.1,1.0,45,,
,0.030,-37.240,G,14.3,1.5,0.6,142,,
,-0.002,6.395,G,15.1,0.9,0.7,102,,
,0.024,-53.453,G,13.6,1.8,0.8,165,,
,-0.006,21.864,G,11.4,2.7,2.0,155,,
1,-0.006,35.099,G,13.9,1.0,0.6,122,,
,0.008,-43.837,G,11.0,3.4,2.5,45,,
,-0.012,57.192,G,14.8,1.1,0.8,126,,
,0.003,-6.470,G,14.1,1.6,0.9,82,,
,-0.007,16.723,G,14.4,1.2,0.7,33,,
,0.032,-95.035,G,13.9,1.9,0.6,26,,
,-0.011,37.710,G,14.3,1.4,0.6,175,,
,0.001,0.123,G,13.8,0.9,0.8,48,Cocoon Galaxy,
,-0.001,7.621,G,15.4,0.6,0.5,101,,
,-0.002,9.286,G,14.5,1.1,0.6,11,,
,0.011,-35.018,G,13.4,1.6,1.4,173,,
1,-0.002,15.551,G,11.1,2.4,1.5,99,,
,-0.002,8.690,G,14.3,1.8,1.4,16,,
,0.005,-17.372,G,14.0,1.6,0.9,85,,
,-0.028,67.179,G,14.9,1.0,0.9,19,,
,0.023,-48.991,G,13.1,2.5,2.1,98,,
,0.004,27.234,G,13.3,1.3,1.0,63,,
,-0.004,24.587,G,14.6,1.1,0.4,157,,
,0.018,-16.860,G,14.7,1.4,0.7,179,,
,-0.033,7.104,G,15.0,1.0,0.8,148,,
,0.040,-14.101,G,13.2,1.3,1.0,167,,
,-0.002,7.422,G,10.7,4.8,1.5,70,,
,0.014,-56.321,G,13.4,2.1,1.7,2,,
,-0.042,81.437,G,14.2,0.9,0.6,136,,
,1.029,-36.678,G,14.4,1.1,0.8,165,,
,-1.003,24.596,G,15.3,1.1,0.6,67,,
,0.027,-65.891,G,14.4,1.0,0.8,115,,
,0.007,-27.298,G,11.4,2.9,2.4,154,,
,-0.020,66.012,G,12.4,2.6,1.4,10,,
,0.008,-19.717,G,14.9,0.7,0.5,148,,
,-0.010,33.083,G,12.8,2.1,0.7,100,,
,0.014,-40.618,G,13.2,2.0,0.8,62,,
,-0.004,28.431,G,12.6,1.6,1.1,56,,
,0.013,-40.861,G,12.6,1.5,1.3,29,,
,0.002,-2.752,G,10.8,3.5,2.2,99,,
,-0.005,24.248,G,14.5,0.8,0.7,101,,
,-0.001,7.870,G,13.0,2.7,2.4,85,,
,-0.009,33.596,G,14.2,1.5,0.6,78,,
,0.023,-65.743,G,13.8,2.5,0.5,19,,
,-0.021,63.588,G,12.3,6.2,0.8,28,,
,0.011,-25.872,GCl,7.8,9.0,,,,
,-0.003,13.640,G,14.5,2.1,0.5,59,,
,0.025,-74.770,G,11.8,3.5,1.8,50,,
,-0.015,49.022,G,15.0,1.1,1.0,0,,
,0.007,-19.103,G,14.2,2.1,1.4,118,,
,-0.019,60.105,G,14.2,1.5,0.9,147,,
,0.022,-63.554,G,14.0,1.8,1.2,173,,
,0.002,0.368,G,14.2,1.9,0.3,110,,
,-0.010,43.925,G,12.8,1.9,1.1,18,,
,0.000,8.792,G,10.7,9.8,4.6,172,,
,-0.019,34.055,G,14.1,0.9,0.7,20,,
,0.042,-87.142,G,12.8,1.6,1.0,171,,
,-0.002,12.314,G,15.3,0.7,0.6,73,,
,0.005,-12.411,G,12.1,2.0,0.5,44,,
,0.001,0.638,G,14.2,1.8,0.4,94,,
,-0.003,11.794,G,17.5,0.6,0.2,133,,
,-0.022,55.416,G,14.8,1.0,0.5,70,,
,0.016,-20.552,G,13.4,1.3,1.0,143,,
,0.017,-54.690,G,11.8,4.2,2.2,19,,
,0.012,-36.061,OCl,,5.5,,,,
,-0.014,43.659,G,10.8,3.7,3.2,41,,
1,0.006,0.059,G,14.1,1.0,0.8,42,,
,0.000,-0.192,G,13.6,2.9,0.3,84,,
,0.006,-11.892,G,14.0,1.6,0.9,43,,
,-0.003,12.014,G,13.1,2.0,0.4,115,,
,-0.004,19.276,G,14.3,1.4,0.4,32,,
,0.010,-31.165,G,14.0,1.6,0.7,48,,
,-0.012,57.962,G,13.6,1.4,1.0,150,,
,0.014,-11.978,GCl,10.0,4.8,,,,
,0.009,-34.333,G,10.8,5.0,2.9,171,,
,-0.019,58.664,G,8.6,11.8,7.2,103,Sunflower Galaxy,
,0.006,-11.079,G,13.1,1.6,0.8,1,,
,0.004,0.082,G,14.4,1.3,1.0,0,,
,0.007,-18.484,G,14.2,0.8,0.6,13,,
,0.002,-4.703,G,15.4,1.1,0.4,6,,
,0.005,-1.808,G,14.1,1.2,0.9,61,,
,0.013,-32.874,G,10.3,3.8,3.0,109,,
,0.006,-8.622,G,12.2,2.7,1.2,132,,
,0.000,0.107,G,13.3,2.0,1.6,146,,
,0.010,-12.557,G,12.0,2.7,1.4,36,,
,-0.025,79.002,G,14.2,1.2,0.7,87,,
,0.016,-41.327,G,14.2,0.8,0.6,0,,
1,0.007,-10.805,G,10.1,7.5,6.7,138,,
1,0.005,8.499,G,14.5,1.2,1.0,90,,
,-0.010,20.476,G,15.5,0.8,0.6,142,,
1,0.012,-22.781,G,13.5,3.8,0.6,149,,
,-0.015,46.314,G,14.0,0.8,0.4,145,,
,0.011,-23.638,G,15.1,1.0,0.8,57,,
,0.007,-20.572,G,13.8,1.4,1.0,31,,
,0.000,0.084,G,11.7,2.6,2.1,4,,
,0.006,-14.753,G,10.6,2.6,0.6,147,,
,-0.004,14.711,G,12.6,1.4,0.9,31,,
,-0.005,21.128,G,14.3,1.3,1.2,93,,
,-0.003,20.078,G,13.1,1.9,0.7,101,,
,0.025,-72.207,G,13.8,1.7,1.0,33,,
,-0.026,83.289,G,15.1,1.1,0.8,136,,
,0.020,-61.417,G,10.5,9.9,2.5,80,,
,0.000,-2.612,G,12.6,4.1,3.3,42,,
1,0.002,3.829,G,11.1,3.0,2.5,6,,
,-0.001,8.039,G,13.2,1.9,0.5,180,,
,-0.011,42.829,G,14.3,0.9,0.7,122,,
,0.026,-73.962,G,11.3,3.5,2.8,106,,
,0.001,-0.015,G,13.3,2.1,1.3,122,,
,-0.024,66.720,G,14.4,1.0,1.0,50,,
,-0.004,17.386,G,14.5,1.1,0.5,139,,
,0.019,-54.467,G,14.4,1.5,1.1,99,,
,-0.002,11.792,G,14.5,1.3,0.4,122,,
,-0.008,35.378,GTrpl,,0.7,,,,
,0.014,-45.560,G,14.9,0.5,0.4,38,,
,-0.012,45.615,GPair,,1.6,,,,
,0.017,-46.186,G,15.3,0.7,0.6,50,,
,-0.005,22.024,GPair,,1.4,,,,
,0.013,-36.413,G,10.5,5.9,5.5,123,,
,0.003,-9.199,G,9.9,9.7,3.7,49,,
,-0.024,79.714,G,13.4,1.6,1.0,142,,
,0.014,-42.742,G,14.3,1.2,0.5,170,,
,0.008,-13.549,G,11.8,1.9,1.4,140,,
,-0.014,22.185,G,14.9,0.9,0.7,22,,
,0.007,29.560,G,13.8,1.7,0.5,128,,
,0.032,-70.880,G,15.0,1.3,0.4,2,,
,-0.041,89.987,G,13.5,1.6,0.4,155,,
,0.034,-70.610,G,13.6,2.6,2.1,108,,
1,-0.016,51.700,G,12.2,3.0,1.8,127,,
1,0.034,-71.079,G,13.7,1.8,1.1,78,,
,-0.017,46.295,G,14.7,1.1,0.6,97,,
,-0.001,13.030,G,13.4,1.9,0.7,39,,
,0.000,1.335,G,14.4,1.5,0.8,154,,
,0.009,-21.923,G,14.4,0.9,0.8,91,,
,0.009,-18.669,G,14.3,1.5,0.4,22,,
,0.028,-51.182,OCl,10.8,,,,,
,-0.015,25.776,G,11.6,2.2,1.7,30,,
,-0.009,27.028,G,13.9,1.1,1.0,126,,
,-0.018,53.740,G,13.5,1.2,1.1,154,,
,0.028,-73.394,G,12.1,2.5,0.8,12,,
,-0.014,40.018,G,13.5,1.8,1.4,169,,
,0.015,-40.044,G,14.2,1.9,0.6,57,,
,-0.019,61.900,G,13.6,2.2,1.6,72,,
,0.028,-74.585,G,7.2,25.9,19.8,33,Centaurus A,
,-0.021,56.996,G,12.1,1.6,1.3,7,,
,0.005,-24.187,G,14.2,1.1,0.8,45,,
,-0.009,41.198,G,14.2,0.5,0.4,77,,
,0.009,-16.895,G,14.2,1.3,0.9,63,,
,0.007,-18.175,G,14.5,1.1,0.7,25,,
,0.007,-17.052,G,11.8,2.7,1.5,159,,
,0.007,-8.700,G,12.6,2.4,2.2,125,,
,-0.015,43.572,G,14.5,1.3,1.2,89,,
,0.001,0.339,G,15.6,0.8,0.6,120,,
,0.039,-73.118,OCl,5.3,4.2,,,,
,-0.008,11.564,GCl,5.3,27.0,,,Omega Centauri,
,-0.007,13.609,G,13.0,2.4,2.0,47,,
,-0.025,70.247,G,12.8,1.6,1.1,78,,
,0.003,0.021,G,13.2,1.2,1.0,14,,
,0.000,0.037,G,15.9,0.5,0.3,101,,
,-0.035,34.075,GPair,,1.1,,,,
,0.039,-27.245,G,13.5,2.0,1.4,84,,
,0.023,-55.591,G,14.1,2.2,1.4,33,,
,-0.005,14.425,G,12.1,1.5,1.4,160,,
,0.005,0.213,G,15.4,0.7,0.6,0,,
,-0.008,33.620,G,13.7,1.6,0.9,153,,
,0.024,-65.496,G,12.6,1.4,1.0,117,,
,-0.015,46.436,G,14.6,0.9,0.8,175,,
,0.019,-46.493,G,13.6,2.0,1.0,110,,
,0.001,0.001,G,11.9,2.4,1.9,17,,
,-0.024,65.628,G,14.7,1.4,1.3,60,,
1,0.038,-84.927,G,11.9,2.5,2.1,115,,
,-0.024,80.948,G,14.1,1.3,1.1,116,,
,0.008,-14.252,G,13.8,1.0,0.9,30,,
,0.008,-14.796,G,15.1,1.2,0.3,162,,
1,0.016,-36.157,G,11.5,5.4,1.6,77,,
,0.004,44.182,G,13.6,3.0,1.6,162,,
,-0.043,41.746,G,14.8,1.1,0.7,10,,
,0.005,2.733,G,14.5,1.0,0.9,35,,
,0.025,-44.100,G,14.6,1.6,0.9,2,,
,-0.007,20.645,G,14.3,2.1,0.4,67,,
,0.007,-19.321,G,14.6,1.0,1.0,15,,
,0.040,-73.650,OCl,9.1,4.2,,,,
,-0.049,107.611,G,14.6,1.5,0.6,104,,
,0.028,-64.638,G,11.2,8.0,1.4,123,,
,-0.008,29.701,G,12.8,1.1,0.8,5,,
,-0.000,5.317,G,12.0,2.4,1.3,101,,
,-0.015,29.540,G,13.4,1.1,1.0,130,,
2,0.016,-34.811,G,15.4,0.4,0.4,130,,
,0.000,0.016,G,15.3,0.9,0.2,134,,
,0.001,-0.172,G,14.8,1.0,0.7,94,,
,0.001,0.121,G,14.7,1.1,0.7,40,,
,-0.001,5.080,G,13.0,1.2,0.9,34,,
,0.004,-3.522,G,14.5,1.0,0.9,30,,
,0.016,-41.454,G,12.6,2.1,1.6,12,,
,-0.009,26.429,G,13.7,1.7,0.6,118,,
,0.001,0.058,G,13.5,1.6,0.9,128,,
,-0.002,15.079,G,14.5,2.0,0.7,58,,
,0.000,-1.241,G,15.7,0.7,0.5,160,,
,-0.004,18.955,G,14.6,0.8,0.5,45,,
,0.028,-65.924,G,12.0,3.4,2.4,98,,
,0.034,-31.180,PN,10.3,2.3,,,,
,-0.048,84.109,G,13.1,1.0,0.8,155,,
,0.002,-6.934,G,14.8,1.0,0.7,89,,
,0.001,-12.980,G,15.3,0.6,0.3,12,,
,0.018,-31.455,G,11.7,2.1,1.9,65,,
,-0.034,80.429,G,8.4,13.7,11.7,163,Whirlpool Galaxy,
,0.002,0.071,G,9.6,5.5,4.4,79,,
,0.022,-48.881,G,15.2,0.9,0.8,165,,
,0.002,-0.078,G,15.8,0.9,0.2,148,,
,-0.021,48.364,G,11.8,2.0,1.7,15,,
,0.009,-11.840,G,14.8,1.3,0.9,130,,
1,-0.024,18.251,G,14.2,1.6,1.0,127,,
,0.045,-54.781,G,15.5,0.7,0.3,178,,
,0.004,-7.087,G,14.2,1.7,1.1,90,,
,-0.044,67.205,G,11.3,4.5,2.8,5,,
,0.008,4.093,G,12.8,1.6,0.9,168,,
,0.061,-110.663,G,10.5,4.3,2.8,28,,
,-0.025,62.043,G,14.4,1.8,0.9,142,,
,0.004,-6.576,G,14.2,1.7,0.6,161,,
,0.004,0.011,G,14.7,1.2,0.9,111,,
,0.002,-0.157,G,14.2,1.5,1.2,12,,
,0.004,-8.206,G,13.1,2.0,1.6,30,,
,-0.002,8.324,G,15.9,0.5,0.5,90,,
,0.029,-3.155,GPair,14.9,0.9,0.7,133,,
,-0.031,37.739,G,13.7,1.0,0.8,131,,
,0.039,-75.356,GPair,,2.2,,,,
,-0.051,96.185,G,16.1,1.7,1.1,54,,
,0.033,-44.844,G,13.9,1.6,0.5,16,,
,-0.032,44.911,G,12.3,1.8,1.2,93,,
1,0.063,-96.222,G,13.5,2.6,1.2,95,,
,-0.017,47.287,G,14.4,1.6,0.8,109,,
,0.000,-0.090,GPair,,1.2,,,,
,-0.008,20.947,G,14.3,2.1,1.4,170,,
,0.012,-28.209,G,15.0,0.9,0.8,139,,
,-0.030,45.009,G,14.4,0.7,0.7,60,,
,0.028,-37.568,G,16.4,0.5,0.3,17,,
,0.006,-12.511,G,13.2,1.5,1.3,161,,
,-0.014,33.367,G,14.3,1.1,1.0,20,,
,-0.009,13.137,G,13.8,2.3,0.6,169,,
,0.025,-34.239,G,13.2,1.6,1.5,0,,
,0.005,-10.677,G,16.1,1.1,0.8,133,,
,0.005,-11.497,G,13.4,1.7,1.3,65,,
,-0.015,43.175,G,14.5,1.5,0.8,80,,
,0.038,-84.514,G,14.0,1.5,0.9,46,,
,-0.025,56.422,G,15.1,1.3,0.6,115,,
,0.017,-36.450,G,7.2,13.6,13.2,45,Southern Pinwheel Galaxy,
,0.011,-12.982,G,12.5,2.3,1.6,111,,
,-0.050,94.461,G,13.4,1.8,1.4,162,,
,0.029,-44.244,G,14.5,1.8,1.8,150,,
,-0.008,28.218,G,13.9,1.8,1.3,57,,
,0.012,-43.990,G,13.8,1.1,0.5,50,,
1,-0.007,46.746,G,14.1,1.0,0.5,126,,
,0.041,-84.200,G,13.3,2.2,1.5,18,,
,-0.022,49.753,G,15.2,0.6,0.2,90,,
,0.002,0.207,G,14.7,0.8,0.7,85,,
,0.009,-21.988,G,10.4,5.3,4.3,170,,
,-0.008,26.769,G,10.0,4.1,2.4,120,,
,0.001,7.087,G,14.0,1.5,0.9,176,,
,-0.025,35.264,G,13.9,0.9,0.8,110,,
,0.022,-23.817,G,14.6,0.9,0.8,54,,
,0.014,-22.876,G,14.2,1.3,0.8,11,,
,0.028,-36.183,G,10.3,5.0,2.1,43,,
,-0.005,20.146,G,12.2,3.4,1.4,127,,
,-0.039,68.603,G,15.1,1.4,0.4,26,,
,0.016,-8.832,GPair,13.4,0.9,0.8,,,
,0.027,-47.437,G,13.0,1.5,0.8,85,,
,0.001,-0.009,G,13.0,1.5,1.2,178,,
,-0.009,30.160,GPair,,1.0,,,,
,0.015,-54.849,G,13.6,1.6,1.6,160,,
,-0.001,28.934,G,15.2,0.9,0.5,131,,
,-0.077,69.963,G,13.7,1.2,0.7,177,,
,0.071,-46.638,G,14.1,1.1,0.4,26,,
,0.029,-58.314,G,12.0,3.0,2.2,64,,
,-0.025,66.774,G,14.7,0.9,0.8,140,,
,0.048,-85.030,G,10.8,2.9,2.1,98,,
,-0.039,86.963,G,14.1,1.5,0.6,53,,
1,0.068,-101.706,OCl,,4.8,,,,
,-0.043,67.175,G,14.7,1.0,0.8,20,,
,-0.008,25.862,G,15.1,0.8,0.7,80,,
,0.008,-1.750,GCl,6.4,16.2,,,,
,-0.001,7.279,G,12.2,2.3,1.5,6,,
,0.004,-5.806,G,15.4,0.6,0.5,111,,
,0.001,-0.023,G,14.2,0.9,0.7,79,,
,-0.001,5.799,G,14.7,0.9,0.6,156,,
,0.005,-5.670,G,15.5,0.6,0.5,119,,
,-0.017,25.717,G,13.6,0.8,0.6,73,,
,0.001,0.003,G,13.6,0.6,0.3,24,,
,0.020,-25.805,G,13.6,0.8,0.8,100,,
,0.061,-92.786,OCl,5.9,6.9,,,,
,-0.052,92.987,G,14.9,0.7,0.6,80,,
,-0.039,37.602,G,14.1,1.2,1.0,132,,
1,0.055,-65.562,G,15.5,0.8,0.6,61,,
,0.034,-53.483,GCl,8.3,6.6,,,,
,-0.026,81.144,G,15.4,0.7,0.5,116,,
,0.064,-94.456,OCl,11.8,3.6,,,,
,-0.060,106.188,G,13.0,2.3,0.7,100,,
,0.003,0.210,G,16.5,3.2,0.9,95,,
,0.035,-72.120,G,14.0,1.8,1.2,173,,
,0.004,-0.533,G,11.9,2.3,1.3,51,,
,-0.013,47.213,G,13.1,1.6,1.1,122,,
,-0.026,39.018,G,15.1,1.3,0.7,125,,
,-0.111,24.168,G,14.6,0.6,0.6,70,,
,0.128,-35.608,G,13.8,0.9,0.6,11,,
,0.001,0.021,G,11.8,3.7,0.9,147,,
,0.037,-74.301,G,13.1,1.9,0.9,69,,
,0.031,-29.519,OCl,,4.2,,,,
,-0.037,63.899,G,13.2,2.8,1.8,147,,
,-0.030,42.156,G,12.6,4.0,0.8,150,,
,0.040,-76.618,G,12.4,1.1,0.6,162,,
,-0.018,68.816,G,12.9,0.9,0.4,90,,
,0.038,-68.883,G,13.6,1.9,1.4,140,,
,-0.035,68.404,G,14.4,1.5,1.0,26,,
,0.021,-45.050,G,13.1,1.9,1.2,33,,
,0.031,-43.982,PN,11.2,0.2,,,,
,-0.068,112.179,G,11.3,4.3,0.6,60,,
,0.053,-76.591,G,15.7,0.6,0.6,125,,
1,-0.020,55.603,G,13.3,2.0,1.7,102,,
,0.015,-6.363,G,14.6,1.1,0.6,39,,
,-0.002,6.363,G,12.1,1.8,1.1,42,,
,-0.059,30.355,G,14.5,0.9,0.5,86,,
,0.129,-136.854,PN,9.8,0.1,,,,
,0.000,4.645,OCl,6.0,9.9,,,,
1,-0.056,95.574,G,13.5,1.5,1.1,165,,
,0.002,0.057,G,16.6,0.7,0.3,68,,
,-0.006,7.604,G,12.4,1.8,0.9,17,,
,0.006,-7.733,G,15.0,0.9,0.6,49,,
,-0.024,26.558,G,10.1,5.6,3.5,95,,
,-0.061,16.637,G,14.2,1.1,0.4,164,,
,0.108,-82.886,G,12.2,2.2,1.1,15,,
,-0.020,44.333,G,14.9,0.9,0.6,108,,
,-0.001,1.300,G,11.9,2.2,1.0,136,,
,0.021,-41.782,G,13.8,1.6,0.9,93,,
,0.013,-26.282,G,11.7,3.1,1.7,78,,
,-0.012,30.814,G,12.5,1.5,0.7,170,,
,0.014,-30.796,G,13.6,1.1,0.9,165,,
,-0.012,30.574,GPair,,1.1,,,,
,-0.002,14.867,G,12.9,1.1,0.8,55,,
,0.038,-65.483,G,11.9,2.2,1.1,51,,
,-0.025,47.398,G,11.7,3.4,2.4,17,,
,0.000,3.929,G,14.2,1.4,1.3,155,,
,-0.013,40.429,G,13.6,1.2,0.9,101,,
,0.004,-3.556,G,13.4,1.7,0.8,22,,
,0.018,-34.479,G,14.1,1.9,0.8,98,,
,0.009,-13.139,G,12.2,1.8,1.5,85,,
,-0.083,80.585,G,15.0,0.8,0.6,85,,
,0.059,-34.837,G,14.1,1.1,0.6,159,,
,-0.019,22.047,G,14.3,0.9,0.3,154,,
,0.046,-67.452,G,14.2,1.2,0.9,78,,
,-0.070,81.541,GPair,15.4,0.5,0.5,100,,
,0.071,-75.389,G,13.8,1.5,0.9,157,,
,-0.020,41.017,G,14.7,1.6,0.6,160,,
,0.004,-6.090,G,12.7,1.6,1.2,122,,
,0.015,-28.264,G,14.3,3.9,0.7,175,,
,-0.016,32.656,G,15.0,1.6,0.5,81,,
,0.002,2.481,G,11.5,2.7,1.7,35,,
,0.002,-2.449,G,12.2,2.4,1.3,101,,
,0.003,-1.781,G,14.1,1.4,1.2,92,,
,-0.003,4.149,G,11.0,2.4,1.2,152,,
,-0.000,0.020,G,11.4,3.0,1.1,174,,
,0.005,0.036,G,13.2,1.1,0.7,30,,
,0.020,-35.005,G,13.8,2.8,0.7,16,,
,0.017,-35.675,G,12.0,2.2,1.9,24,,
,-0.033,70.618,G,14.6,1.1,0.4,138,,
,0.103,-110.669,OCl,,5.4,,,,
,-0.076,75.377,G,14.9,1.1,0.6,63,,
,-0.017,33.464,G,14.8,0.8,0.4,64,,
,0.005,2.865,G,12.8,1.9,0.8,87,,
,0.020,-36.059,G,10.2,4.2,2.8,133,,
,0.002,-0.241,G,10.5,3.8,1.7,45,,
,0.027,-48.945,G,11.3,3.9,2.1,174,,
,-0.024,43.683,G,14.5,0.8,0.6,43,,
,0.022,-39.730,RfN,,2.0,2.0,,,
,-0.054,94.309,G,13.9,1.0,0.8,19,,
,0.036,-59.801,G,14.4,1.1,0.9,110,,
,-0.041,66.148,G,14.1,1.4,1.3,65,,
,0.025,-20.216,G,11.7,4.0,2.5,7,,
,-0.015,18.205,G,13.4,0.7,0.4,137,,
,0.039,-53.415,G,15.3,0.6,0.5,45,,
,0.006,0.845,G,13.7,1.6,1.3,45,,
,-0.009,23.067,G,12.1,2.3,1.7,179,,
,-0.028,30.343,G,12.3,1.5,0.9,66,,
,0.017,-12.271,G,11.3,3.6,1.4,34,,
,0.010,-9.439,G,13.6,2.0,1.6,73,,
,-0.022,21.946,G,13.4,2.1,0.7,60,,
,0.023,-22.133,G,12.3,2.0,1.0,95,,
,0.063,-97.197,OCl,,6.3,,,,
,-0.041,65.846,G,12.6,1.4,1.1,24,,
,-0.020,35.587,G,11.6,2.5,1.9,98,,
,0.019,-35.328,G,13.1,1.8,0.7,56,,
,-0.094,69.645,OCl,,,,,,
,0.097,-69.824,G,13.7,1.0,0.5,47,,
,0.001,-0.268,G,14.8,1.2,0.4,24,,
1,-0.039,53.671,G,12.0,3.3,0.7,4,,
1,0.027,-13.272,G,16.4,0.5,0.3,38,,
,0.028,-49.679,G,14.4,0.9,0.7,145,,
,0.019,-25.666,G,14.0,0.9,0.6,5,,
,-0.033,66.328,G,12.9,2.6,1.1,60,,
,0.001,-0.029,G,11.7,2.5,1.2,171,,
1,0.043,-71.370,G,12.8,1.6,1.0,65,,
,0.003,0.882,G,12.4,2.8,1.6,174,,
,-0.031,67.838,G,14.5,1.1,0.3,87,,
,0.018,-37.632,G,14.3,1.4,1.2,104,,
,-0.015,39.096,G,14.5,1.5,0.3,81,,
,-0.024,23.577,G,14.5,1.1,0.3,166,,
,0.026,-21.632,G,14.7,2.8,0.9,143,,
1,0.022,-30.481,G,14.5,0.8,0.8,145,,
,-0.013,31.213,G,12.3,1.7,1.2,115,,
,0.008,0.241,G,14.3,1.4,0.9,97,,
,0.042,-80.534,G,11.6,2.8,1.5,66,,
,-0.027,50.868,G,13.3,1.6,1.0,51,,
,-0.014,31.499,G,14.1,1.1,0.7,63,,
,0.018,-32.051,G,13.3,1.5,0.8,138,,
,-0.079,64.679,G,14.8,1.2,0.9,22,,
,0.011,-8.706,G,14.3,1.3,1.0,27,,
,0.069,-54.982,G,13.8,1.0,0.7,165,,
,-0.085,60.825,G,15.0,0.9,0.6,126,,
,0.087,-61.314,G,13.3,1.3,0.7,105,,
,0.001,-1.403,G,13.6,1.7,0.8,118,,
,0.001,-0.353,G,14.4,0.9,0.4,45,,
,0.023,-41.662,G,10.8,4.0,3.0,78,,
,0.006,19.361,G,14.1,1.9,0.7,135,,
,-0.039,48.441,GPair,14.3,1.3,,,,
,-0.016,21.340,G,11.8,2.8,0.6,153,,
,0.035,-45.823,G,12.9,1.5,0.9,75,,
,0.002,0.080,G,13.1,1.5,1.2,108,,
,-0.036,39.023,G,14.2,1.6,0.4,127,,
,0.044,-54.513,G,12.2,3.1,1.2,1,,
,0.000,0.038,G,12.4,3.6,3.3,178,,
2,-0.044,65.359,G,12.8,2.2,1.5,177,,
,0.039,-49.965,G,15.6,0.9,0.4,83,,
1,-0.009,23.147,G,14.0,1.5,0.4,4,,
,0.013,-23.062,G,13.3,1.5,1.4,35,,
1,0.005,0.126,G,13.8,1.2,0.5,124,,
,0.002,-0.050,G,14.9,1.1,0.5,1,,
,0.000,0.087,G,14.4,1.2,1.1,70,,
,-0.030,36.701,G,14.5,1.3,0.4,10,,
,0.017,-11.554,G,13.3,2.8,1.4,48,,
,0.003,-0.073,G,14.9,0.4,0.4,111,,
,0.026,-44.399,G,13.9,1.2,0.6,162,,
,-0.042,65.528,G,13.1,1.7,0.6,31,,
,0.020,-20.682,G,11.9,2.5,1.9,87,,
,0.002,-0.107,G,13.9,1.6,0.6,26,,
1,-0.018,19.252,HII,,,,,,
,0.006,-5.104,G,11.9,3.8,1.9,109,,
1,-0.005,5.098,HII,,,,,,
,0.002,0.092,HII,16.7,0.5,0.3,58,,
,-0.137,23.858,G,14.1,1.2,0.8,110,,
,0.142,-23.913,HII,,,,,,
,0.030,-39.926,G,14.2,1.3,0.8,113,,
,-0.029,39.859,HII,15.2,0.6,0.5,178,,
,0.033,-42.369,G,14.0,1.4,1.1,174,,
,-0.030,42.477,G,7.9,24.0,23.1,28,,
,0.000,-0.051,HII,,,,,,
,0.030,-41.166,G,14.4,1.3,1.1,7,,
,0.041,-61.475,OCl,5.6,13.2,,,,
,-0.062,102.661,HII,14.4,1.6,1.0,49,,
,0.003,0.048,HII,18.2,0.1,0.1,80,,
,0.038,-45.013,G,14.0,1.2,0.5,48,,
,0.015,-39.370,G,13.0,1.4,0.7,82,,
1,-0.027,58.552,GCl,9.7,6.6,,,,
1,0.019,-33.988,G,12.1,2.3,2.1,155,,
,0.098,14.101,G,15.0,0.9,0.8,135,,
,-0.099,-2.618,G,14.2,2.6,0.4,62,,
,-0.034,48.367,HII,14.5,0.8,0.6,,,
,0.040,-59.857,G,14.7,1.5,0.3,29,,
,-0.036,60.353,G,11.5,2.0,1.5,156,,
,0.005,-1.231,G,11.0,2.4,1.6,100,,
,0.003,2.080,G,13.3,1.9,0.6,166,,
,0.049,-61.834,G,13.3,1.4,1.3,130,,
,-0.043,60.553,G,13.8,1.1,0.8,87,,
,0.043,-56.163,G,13.6,1.0,0.7,22,,
,-0.037,67.393,G,15.0,0.9,0.8,20,,
,0.007,-14.966,G,12.2,1.7,1.3,177,,
,0.005,-0.002,G,13.2,1.8,1.2,113,,
,0.031,-41.791,G,14.0,1.2,0.8,88,,
,0.032,-52.257,G,11.1,3.4,3.1,16,,
,-0.061,98.355,G,15.7,0.5,0.5,5,,
,0.007,-0.028,G,11.5,2.5,1.8,170,,
,0.004,0.101,G,14.0,1.4,0.8,69,,
,0.038,-47.034,G,14.6,1.1,0.5,67,,
,-0.028,-41.384,G,13.3,2.6,0.7,26,,
,0.066,-12.774,G,13.2,2.3,1.3,126,,
,-0.034,63.635,G,12.1,1.7,1.3,2,,
,0.017,-11.181,G,13.8,1.3,0.8,78,,
,-0.007,13.247,G,13.7,1.6,0.4,151,,
,0.015,-24.656,G,11.4,2.2,1.9,125,,
,0.016,-25.600,G,12.6,2.3,2.2,50,,
,-0.001,3.536,G,13.5,1.5,1.3,44,,
,-0.012,25.949,G,13.4,2.7,0.6,176,,
,-0.019,40.053,G,15.1,0.6,0.5,62,,
,0.010,-13.196,G,14.7,1.2,0.8,118,,
,-0.005,10.216,G,14.3,1.1,0.7,143,,
,-0.009,12.632,G,14.4,0.9,0.8,136,,
,0.035,-47.273,G,15.0,0.9,0.7,65,,
,-0.047,59.137,G,16.2,0.6,0.3,81,,
1,0.045,-44.568,G,14.0,1.2,1.0,114,,
,0.005,-2.537,G,13.1,0.9,0.7,127,,
,0.012,-16.513,G,12.6,2.9,0.8,89,,
,0.001,0.059,G,12.4,1.6,0.8,80,,
,-0.014,27.785,G,15.0,1.0,0.7,135,,
,0.003,-4.249,G,15.0,1.2,0.7,92,,
,0.016,-38.371,G,14.3,0.9,0.7,32,,
,-0.009,26.616,G,15.6,0.7,0.2,166,,
,-0.007,22.223,G,15.3,0.7,0.6,74,,
,0.008,-10.439,G,13.8,2.0,1.1,114,,
,0.008,-12.756,GPair,,1.3,,,,
,-0.016,31.650,G,13.7,1.2,0.6,107,,
,0.054,-87.425,G,12.0,2.4,1.6,162,,
,-0.051,83.826,G,14.7,1.0,0.7,123,,
,0.016,-14.863,G,14.5,1.3,1.1,121,,
,0.009,-13.332,G,14.5,1.8,1.1,76,,
,-0.033,42.832,G,12.8,1.6,0.8,66,,
,0.051,-45.939,G,14.6,0.6,0.5,40,,
,-0.010,10.738,G,14.0,1.9,0.4,50,,
,0.001,10.171,G,13.1,2.0,0.9,92,,
1,0.013,-11.035,G,12.8,1.2,0.7,21,,
,-0.029,43.488,G,14.2,1.1,0.3,135,,
,0.009,-21.366,G,14.9,0.9,0.7,153,,
,0.031,-28.112,G,14.7,1.0,0.6,17,,
,-0.013,27.934,G,11.9,5.8,0.7,114,,
,0.049,-79.616,G,11.2,4.9,2.2,127,,
,-0.029,54.274,GPair,14.7,1.1,0.6,170,,
,0.002,-0.078,G,11.9,2.3,1.9,144,,
,-0.012,24.537,G,11.8,2.9,1.6,28,,
,0.026,-42.761,G,12.5,1.4,1.2,65,,
,-0.003,15.625,G,15.7,0.7,0.4,15,,
,-0.019,31.294,G,14.4,0.8,0.6,11,,
,0.021,-32.447,G,15.1,0.9,0.4,32,,
,0.001,0.422,G,15.5,0.9,0.3,62,,
,-0.001,0.703,G,15.1,1.1,0.8,35,,
,-0.046,51.831,G,14.7,1.1,0.9,17,,
,0.028,-20.422,G,13.6,0.9,0.6,31,,
,0.022,-32.030,G,14.8,0.6,0.3,164,,
,0.003,0.096,G,15.2,0.8,0.4,140,,
,-0.017,28.917,G,13.9,1.0,1.0,57,,
,0.001,0.003,G,13.2,1.0,0.3,59,,
,0.018,-29.010,G,12.3,1.6,1.3,22,,
,-0.140,71.036,G,14.8,0.7,0.3,61,,
,0.137,-53.464,G,13.4,1.3,1.1,118,,
,0.011,-17.760,G,13.9,1.5,0.8,119,,
,-0.003,5.506,G,14.1,1.1,0.8,98,,
,0.007,-7.432,G,14.9,0.8,0.6,116,,
,0.003,1.581,G,15.1,0.9,0.4,172,,
,-0.010,19.256,G,14.6,1.1,0.2,87,,
,0.013,-19.267,G,15.1,0.7,0.5,38,,
,-0.008,-26.160,G,15.1,0.6,0.4,113,,
,0.030,-10.103,G,11.8,3.5,2.8,145,,
,-0.036,65.736,G,11.0,2.3,1.1,97,,
1,0.013,-11.695,G,14.8,1.3,0.4,65,,
,0.015,-20.807,G,12.3,3.5,0.8,109,,
,-0.045,54.759,G,15.4,0.7,0.5,161,,
,0.046,-48.488,G,14.4,0.8,0.7,10,,
,0.001,-3.208,G,15.1,0.9,0.5,77,,
2,0.002,-3.121,G,10.5,5.4,2.1,35,,
,-0.017,31.204,G,14.5,1.1,0.9,53,,
,0.001,-0.046,G,15.4,0.7,0.6,117,,
,0.019,-31.109,G,14.9,1.1,0.9,56,,
2,-0.016,32.158,G,15.0,0.9,0.7,178,,
,0.019,-29.234,G,15.0,1.2,0.4,106,,
,0.004,-3.669,G,12.4,1.3,0.8,61,,
,0.001,2.965,G,14.3,0.9,0.8,95,,
,0.001,-2.932,G,10.9,2.8,1.9,91,,
,0.003,0.165,G,13.5,2.9,0.7,61,,
1,-0.013,31.753,G,14.5,1.5,1.1,177,,
,0.020,0.016,G,13.6,1.5,1.4,137,,
,-0.006,-11.725,G,14.7,0.6,0.5,0,,
,-0.010,16.214,G,11.6,2.2,1.4,24,,
,0.016,-26.462,G,14.2,0.8,0.6,81,,
,0.012,-13.620,G,12.8,3.1,2.3,154,,
,-0.043,57.117,G,11.0,4.3,2.6,33,,
1,0.040,-42.811,G,13.8,2.1,0.7,162,,
,-0.013,21.353,G,14.2,0.9,0.8,58,,
2,0.019,-21.554,GPair,,1.4,,,,
,0.023,-42.405,G,12.7,1.6,0.8,88,,
,0.029,-26.111,OCl,,4.5,,,,
,-0.042,81.065,G,14.8,1.5,0.7,152,,
,0.018,-42.989,G,12.0,2.1,1.0,54,,
,-0.029,53.845,G,13.5,1.0,0.7,95,,
,0.033,-53.885,G,12.9,2.0,1.6,65,,
,-0.033,57.083,G,14.1,1.6,1.0,51,,
,0.022,-33.744,G,14.6,1.3,0.5,158,,
,0.000,8.063,G,12.4,1.6,1.6,135,,
,-0.016,25.671,G,15.5,0.8,0.3,4,,
,-0.009,10.191,G,12.5,1.3,0.7,167,,
,0.012,-10.124,G,13.0,1.1,1.0,90,,
,0.028,-43.589,G,12.9,1.8,0.9,6,,
,0.007,-9.951,G,12.5,1.5,1.2,66,,
,0.044,-46.469,OCl,7.7,3.6,,,,
,-0.139,131.220,G,13.5,0.9,0.7,71,,
,0.064,-29.812,G,13.4,1.7,0.7,98,,
,0.009,-6.933,G,16.2,0.5,0.4,116,,
,0.009,-10.229,G,14.3,1.7,0.6,105,,
,-0.005,8.433,G,13.5,1.4,0.6,65,,
,0.166,-111.434,G,12.1,1.9,1.1,64,,
,-0.165,113.279,G,15.6,0.6,0.4,30,,
,0.000,-0.033,G,11.7,2.4,2.0,150,,
,-0.000,0.006,G,15.3,0.2,0.2,162,,
,0.004,1.596,G,14.6,2.1,0.4,158,,
,0.090,-97.172,OCl,6.3,5.1,,,,
,-0.043,58.449,G,13.4,1.4,0.8,4,,
,0.002,7.065,G,13.9,2.3,0.9,12,,
2,-0.018,43.761,G,13.4,1.3,0.8,86,,
,0.015,-15.311,G,12.5,1.6,1.1,17,,
,-0.009,18.332,G,13.7,1.0,0.7,7,,
,0.007,-11.628,GPair,,1.2,,,,
,0.047,-69.705,G,14.0,1.4,1.1,102,,
,-0.021,41.126,G,14.6,1.3,0.8,121,,
,-0.002,6.546,G,14.4,1.0,0.6,173,,
,-0.003,7.925,G,12.2,1.7,1.6,110,,
,-0.011,15.409,G,13.6,1.5,0.5,96,,
,-0.017,15.325,G,11.6,1.9,1.9,140,,
1,0.015,-10.436,G,12.5,1.1,0.7,11,,
,0.036,-52.123,GCl,10.1,4.5,,,,
,-0.019,33.385,G,13.9,2.6,1.0,64,,
,0.019,-24.143,G,13.8,1.4,0.9,56,,
,-0.011,19.926,G,14.5,0.8,0.4,7,,
,0.012,-19.959,G,11.2,1.9,1.7,154,,
,-0.015,27.180,G,14.5,1.3,0.8,108,,
,-0.135,49.710,G,15.5,0.8,0.5,22,,
,0.143,-51.301,G,13.3,2.1,1.0,160,,
,-0.001,1.204,G,14.2,1.8,1.1,126,,
,0.058,-74.200,G,11.5,5.3,4.6,88,,
,-0.038,56.102,G,13.9,1.2,1.1,150,,
,0.004,-4.653,G,12.4,2.0,1.1,85,,
,-0.018,28.187,G,15.0,1.2,0.5,79,,
,0.017,-23.585,G,15.4,1.0,0.2,180,,
,-0.001,2.146,G,14.3,0.8,0.6,175,,
1,0.008,-8.045,G,13.8,1.1,0.2,114,,
2,-0.014,25.238,G,12.2,1.6,1.3,120,,
,-0.003,5.145,G,14.1,1.2,0.7,133,,
,0.014,-22.392,G,14.1,0.7,0.5,152,,
,-0.007,21.352,G,12.4,1.3,0.9,57,,
,0.005,-6.140,G,14.3,1.8,0.7,168,,
1,0.006,-3.826,G,14.8,1.8,0.5,45,,
,-0.021,24.268,G,11.9,2.6,2.4,30,,
,0.036,-43.373,G,14.2,1.1,0.6,22,,
,0.061,-62.868,OCl,5.5,8.1,,,,
,-0.028,40.037,G,15.1,0.9,0.9,60,,
,-0.004,1.961,G,14.5,0.8,0.4,27,,
,-0.022,22.699,G,12.6,1.9,1.2,150,,
,0.013,2.432,G,13.5,1.0,0.8,150,,
,-0.047,48.959,G,12.9,1.6,0.8,170,,
,0.051,-55.020,G,11.7,1.9,1.6,107,,
,-0.012,5.440,G,13.0,2.6,1.5,54,,
,0.048,-55.857,G,12.0,2.6,1.2,67,,
,-0.131,115.661,G,14.3,1.4,1.0,62,,
,0.082,-38.024,G,13.5,0.9,0.8,49,,
,-0.019,18.289,G,12.2,2.3,0.5,134,,
,0.040,-44.501,G,13.7,1.1,0.3,6,,
,-0.021,30.844,G,14.0,2.3,0.7,135,,
,0.002,13.156,G,11.2,3.6,1.6,46,,
,0.024,-23.990,G,14.7,0.9,0.7,136,,
,-0.035,32.453,G,11.4,3.0,1.6,2,,
,0.051,-52.565,GTrpl,,1.6,,,,
,0.010,-5.369,G,15.3,1.0,0.7,21,,
,-0.001,8.314,G,14.3,0.9,0.6,2,,
,-0.016,40.369,G,14.3,0.7,0.2,136,,
,0.002,-0.008,G,15.0,0.6,0.5,95,,
,0.016,-12.119,G,12.7,1.4,1.1,101,,
,0.007,-6.635,G,14.7,1.1,0.9,20,,
,-0.003,6.595,G,14.9,0.8,0.7,80,,
,-0.020,17.973,G,11.7,2.4,1.4,103,,
,0.079,-99.495,G,11.8,4.1,1.9,86,,
,-0.068,93.761,G,11.8,3.7,0.9,86,,
,0.036,-46.451,G,12.5,3.2,1.0,145,,
,0.003,-2.690,G,12.4,1.9,1.4,101,,
,0.007,3.809,G,13.4,0.9,0.6,36,,
,-0.035,45.175,G,14.3,1.6,1.1,50,,
,0.057,-75.123,GCl,10.9,3.3,,,,
,-0.037,63.106,G,12.9,1.0,0.5,139,,
,-0.007,5.260,G,13.9,1.2,0.8,42,,
,-0.007,-0.142,G,14.7,1.0,0.6,26,,
,0.012,-3.232,G,14.0,1.7,0.7,61,,
,0.024,-7.988,G,15.7,0.6,0.6,40,,
,-0.028,18.079,G,15.1,1.0,0.6,37,,
,0.036,-43.182,G,11.2,2.0,1.6,4,,
,-0.004,15.144,G,14.3,1.2,0.9,137,,
,-0.002,9.936,G,14.4,1.5,0.4,103,,
,-0.009,10.014,G,13.8,1.6,0.6,177,,
,0.026,-41.175,G,14.0,1.4,0.6,77,,
1,-0.039,52.280,G,13.2,2.4,0.6,33,,
2,0.029,-31.518,G,13.0,1.4,1.0,174,,
,0.002,-0.053,G,15.1,1.0,0.5,71,,
,-0.161,58.873,G,15.2,0.7,0.7,110,,
,0.175,-79.153,G,11.3,2.5,1.7,11,,
,-0.033,46.927,G,14.1,2.8,0.5,82,,
,0.088,-104.215,OCl,9.8,3.6,,,,
,-0.040,40.100,G,13.5,1.6,1.2,89,,
,-0.041,64.140,G,15.2,1.0,0.6,33,,
,0.035,-43.198,G,14.3,1.5,1.1,96,,
,0.003,-3.783,G,13.4,3.1,1.3,99,,
,-0.039,51.133,G,14.4,1.9,1.2,132,,
,0.005,-4.141,G,14.4,0.3,0.3,147,,
,0.000,-0.008,G,15.4,0.7,0.6,114,,
,0.001,0.024,G,16.6,0.6,0.2,180,,
1,0.034,-44.503,G,14.4,0.9,0.6,31,,
,0.033,-20.632,G,14.0,1.2,0.9,151,,
,-0.042,52.434,G,13.7,0.8,0.3,141,,
,0.033,-51.242,G,11.5,3.2,1.9,15,,
,-0.005,8.244,G,13.0,2.5,0.6,175,,
,-0.038,51.751,G,14.4,2.0,0.4,89,,
,0.005,0.038,G,14.1,1.5,0.4,115,,
,0.008,-4.142,G,14.3,1.2,0.7,42,,
,0.036,-38.989,G,14.7,1.0,0.3,29,,
,0.040,-20.519,G,13.8,1.4,0.9,45,,
,-0.044,49.596,G,13.4,2.0,1.5,51,,
,0.016,-17.523,G,14.7,1.0,0.6,97,,
,-0.005,7.677,G,14.6,1.1,0.8,177,,
,0.012,-17.276,G,14.6,0.9,0.5,71,,
,-0.024,40.238,G,13.3,1.8,1.3,44,,
,0.032,-40.162,G,11.9,2.7,1.3,165,,
,0.024,-13.594,G,14.6,1.1,1.0,145,,
,-0.004,0.104,G,13.9,1.2,0.9,72,,
,-0.007,-9.103,G,13.9,1.3,0.5,92,,
,0.024,2.400,G,14.3,1.1,0.7,97,,
,-0.026,4.567,GTrpl,14.0,1.6,0.8,79,,
,-0.002,15.901,G,10.6,7.2,1.1,172,,
,-0.010,10.175,GPair,,1.3,,,,
,0.012,9.786,G,15.3,1.0,0.6,150,,
,0.064,-76.414,OCl,8.8,7.2,,,,
,-0.045,54.275,G,11.7,2.6,1.4,70,,
,-0.040,53.624,G,13.8,1.3,0.7,53,,
,0.024,-14.672,G,15.2,0.8,0.2,122,,
,0.001,0.077,G,16.0,0.5,0.4,156,,
,0.000,-0.075,G,14.0,1.3,1.1,96,,
,0.002,0.049,G,14.9,0.5,0.3,103,,
,0.036,-53.634,G,12.3,3.0,1.1,52,,
,0.003,-4.225,G,13.6,2.1,1.4,178,,
,-0.012,32.747,G,13.7,1.1,0.8,84,,
,0.003,-0.210,GPair,14.9,1.1,0.5,138,,
,0.008,5.044,G,14.2,1.6,0.7,95,,
,0.024,-38.878,G,12.5,1.8,1.4,85,,
,-0.007,32.833,G,14.2,1.3,1.0,141,,
,0.004,0.033,G,15.4,0.6,0.6,90,,
,0.076,-65.161,OCl,12.6,4.2,,,,
,-0.044,57.788,GPair,,1.2,,,,
,0.038,-26.511,G,14.2,1.0,0.6,145,,
,-0.060,68.770,G,14.8,0.9,0.7,160,,
,0.043,-49.906,G,13.6,1.3,1.0,111,,
,0.009,10.462,G,14.9,1.0,0.8,102,,
,0.010,-3.972,G,12.3,1.1,0.9,105,,
,-0.017,25.885,G,14.8,0.9,0.8,168,,
,-0.010,10.754,G,13.7,1.4,0.5,32,,
,0.014,-10.792,G,14.6,0.9,0.9,30,,
,0.020,-26.224,G,12.2,1.7,1.1,123,,
,0.004,-0.039,G,11.4,3.7,0.8,148,,
,0.010,-0.578,G,14.6,1.2,0.8,121,,
,-0.054,56.012,G,14.0,3.0,0.4,145,,
,0.054,-40.336,G,13.9,1.2,0.8,11,,
,-0.040,37.257,G,15.5,0.7,0.7,50,,
,0.037,-26.959,G,14.0,0.7,0.5,124,,
,0.039,-46.184,G,13.8,1.3,0.7,20,,
,-0.013,29.106,G,14.8,0.9,0.8,153,,
,-0.041,40.214,G,13.8,2.5,1.5,176,,
,0.014,-9.518,G,13.7,1.5,1.4,65,,
1,0.077,-84.571,G,11.9,2.4,1.3,79,,
,-0.061,84.520,G,13.9,1.1,1.0,85,,
,-0.033,9.537,G,15.6,0.7,0.6,33,,
,0.055,-21.810,G,13.8,1.1,1.0,92,,
,0.017,-21.949,G,14.8,1.2,0.8,73,,
,0.020,-27.552,G,11.8,2.7,1.4,172,,
,-0.007,18.176,G,11.3,3.5,1.4,88,,
,0.017,-15.602,G,13.2,1.9,0.7,148,,
,-0.058,66.419,G,14.3,1.1,0.9,143,,
,0.007,-0.326,G,14.7,0.8,0.3,63,,
,0.051,-66.024,G,11.6,2.6,2.2,90,,
,-0.050,66.320,G,13.5,1.6,1.0,108,,
,0.021,-19.727,G,13.4,1.2,0.8,46,,
,0.132,-102.402,G,14.0,1.2,1.1,135,,
,-0.063,20.514,OCl,,4.5,,,,
,-0.023,38.015,G,15.9,0.7,0.5,40,,
,0.001,-0.015,G,15.3,1.3,0.8,101,,
,0.002,0.024,G,15.8,0.7,0.5,111,,
,-0.058,63.564,G,15.9,1.2,1.1,5,,
,0.001,-0.041,GPair,,0.7,,,,
,0.047,-47.737,G,11.7,3.0,1.6,172,,
,-0.070,62.012,G,15.2,0.8,0.7,83,,
,-0.029,9.229,G,14.2,0.9,0.8,88,,
,0.114,-87.297,G,14.4,1.6,0.6,150,,
,0.030,-3.703,G,14.0,1.0,0.5,17,,
,-0.038,19.492,GPair,14.8,1.0,0.9,96,,
,0.008,-9.081,G,11.2,2.7,2.3,73,,
,0.005,9.159,G,10.5,4.1,2.7,143,,
,0.003,-0.065,G,14.5,0.8,0.6,40,,
,-0.015,-18.471,G,14.4,0.8,0.3,5,,
,-0.007,0.740,G,15.6,0.9,0.7,103,,
,-0.006,-0.086,G,15.4,1.0,0.8,15,,
,-0.012,66.001,G,14.8,1.0,0.8,152,,
1,-0.005,4.065,G,12.2,1.7,1.1,94,,
,0.005,0.037,G,14.7,1.5,0.8,146,,
,0.090,-108.319,OCl,6.5,18.0,,,,
,0.019,-1.208,OCl,7.9,3.9,,,,
,-0.026,22.536,GCl,9.6,5.1,,,,
1,0.043,88.547,G,15.1,1.4,1.0,26,,
,-0.077,-29.514,G,13.7,1.0,0.8,131,,
,-0.019,24.029,G,14.3,0.8,0.3,46,,
,0.032,-26.660,G,13.5,1.4,1.1,41,,
,-0.014,24.541,G,15.0,0.9,0.5,172,,
,0.038,-46.655,G,11.5,2.2,2.0,130,,
,-0.106,70.462,G,12.3,1.9,0.8,42,,
,0.235,-144.541,G,11.9,3.1,1.0,129,,
1,-0.158,121.737,G,15.5,1.1,0.8,163,,
,-0.048,25.015,G,14.8,1.2,0.9,38,,
,0.086,-61.260,G,14.4,1.0,0.6,23,,
,0.013,-10.534,G,10.8,3.9,1.3,40,,
,-0.000,-0.464,G,12.2,1.4,1.3,103,,
1,0.019,0.370,G,14.5,1.2,0.5,150,,
,-0.029,19.064,G,15.3,0.5,0.5,50,,
,0.043,-57.396,G,13.1,2.0,1.2,68,,
,0.054,-28.347,PN,13.2,0.9,,,,
,-0.078,66.308,G,11.4,1.0,0.7,152,,
,0.008,-0.028,G,10.2,4.3,4.0,35,,
,-0.002,4.774,G,15.2,0.7,0.5,153,,
1,0.008,-20.952,G,15.7,1.1,0.8,35,,
,0.005,16.116,G,11.0,3.4,2.4,119,,
,-0.004,11.315,G,15.0,1.1,0.4,44,,
,0.001,-0.012,G,14.6,1.1,0.7,127,,
,-0.018,26.675,G,14.6,1.1,0.7,140,,
,0.032,-36.953,G,11.8,3.0,0.7,55,,
,0.000,1.415,G,15.3,0.8,0.6,62,,
1,-0.006,15.614,G,13.1,1.1,0.6,137,,
,0.023,-30.806,G,14.1,2.2,1.2,140,,
,-0.021,30.790,G,12.4,2.5,0.6,134,,
,-0.017,23.059,GPair,,0.8,,,,
,0.045,-53.963,G,11.7,2.8,1.1,149,,
,-0.053,66.896,G,15.6,0.8,0.5,35,,
,0.079,-74.005,G,13.2,1.4,1.2,27,,
,-0.021,21.484,G,12.7,2.5,0.8,67,,
,0.005,-2.523,G,14.8,1.2,1.0,165,,
,-0.056,55.233,G,9.9,6.3,2.7,126,,
,-0.001,-0.031,G,16.8,0.4,0.4,58,,
1,0.057,-55.262,G,12.2,2.2,1.4,114,,
2,0.018,-11.950,G,14.2,1.8,1.0,10,,
,0.032,-26.646,PN,11.0,0.1,,,,
,-0.083,92.879,G,12.5,2.4,1.6,51,,
,0.023,-2.225,G,13.3,2.4,1.1,143,,
,0.005,1.979,G,13.7,2.5,1.2,48,,
1,0.070,-68.777,G,11.7,3.3,1.2,6,,
,-0.066,71.270,G,11.5,3.8,1.4,1,,
,0.087,-71.579,G,15.0,0.9,0.7,145,,
,-0.144,77.560,G,14.1,0.8,0.6,61,,
,0.175,-108.630,PN,10.2,0.2,,,,
,-0.028,31.032,G,14.5,1.3,0.8,122,,
1,-0.002,4.531,G,11.7,3.1,2.6,58,,
,-0.038,51.320,G,14.9,0.9,0.6,92,,
,0.033,-40.080,G,14.9,1.4,1.1,166,,
,-0.027,40.111,G,14.2,1.3,0.8,157,,
,0.002,0.063,G,15.9,0.7,0.3,40,,
,0.077,-58.917,G,14.2,1.6,1.1,85,,
,-0.028,6.095,G,14.6,0.8,0.5,140,,
,-0.040,-3.970,G,12.2,3.0,2.4,165,,
,-0.004,57.423,G,14.1,1.1,1.0,20,,
,-0.031,17.850,G,13.2,3.0,0.5,14,,
,0.036,-17.801,G,15.2,0.9,0.2,23,,
,-0.000,0.016,G,15.4,0.3,0.3,65,,
,0.059,-63.034,GCl,8.5,9.9,,,,
,0.014,-3.088,G,11.4,2.7,2.4,51,,
,-0.053,66.148,G,12.3,2.1,0.8,21,,
,0.000,0.159,G,13.4,1.5,0.5,130,,
1,-0.011,8.121,G,14.7,1.3,1.1,100,,
,0.070,-74.399,G,11.3,3.0,2.2,164,,
,-0.001,26.152,GCl,6.0,15.0,,,,
,-0.053,53.434,G,12.5,3.2,2.6,131,,
1,0.009,0.812,G,10.4,11.3,1.8,156,,
,0.014,-0.920,G,11.9,3.4,1.6,153,,
,-0.088,19.975,G,13.6,1.0,0.6,53,,
,0.133,-54.489,GTrpl,,1.1,,,,
,0.014,-17.377,G,14.6,1.1,0.7,44,,
,-0.143,71.867,G,13.0,1.0,0.9,100,,
,0.154,-77.963,G,14.2,1.9,0.8,173,,
,-0.037,44.443,G,14.5,0.9,0.4,156,,
,0.047,-54.957,G,12.4,1.7,1.2,125,,
,0.002,-0.077,G,13.5,3.1,0.7,21,,
,-0.002,5.792,G,13.8,1.7,1.1,90,,
,-0.035,53.257,G,13.9,2.0,0.8,85,,
,0.036,-38.161,G,14.4,1.0,0.6,103,,
,0.004,-0.010,G,13.8,1.3,0.7,100,,
,0.002,-2.638,G,11.0,3.0,2.0,137,,
1,-0.012,36.655,G,13.1,1.3,1.2,45,,
,0.013,-10.493,G,15.3,0.7,0.3,16,,
,0.090,-85.762,OCl,8.4,4.8,,,,
,-0.067,67.244,G,14.7,0.9,0.9,20,,
,0.077,-63.388,GCl,8.9,6.6,,,,
,-0.033,68.747,G,13.7,1.6,1.1,103,,
,0.001,23.597,G,14.0,0.9,0.8,45,,
,0.001,0.005,G,12.5,1.9,0.8,173,,
,0.056,-34.103,G,14.5,1.6,0.9,40,,
,-0.045,41.042,G,14.8,1.1,1.1,160,,
,0.003,-0.002,G,15.6,0.8,0.6,26,,
,0.020,-5.683,G,14.4,0.6,0.3,5,,
,0.001,0.014,G,14.8,0.8,0.4,37,,
,0.029,-29.955,G,12.5,1.2,1.1,60,,
,0.013,-15.818,G,13.1,1.9,1.1,175,,
,0.094,-64.031,G,11.5,2.3,1.6,15,,
,-0.194,135.591,G,13.7,0.8,0.4,33,,
,0.109,-61.273,G,14.9,0.8,0.7,170,,
,0.006,-0.119,G,14.9,0.9,0.7,55,,
,-0.001,-0.027,G,15.3,0.7,0.7,80,,
,-0.031,35.466,G,14.4,1.2,1.1,170,,
,0.034,-35.470,G,15.9,0.9,0.2,112,,
,-0.034,35.611,G,14.2,1.7,0.7,20,,
,0.095,-93.579,GCl,10.7,3.6,,,,
,-0.081,93.377,G,14.6,1.2,0.8,45,,
1,-0.043,22.046,G,12.8,1.8,0.8,148,,
,0.058,-24.333,G,14.6,1.2,0.6,38,,
,0.037,-25.423,G,13.7,3.0,0.7,4,,
,0.020,-10.048,G,15.8,0.6,0.4,131,,
,-0.006,10.235,G,12.4,1.5,1.1,50,,
,0.000,0.006,G,12.8,1.0,0.5,19,,
,0.011,-10.137,G,15.2,0.7,0.5,31,,
,-0.004,6.687,G,13.3,1.5,1.5,30,,
,0.007,0.298,G,12.2,2.4,2.3,95,,
,-0.010,16.607,G,13.2,1.1,1.0,175,,
,0.043,-45.251,G,14.8,2.1,1.4,1,,
,-0.018,22.261,G,14.9,0.9,0.7,99,,
,-0.017,25.199,G,13.8,0.8,0.3,103,,
,0.021,-14.256,G,11.5,2.5,1.6,108,,
,-0.051,39.952,G,12.1,3.1,2.5,58,,
,0.069,-50.586,G,11.8,3.4,2.6,147,,
,-0.060,50.712,G,11.8,5.1,0.8,52,,
,0.031,-16.917,G,12.2,1.5,1.0,88,,
,0.206,-115.442,G,12.2,2.4,1.6,90,,
,-0.138,45.120,G,12.2,2.3,2.1,20,,
,-0.085,87.004,G,15.2,0.8,0.7,160,,
,0.061,-44.264,G,11.6,2.8,1.9,88,,
,-0.048,44.275,G,14.7,1.2,0.5,132,,
,0.054,-39.436,G,14.3,0.7,0.6,10,,
,0.023,-25.627,G,15.2,0.9,0.3,138,,
,-0.020,40.361,G,14.2,0.6,0.3,111,,
,0.015,-10.289,G,14.6,0.9,0.2,171,,
,-0.053,37.927,G,14.8,1.0,0.3,125,,
,0.063,-42.270,G,15.2,0.9,0.8,80,,
,0.032,-30.362,G,15.6,0.8,0.7,135,,
,0.087,-47.984,PN,11.5,0.1,,,,
,-0.103,77.006,G,13.2,1.6,0.5,14,,
,-0.060,43.604,G,12.9,2.7,0.4,139,,
,0.012,-0.036,G,11.1,3.1,2.0,110,,
,0.069,-51.115,G,15.0,1.0,0.9,55,,
,0.002,5.990,G,13.3,2.5,0.6,144,,
,-0.055,45.101,G,11.8,4.0,2.0,15,,
,0.108,-97.118,GCl,6.9,5.4,,,,
,-0.102,95.866,G,11.7,3.8,1.3,60,,
,0.077,-47.787,G,15.0,1.1,0.8,110,,
,-0.051,49.462,G,13.6,0.9,0.8,130,,
,0.079,-57.340,G,13.3,1.6,0.9,107,,
,-0.016,22.216,G,14.4,1.0,0.8,129,,
,-0.016,16.455,G,14.0,0.7,0.5,156,,
,0.002,0.035,G,13.5,0.9,0.6,140,,
,0.040,-23.248,G,15.6,0.6,0.3,93,,
,0.026,-31.631,G,13.7,1.0,0.8,147,,
,-0.024,31.642,G,12.8,1.5,0.7,1,,
,0.008,-9.563,G,15.6,0.7,0.3,87,,
,0.036,-36.899,OCl,,5.4,,,,
,0.042,-27.895,OCl,9.0,3.3,,,,
,-0.039,27.086,G,13.0,1.9,1.7,159,,
,-0.034,58.029,G,14.3,1.1,0.9,163,,
1,0.028,-9.610,G,13.4,1.0,0.9,101,,
,0.016,-0.093,G,13.4,1.9,1.5,95,,
,0.090,-76.376,OCl,10.7,4.2,,,,
,-0.046,69.442,G,15.5,0.7,0.4,157,,
,0.006,-0.046,G,13.2,1.6,1.2,53,,
,-0.008,9.142,G,14.1,1.2,0.9,94,,
,0.008,-9.042,G,15.6,0.7,0.3,167,,
,0.015,-11.516,G,13.2,1.8,0.4,100,,
,-0.129,71.626,G,14.4,1.8,0.5,108,,
,0.128,-57.568,G,12.0,1.8,1.3,164,,
,-0.023,26.046,G,13.6,1.4,0.8,174,,
,0.052,-34.715,G,13.7,1.8,1.4,20,,
,-0.076,56.378,G,11.2,5.8,2.6,28,,
,0.075,-35.343,G,15.0,1.0,0.5,25,,
,0.022,-20.969,G,13.8,0.8,0.8,140,,
,0.004,9.875,G,13.4,1.3,0.6,67,,
,-0.089,48.968,G,15.7,0.4,0.4,135,,
,0.083,-42.436,G,12.7,1.7,1.1,136,,
,0.007,-6.449,G,13.0,1.6,0.9,158,,
,0.004,0.326,G,14.7,0.8,0.6,62,,
,0.001,0.028,G,13.1,1.6,1.2,67,,
,-0.078,48.608,G,15.0,1.0,0.7,130,,
,0.169,-125.349,OCl,5.1,11.4,,,,
,-0.033,25.887,PN,12.9,0.7,,,,
,-0.035,55.307,G,15.3,1.6,1.0,18,,
,0.038,-1.403,G,13.5,1.3,1.2,54,,
,0.008,-6.786,G,15.8,0.8,0.5,14,,
,-0.002,5.384,G,12.9,1.3,0.9,43,,
,0.095,-71.973,OCl,8.5,4.8,,,,
,-0.076,74.971,G,13.6,0.8,0.5,1,,
,0.024,-23.077,G,14.9,1.0,0.9,144,,
,-0.015,19.320,G,13.5,1.1,0.8,64,,
,-0.002,3.692,G,13.5,1.0,0.8,137,,
,0.018,-17.023,G,13.9,1.0,0.4,146,,
,-0.000,-0.053,G,15.3,0.8,0.7,64,,
,-0.030,33.545,G,14.3,1.2,1.1,63,,
,0.033,-19.659,G,14.1,1.0,0.8,46,,
,-0.004,0.044,GPair,14.6,1.4,0.4,47,,
,0.002,-0.026,GPair,14.9,1.5,1.2,44,,
1,0.008,0.055,GPair,15.4,0.7,0.5,35,,
,-0.001,0.096,G,14.3,0.7,0.6,150,,
,0.003,-0.112,G,14.0,1.4,0.3,78,,
1,-0.000,-0.028,G,13.5,1.2,0.7,117,,
,-0.128,52.959,G,13.5,1.9,1.3,137,,
1,0.132,-52.932,G,14.7,0.9,0.6,114,,
,-0.008,6.176,G,13.0,2.7,0.8,166,,
,0.005,-3.391,GPair,,1.2,,,,
1,0.007,-2.774,G,14.2,0.8,0.5,71,,
,0.000,0.396,G,14.6,0.7,0.5,135,,
,-0.002,-0.200,G,13.9,1.0,0.6,56,,
,0.000,0.196,G,13.8,1.2,0.7,41,,
,-0.018,22.523,PN,12.9,0.4,,,,
1,0.024,-19.198,G,14.1,1.9,1.0,103,,
,0.006,-3.235,G,13.6,1.1,0.9,94,,
,0.002,1.528,G,13.7,1.2,0.8,21,,
,0.014,-11.799,G,13.9,1.6,0.8,157,,
1,0.003,5.909,G,14.9,1.0,0.9,150,,
,0.003,0.056,G,15.1,1.0,0.8,112,,
,0.094,-68.163,OCl,5.6,8.1,,,,
,-0.296,133.216,G,12.3,1.3,0.8,158,,
,0.204,-40.066,G,15.1,1.1,1.0,140,,
,0.038,-38.222,G,11.8,3.5,1.8,63,,
,-0.131,69.708,G,14.7,0.8,0.6,105,,
,0.181,-106.647,PN,11.7,1.2,,,,
,-0.046,52.930,G,13.6,1.3,0.7,127,,
,0.018,-2.443,GPair,,0.8,,,,
,0.002,9.708,G,14.9,1.0,0.8,93,,
,-0.003,2.908,GPair,,0.8,,,,
,0.000,0.050,G,14.8,1.2,1.1,45,,
,0.015,-12.714,G,14.4,0.9,0.5,15,,
,-0.127,55.457,G,13.9,1.4,0.9,150,,
,0.141,-67.487,GPair,,1.3,,,,
,-0.000,7.688,G,14.3,1.6,0.6,131,,
1,0.004,4.318,G,15.4,0.8,0.6,33,,
,0.018,3.572,G,13.9,1.2,0.8,29,,
,-0.028,11.608,G,14.5,1.3,1.1,161,,
,-0.000,0.120,G,12.8,1.9,1.2,2,,
,0.104,-87.420,OCl,5.4,10.2,,,S Nor Cluster,
,-0.135,115.399,GPair,,1.1,,,,
,0.032,-24.428,GPair,,1.1,,,,
,-0.016,19.421,GPair,,0.8,,,,
,-0.064,17.448,G,14.8,0.9,0.7,113,,
1,0.153,-92.880,GCl,7.3,5.7,,,,
,-0.175,95.469,G,14.4,1.9,1.4,113,,
,0.077,-11.226,G,12.7,1.9,1.2,154,,
,0.060,-34.709,G,15.4,1.0,0.5,124,,
,-0.005,8.550,G,14.7,1.1,0.6,159,,
,0.018,-15.647,G,14.4,1.6,1.1,154,,
,0.001,-0.009,G,14.9,1.4,1.0,139,,
,0.021,-18.612,G,14.6,1.4,1.0,112,,
,0.149,-73.043,GCl,10.1,4.5,,,,
,-0.170,100.361,G,15.3,0.8,0.6,68,,
,0.002,3.805,G,14.4,0.7,0.5,77,,
,0.013,3.744,G,13.6,0.9,0.7,62,,
,0.011,-0.829,G,15.5,0.7,0.6,110,,
,0.027,-27.468,G,12.2,2.2,1.2,139,,
,-0.024,27.491,G,13.8,1.6,1.0,36,,
,0.001,0.234,G,15.1,0.9,0.6,105,,
,0.005,-0.132,G,12.8,1.0,1.0,85,,
,0.001,0.083,G,15.6,0.7,0.3,105,,
,-0.056,28.174,GPair,15.2,0.8,0.7,12,,
,0.060,-28.151,G,14.9,0.8,0.7,135,,
,0.020,-20.976,G,14.6,1.2,0.6,153,,
,-0.013,21.040,G,15.1,0.9,0.5,112,,
,0.100,-87.122,OCl,9.8,4.5,,,,
,-0.092,87.102,G,15.1,0.9,0.6,15,,
,0.007,1.941,G,14.6,1.1,0.9,84,,
,0.042,-39.378,G,11.7,4.5,1.8,59,,
,-0.036,40.089,G,15.4,0.6,0.5,73,,
,0.002,-0.032,G,14.3,0.5,0.4,35,,
,0.063,-64.300,GCl,5.4,28.2,,,,
,-0.057,64.324,G,15.5,1.1,0.2,160,,
,-0.047,24.141,G,14.4,0.9,0.3,4,,
,0.133,-102.593,OCl,5.8,13.5,,,,
,-0.102,98.638,G,12.0,1.4,1.4,40,,
,0.038,-21.607,G,13.6,0.9,0.8,22,,
2,0.004,1.619,G,14.7,0.9,0.8,120,,
,-0.036,19.619,G,14.2,1.2,0.8,32,,
,0.039,-18.683,G,13.3,1.1,1.0,25,,
,0.029,-27.146,G,14.7,1.3,0.4,127,,
1,0.069,-60.937,OCl,7.2,6.9,,,,
,-0.223,114.134,G,14.7,1.0,0.3,45,,
,0.110,-9.012,G,15.4,0.9,0.5,94,,
,0.034,-18.049,G,12.4,1.8,0.9,180,,
1,0.077,-76.772,GCl,9.7,4.5,,,,
,-0.112,104.241,G,11.7,2.1,1.8,83,,
,0.036,-24.533,G,15.6,0.4,0.3,150,,
,0.004,-3.600,G,14.7,1.5,0.5,165,,
,-0.027,17.828,G,13.9,1.1,1.0,175,,
,0.092,-81.111,GCl,9.6,5.4,,,,
,-0.037,66.972,G,14.9,1.0,0.5,2,,
,0.003,-0.054,G,12.5,1.7,1.3,83,,
,-0.002,0.036,G,15.4,0.6,0.5,50,,
,0.033,-16.836,G,16.8,0.4,0.2,54,,
,0.006,-4.496,G,14.6,1.2,0.4,18,,
,-0.026,20.892,G,14.5,1.6,0.8,74,,
1,0.115,-93.133,OCl,8.1,6.6,,,,
,-0.021,12.391,PN,10.9,0.4,,,,
,-0.100,90.093,G,13.9,1.4,1.0,150,,
,0.011,-1.473,G,13.1,1.3,0.8,147,,
,0.145,-108.986,G,12.0,1.9,1.6,149,,
,-0.151,115.980,G,15.3,0.9,0.7,19,,
,0.031,-15.978,G,13.7,1.2,1.0,81,,
,-0.004,3.297,G,14.3,1.5,1.0,126,,
,0.004,-1.753,G,14.2,1.8,1.2,72,,
,0.011,-8.116,G,15.6,0.7,0.3,153,,
,0.001,0.038,G,14.6,1.1,0.7,49,,
,0.001,-0.003,G,15.3,0.9,0.6,24,,
,0.088,-80.926,Neb,6.7,1.4,0.6,,,
,0.006,-0.070,Neb,6.7,2.5,0.5,,,
,-0.091,87.702,G,11.9,2.1,1.5,35,,
,0.099,-89.324,OCl,6.7,7.2,,,,
,-0.053,69.957,G,14.6,1.6,0.5,111,,
,0.045,-64.231,OCl,6.6,4.2,,,,
,-0.108,103.609,G,14.8,0.8,0.7,85,,
,0.082,-72.617,GCl,8.8,7.8,,,,
,-0.172,11.539,G,14.2,0.9,0.9,80,,
,0.126,42.327,G,12.1,2.0,1.4,145,,
,0.001,0.060,GPair,,0.9,,,,
,0.002,-0.243,GPair,,1.5,,,,
1,0.012,-5.573,G,14.6,1.6,1.1,19,,
,0.085,-80.700,OCl,7.2,6.9,,,,
,-0.083,80.746,G,16.0,0.4,0.3,24,,
,-0.004,5.437,G,14.7,1.1,0.8,22,,
,0.030,-20.712,G,11.8,2.4,1.0,177,,
,-0.046,35.691,G,14.5,1.5,0.6,144,,
,0.202,-124.890,G,14.1,2.4,0.8,37,,
,-0.169,109.938,G,14.9,0.9,0.6,121,,
,0.029,-5.224,G,14.4,1.5,0.8,3,,
,0.019,-13.801,G,14.2,1.6,0.7,59,,
,-0.047,36.166,G,15.3,0.8,0.6,140,,
,0.141,-106.369,Neb,,20.0,12.0,,Rim Nebula,
,-0.140,108.288,G,13.2,1.5,0.8,27,,
,0.007,-1.187,G,13.1,1.4,1.0,77,,
,-0.343,0.347,G,14.8,1.3,0.5,180,,
,0.481,-102.153,OCl,8.5,7.5,,,,
,0.016,-5.396,OCl,,8.1,,,,
,-0.079,84.963,G,14.4,0.9,0.7,112,,
,-0.001,2.828,G,13.2,1.4,1.0,41,,
,0.023,-2.955,G,12.9,1.1,0.8,140,,
,0.001,-0.077,G,15.2,0.8,0.4,38,,
,-0.041,21.491,G,15.0,0.9,0.6,92,,
1,0.143,-104.950,OCl,7.4,8.1,,,,
,-0.064,71.228,G,15.3,0.6,0.5,50,,
,0.052,38.219,G,13.8,0.7,0.4,69,,
,-0.049,-38.209,G,15.3,1.1,1.1,0,,
,0.095,-70.792,OCl,8.2,4.5,,,,
,-0.074,83.478,GCl,5.8,16.5,,,Hercules Globular Cluster,
,-0.026,22.156,G,14.5,0.7,0.6,94,,
,0.049,-21.785,G,11.6,3.5,1.6,17,,
,0.106,-90.560,OCl,7.2,8.4,,,,
,0.092,-18.859,G,13.2,2.1,1.5,14,,
,-0.174,96.387,PN,9.7,0.5,,,,
,-0.051,33.984,G,14.3,1.3,0.9,95,,
,0.032,-17.978,G,15.0,0.9,0.8,84,,
,-0.029,18.009,G,15.7,0.7,0.3,62,,
,-0.035,8.225,G,14.2,1.0,0.8,156,,
,0.193,-125.033,G,11.2,2.6,2.3,83,,
,-0.029,14.261,OCl,10.1,4.2,,,,
,-0.279,122.930,G,12.8,2.2,1.6,155,,
,0.243,-80.146,GCl,6.1,11.1,,,,
,-0.014,10.986,G,15.1,0.8,0.7,158,,
,0.014,-9.313,G,15.2,1.5,1.0,134,,
,0.092,-58.944,G,10.5,4.8,3.1,1,,
1,-0.161,120.798,G,13.0,3.2,2.3,90,,
,0.087,-55.267,G,14.9,1.1,1.0,140,,
,0.001,-0.089,G,14.9,1.2,0.8,149,,
2,-0.005,19.991,G,15.3,0.9,0.4,133,,
,-0.018,21.314,GCl,9.9,4.8,,,,
,0.063,-42.923,GPair,,1.7,,,,
,0.057,-46.429,OCl,2.6,13.8,,,,
,-0.181,112.457,G,13.4,1.5,1.2,176,,
,0.116,-47.053,G,14.6,1.5,0.7,28,,
,0.028,-19.196,G,15.3,0.7,0.7,39,,
,0.024,-26.561,GCl,7.2,4.2,,,,
,-0.147,92.957,G,13.9,1.8,1.1,12,,
1,0.045,-8.633,G,14.5,0.7,0.4,16,,
,0.047,-19.407,G,12.4,2.3,1.1,113,,
,0.048,-40.339,G,13.3,2.2,1.0,12,,
,-0.047,43.020,G,14.8,0.5,0.4,80,,
,0.090,-84.882,OCl,6.4,6.6,,,,
,-0.052,62.794,G,14.8,1.2,0.6,152,,
,-0.073,38.867,G,14.2,1.5,0.3,139,,
1,0.030,-6.658,G,13.6,1.4,0.7,46,,
,-0.025,7.434,G,13.8,0.9,0.3,56,,
,-0.033,7.383,G,14.0,1.2,0.8,157,,
,0.189,-115.171,OCl,8.2,7.6,,,,
,0.004,-1.125,Cl+N,5.9,9.6,,,,
,-0.424,128.475,G,14.0,1.7,1.4,20,,
,0.003,0.039,G,15.3,0.8,0.4,63,,
,0.440,-135.286,OCl,10.2,6.0,,,,
,-0.033,48.610,GCl,5.0,9.3,,,,
,-0.039,40.600,G,12.9,3.1,1.4,95,,
,0.079,-73.622,GCl,,4.2,,,,
,-0.058,76.767,G,15.6,0.9,0.3,122,,
,-0.059,20.869,G,14.5,0.9,0.7,65,,
,0.138,-105.170,OCl,8.0,6.0,,,,
,-0.149,108.370,G,14.7,0.9,0.8,130,,
,0.078,-35.737,G,15.2,1.1,0.4,85,,
,0.037,29.120,G,14.6,0.8,0.3,77,,
,-0.034,-29.276,G,14.7,1.1,0.3,109,,
,0.009,0.028,G,15.4,0.8,0.5,24,,
,0.004,-0.006,G,15.2,0.9,0.6,35,,
,0.062,-57.956,GCl,7.4,7.8,,,,
,-0.051,53.097,G,13.9,1.3,1.0,33,,
,0.067,-62.713,OCl,9.5,6.0,,,,
,-0.070,67.582,G,12.3,1.8,1.3,80,,
,0.013,0.005,G,15.6,0.7,0.5,93,,
,0.002,0.106,G,15.7,0.7,0.5,20,,
,0.002,-0.034,G,15.5,0.6,0.3,159,,
,0.061,-54.199,GCl,5.6,7.5,,,,
,-0.055,56.212,GPair,,1.2,,,,
,-0.063,33.298,G,17.4,0.8,0.5,146,,
,0.087,-40.198,G,15.1,0.6,0.6,130,,
1,0.001,-0.033,G,13.8,1.7,0.9,128,,
,-0.030,24.226,G,14.8,1.0,0.9,34,,
,0.049,-40.571,GPair,15.5,0.7,0.6,137,,
,0.045,-44.651,OCl,5.4,10.2,,,,
,-0.065,67.806,G,15.2,0.7,0.5,45,,
,-0.022,20.101,G,13.6,1.1,1.0,56,,
,0.084,-74.686,GCl,7.4,6.6,,,,
,-0.102,83.720,G,14.5,1.1,0.6,110,,
,0.002,-0.020,G,14.1,1.2,1.1,35,,
,0.111,-81.644,GCl,10.3,5.4,,,,
,-0.129,91.165,G,15.2,0.7,0.5,110,,
,0.005,0.058,G,15.4,1.1,0.8,14,,
,0.054,-9.544,G,13.6,1.0,0.9,135,,
,-0.000,-0.033,G,14.8,0.6,0.5,176,,
,0.035,2.106,G,14.3,1.3,0.6,102,,
,0.119,-87.626,GCl,9.0,4.5,,,,
1,-0.116,86.920,G,15.4,1.0,0.4,77,,
,0.092,-56.444,G,14.2,0.9,0.7,124,,
,-0.086,58.132,G,14.4,0.6,0.5,84,,
1,0.025,0.432,G,14.9,0.9,0.6,50,,
,0.198,-125.279,G,10.3,5.3,3.4,119,,
,-0.141,105.160,G,14.5,1.8,1.0,113,,
,0.087,-79.442,PN,9.6,0.7,,,Bug Nebula,
,-0.145,105.931,G,15.0,1.5,0.7,61,,
,0.158,-98.290,GCl,9.0,3.6,,,,
,0.058,-29.710,G,12.2,1.7,1.3,137,,
,-0.173,119.901,G,13.9,1.3,0.5,161,,
,0.001,0.022,G,13.6,1.4,1.0,153,,
,0.072,-37.371,G,14.2,1.2,0.9,156,,
,0.035,-36.291,PN,11.5,0.3,,,Box Nebula,
,-0.102,73.901,G,13.8,1.7,0.3,70,,
,0.046,-19.339,G,14.6,1.2,1.2,5,,
,0.001,0.637,G,15.0,0.9,0.7,5,,
,-0.008,6.044,G,14.7,1.4,0.5,156,,
,0.039,-25.062,G,13.1,1.4,0.7,174,,
,0.002,-0.046,G,13.3,0.8,0.6,5,,
,0.064,-51.364,GCl,9.0,4.8,,,,
,-0.127,91.038,G,15.0,1.0,0.6,44,,
,0.120,-102.323,OCl,11.8,3.3,,,,
,-0.108,102.398,G,14.3,1.2,1.1,170,,
,0.053,-22.706,G,14.8,1.3,0.8,98,,
,0.025,-19.953,G,14.4,1.0,0.9,95,,
,0.067,-63.248,OCl,6.0,6.3,,,,
,-0.085,86.716,G,14.7,1.2,0.6,175,,
,-0.132,31.625,G,13.4,1.0,0.5,74,,
,0.210,-99.173,GCl,11.5,4.0,,,,
,0.046,-27.988,PN,12.2,0.2,,,,
,-0.112,95.403,G,15.7,0.6,0.6,120,,
,0.161,-108.659,G,15.5,1.6,1.6,160,,
,-0.157,108.695,G,14.2,1.2,1.1,75,,
,0.024,-14.281,G,15.2,1.2,0.6,165,,
,-0.202,49.225,G,15.2,1.0,1.0,30,,
,0.191,-34.969,G,14.5,1.7,0.9,45,,
,0.069,-62.176,GCl,8.4,6.9,,,,
,0.027,-17.587,SNR,,8.4,,,,
1,-0.076,79.923,G,14.4,1.1,0.7,167,,
,0.100,-82.304,PN,12.3,0.8,,,,
,-0.115,95.895,G,12.4,1.7,1.0,16,,
,0.029,-16.566,G,13.8,1.9,1.2,170,,
,-0.111,31.459,G,11.1,3.0,2.9,155,,
,0.111,-29.167,GCl,6.5,14.4,,,,
,0.068,-62.724,GCl,10.0,6.6,,,,
,-0.065,60.640,G,14.5,1.2,0.9,130,,
1,-0.031,16.297,G,15.1,0.9,0.4,35,,
,-0.000,-0.027,G,15.0,0.9,0.6,94,,
,0.075,-40.662,G,13.4,1.2,0.6,98,,
,-0.026,24.987,G,15.3,0.8,0.6,118,,
,0.012,-5.587,G,15.2,1.1,0.2,80,,
,-0.006,5.633,G,14.2,1.2,1.0,89,,
,0.008,-5.633,GPair,,0.4,,,,
,0.105,-84.484,GCl,8.9,7.2,,,,
2,-0.025,22.070,GCl,11.1,2.7,,,,
,-0.007,8.540,GCl,7.4,5.4,,,,
,0.019,-16.388,Cl+N,,3.9,,,the War and Peace Nebula,
,-0.097,86.816,G,15.1,1.0,0.4,110,,
,-0.017,9.166,G,12.6,1.1,0.8,141,,
1,0.013,-1.173,G,13.8,2.1,0.6,52,,
,0.221,-127.656,GCl,8.9,8.4,,,,
,-0.154,108.150,G,14.6,1.0,0.8,145,,
,0.030,-11.712,G,14.4,1.4,1.1,7,,
,-0.029,32.780,GPair,,1.5,,,,
,0.083,-67.247,GCl,,13.8,,,,
,-0.043,42.837,G,14.9,1.0,0.8,161,,
,0.034,-26.216,G,13.6,3.4,0.8,43,,
,0.036,-35.303,PN,11.4,0.6,,,Little Ghost Nebula,
,-0.099,80.734,G,14.2,1.3,1.1,112,,
,0.066,-30.470,G,15.1,0.7,0.6,165,,
,0.003,-0.030,G,12.9,1.6,0.9,75,,
,-0.057,32.520,G,14.6,1.0,0.7,84,,
,0.176,-91.576,OCl,5.5,6.9,,,,
,-0.089,48.788,G,14.5,1.5,1.5,145,,
,-0.067,42.610,G,14.1,0.5,0.3,172,,
,0.001,0.006,G,14.8,0.6,0.3,64,,
,0.089,-52.541,G,15.0,1.1,0.8,2,,
,-0.002,10.007,G,12.9,1.0,0.8,36,,
,0.065,-55.359,GCl,,3.9,,,,
,-0.120,99.084,G,13.7,1.2,0.8,34,,
,0.010,-3.145,G,14.9,1.2,0.7,95,,
1,0.075,-49.809,G,10.6,2.5,1.1,20,,
,-0.073,50.462,G,14.1,1.1,1.1,70,,
,0.014,-4.799,G,15.2,1.0,1.0,75,,
,-0.008,4.822,G,16.8,0.3,0.1,63,,
,0.132,-102.281,GCl,7.4,8.4,,,,
,-0.061,61.138,G,12.1,1.2,0.9,135,,
,-0.070,43.692,G,14.5,0.9,0.5,11,,
,0.006,-1.243,G,14.8,0.8,0.5,87,,
,0.245,-128.636,G,12.3,1.9,1.7,60,,
,-0.223,129.317,G,15.8,0.4,0.4,126,,
,0.004,0.108,G,15.4,1.1,0.4,40,,
,-0.064,11.456,G,12.7,2.2,0.7,17,,
,0.185,-106.122,OCl,8.5,3.3,,,,
,0.051,-18.648,GCl,5.2,15.3,,,,
,0.034,-8.020,G,13.5,2.4,0.8,161,,
,-0.181,121.310,G,14.6,1.2,0.6,13,,
,0.139,-96.564,OCl,8.8,6.0,,,,
,-0.026,13.039,GCl,10.7,4.5,,,,
,-0.017,20.663,GCl,5.7,9.9,,,,
,0.096,-58.436,G,14.3,1.1,0.9,19,,
,-0.063,28.435,OCl,10.6,4.2,,,,
,0.012,0.993,OCl,4.2,15.6,,,Butterfly Cluster,
1,0.077,-28.486,G,13.0,2.5,1.9,56,,
,-0.103,79.618,G,14.4,1.6,1.3,155,,
,-0.036,31.888,G,14.6,0.7,0.6,55,,
1,-0.018,10.047,G,11.9,1.8,1.1,69,,
,-0.098,14.891,G,11.8,2.1,1.8,142,,
1,0.016,-1.328,G,15.7,1.0,0.5,141,,
1,0.229,-106.737,OCl,,6.9,,,,
,-0.042,56.033,G,14.3,1.4,1.2,27,,
,-0.061,35.043,G,14.5,0.7,0.5,171,,
,-0.034,9.441,G,15.3,1.0,0.2,131,,
,0.003,-0.104,G,15.4,1.0,0.6,62,,
1,0.003,0.007,G,15.0,1.2,0.9,58,,
,0.007,0.112,G,15.6,0.6,0.6,170,,
,-0.012,1.818,G,14.7,0.8,0.8,75,,
,0.181,-101.518,OCl,7.2,4.8,,,,
,-0.035,34.699,GCl,,5.7,,,,
,-0.022,22.324,G,14.5,1.6,0.5,36,,
1,0.008,-0.143,G,14.2,1.8,0.7,32,,
,0.019,-7.212,G,14.7,1.7,0.6,96,,
2,-0.022,18.661,G,14.0,1.9,0.5,162,,
,-0.118,35.289,G,13.2,2.1,0.9,95,,
,0.056,-9.447,G,14.9,0.9,0.6,7,,
,0.017,-2.192,G,14.8,1.0,0.6,168,,
1,0.685,-145.852,G,11.6,1.8,1.5,131,,
,-0.566,68.923,PN,12.6,0.1,,,,
,0.009,-3.881,GCl,10.1,5.1,,,,
,0.022,-16.691,GCl,8.0,4.8,,,,
,-0.056,57.812,G,14.4,1.4,1.0,135,,
,-0.038,27.353,G,14.7,1.1,0.5,127,,
,0.083,-82.934,OCl,,6.9,,,,
,-0.005,14.811,PN,11.2,0.6,,,Little Gem,
,-0.052,55.578,G,15.0,0.6,0.4,29,,
,0.002,0.003,G,13.0,1.4,0.7,150,,
1,-0.041,21.232,G,14.6,0.9,0.8,136,,
1,0.115,-87.016,OCl,8.2,7.2,,,,
,-0.045,51.050,G,15.1,0.7,0.6,10,,
,0.048,-55.438,GCl,10.5,5.4,,,,
,-0.099,90.305,G,13.5,1.4,1.1,180,,
1,-0.040,11.887,G,15.5,0.5,0.4,145,,
,0.006,-1.116,G,15.2,1.1,0.7,131,,
,0.105,-45.672,G,14.9,1.1,0.7,147,,
,-0.057,34.973,G,15.2,0.9,0.5,75,,
,0.062,-35.013,G,14.7,1.7,1.0,154,,
,-0.159,53.270,G,15.6,0.8,0.5,21,,
,0.081,-12.123,G,14.9,0.6,0.5,85,,
,-0.021,5.693,G,15.1,0.9,0.8,161,,
,0.037,-6.707,G,15.3,0.6,0.5,175,,
1,0.039,-9.498,G,14.8,0.7,0.4,120,,
,0.042,-33.861,G,14.8,1.4,0.8,76,,
1,0.043,-39.813,OCl,8.2,9.0,,,,
,-0.150,89.894,G,15.1,1.1,0.7,157,,
,0.001,-0.027,GPair,,1.2,,,,
,-0.004,0.038,G,16.3,0.7,0.5,10,,
,0.032,-10.373,G,15.3,0.9,0.7,40,,
,0.019,0.044,G,15.0,0.9,0.4,72,,
,0.113,-92.094,OCl,3.3,22.2,,,Ptolemy's Cluster,
1,-0.156,102.404,G,16.6,0.6,0.3,126,,
,0.069,-16.454,G,14.0,1.4,0.4,35,,
,-0.005,2.992,G,14.4,0.9,0.8,151,,
2,0.058,-31.077,G,11.3,2.0,1.7,68,,
,0.128,-86.741,G,12.0,1.8,1.5,117,,
,-0.129,88.152,G,13.3,1.7,0.9,77,,
,0.002,6.979,G,14.1,1.2,1.2,15,,
,0.011,-1.644,G,15.0,0.6,0.6,70,,
,0.002,0.021,G,12.0,1.8,1.6,20,,
,-0.056,32.384,G,14.8,0.7,0.2,82,,
,0.012,-2.131,G,16.2,0.5,0.4,32,,
,0.074,-41.716,G,14.7,1.0,0.8,112,,
,-0.074,43.156,G,14.4,1.2,0.5,37,,
,0.213,-127.963,G,11.9,2.4,1.4,79,,
,-0.207,127.990,G,15.4,1.1,1.0,25,,
,0.111,-80.544,OCl,5.5,16.8,,,,
,-0.037,37.312,G,13.9,1.4,1.1,75,,
,0.070,-62.593,GCl,10.0,4.6,,,,
,-0.129,103.737,G,14.2,1.4,0.7,110,,
2,0.078,-41.133,G,12.5,2.1,1.6,45,,
,0.001,0.035,G,13.1,1.7,1.5,15,,
,0.136,-83.783,G,13.6,1.4,1.2,45,,
,-0.246,135.554,G,10.1,5.9,2.0,123,,
,0.111,-36.936,G,13.3,1.9,0.4,95,,
,-0.083,32.323,G,15.3,1.1,0.8,149,,
,0.146,-90.216,OCl,,,,,,
,-0.001,7.235,OCl,9.6,4.8,,,,
,-0.167,89.471,G,14.0,1.3,1.1,23,,
,0.160,-65.734,G,13.3,1.4,1.2,104,,
,-0.079,54.531,G,14.3,0.8,0.5,15,,
1,0.003,1.827,G,14.7,0.8,0.7,36,,
,0.079,-37.764,G,14.6,1.1,0.8,32,,
,0.052,-47.853,Neb,8.5,28.0,28.0,,Trifid Nebula,
,-0.088,73.700,G,14.2,1.5,1.1,17,,
,-0.036,11.942,G,15.7,0.7,0.3,146,,
,0.110,-71.629,GCl,11.1,4.8,,,,
,-0.036,37.826,G,14.9,0.8,0.6,53,,
1,0.062,-56.753,OCl,7.6,5.4,,,,
,-0.127,90.498,G,13.9,1.6,1.0,157,,
,0.129,-92.646,GCl,9.5,3.9,,,,
,0.002,5.654,Neb,5.8,45.0,30.0,,Lagoon Nebula,
,-0.074,70.267,G,13.9,1.6,1.0,156,,
,0.048,-34.849,OCl,,5.4,,,,
,0.033,-35.480,Neb,,40.0,40.0,,,
,-0.038,44.171,G,14.9,1.5,1.1,146,,
,0.050,-49.785,GCl,10.7,3.6,,,,
1,-0.005,5.698,Cl+N,4.6,6.0,,,,
,-0.005,1.868,OCl,5.9,6.0,,,,
,-0.083,78.722,G,14.9,1.7,0.7,120,,
1,-0.051,8.052,G,15.4,0.9,0.5,17,,
,0.128,-64.581,GCl,9.8,3.6,,,,
,-0.109,65.235,G,14.2,1.1,0.9,125,,
,0.132,-84.781,PN,11.6,0.2,,,Red Spider Nebula,
,-0.182,93.267,G,14.1,0.9,0.5,50,,
,0.175,-81.010,GCl,,6.0,,,,
,0.022,-20.177,GCl,,4.1,,,,
,0.032,-15.953,GCl,7.3,7.5,,,,
,-0.140,105.075,G,13.9,1.4,0.4,97,,
,-0.018,5.274,PN,9.0,0.9,,,Cat's Eye Nebula,
,0.146,-91.631,GCl,9.9,6.0,,,,
,0.082,-38.778,G,14.2,1.1,1.0,151,,
,-0.081,40.480,OCl,8.0,6.9,,,,
,-0.037,48.529,G,14.2,1.6,0.6,134,,
,0.014,-6.646,G,11.7,2.6,2.4,155,,
,-0.003,-0.049,G,14.7,1.2,0.3,52,,
2,-0.095,48.077,G,14.6,1.1,0.7,103,,
,0.153,-92.523,GCl,9.1,5.4,,,,
,0.002,7.529,OCl,,8.7,,,,
,-0.027,35.984,G,12.4,2.0,1.6,115,,
1,0.227,-94.188,G,14.0,1.4,0.9,77,,
,-0.185,44.820,GCl,11.3,5.4,,,,
,-0.006,7.657,Neb,,15.0,10.0,,,
,-0.079,70.988,G,13.6,1.1,0.6,62,,
,0.088,-63.608,OCl,,6.0,,,,
,-0.091,72.989,G,14.7,1.0,0.9,60,,
,0.117,-90.131,PN,11.0,0.8,,,,
1,-0.003,5.690,PN,11.6,0.2,,,,
,-0.081,80.438,G,15.5,0.7,0.6,21,,
,0.112,-71.336,PN,11.0,0.1,,,,
,-0.017,-2.552,OCl,8.6,7.8,,,,
,0.015,-10.200,GCl,9.5,4.5,,,,
,-0.042,45.921,G,12.7,1.6,0.9,24,,
,-0.005,7.146,G,15.2,0.8,0.6,50,,
,0.022,-14.385,PN,8.1,0.2,,,,
1,-0.004,8.128,G,12.0,1.6,1.2,160,,
,-0.015,16.134,G,14.3,1.5,1.1,64,,
,0.014,-9.688,G,15.7,0.8,0.7,139,,
,0.003,0.035,G,12.7,1.2,1.1,179,,
,0.071,-41.914,PN,12.9,0.1,,,,
,-0.062,41.872,G,14.3,1.1,0.8,33,,
,0.000,0.005,G,13.9,1.4,0.8,98,,
,-0.004,4.236,G,15.3,0.6,0.4,5,,
,-0.021,24.249,GPair,,1.4,,,,
,0.080,-72.049,OCl,10.0,3.6,,,,
,0.046,-30.077,GCl,8.2,5.1,,,,
,-0.104,91.848,G,13.5,2.0,0.5,50,,
,0.021,-18.543,G,14.5,1.1,0.6,104,,
,0.004,-2.265,G,13.7,1.8,1.8,20,,
1,0.051,-38.602,Neb,10.5,4.0,3.0,,,
,0.003,-0.089,RfN,9.8,4.0,3.0,,,
,-0.051,40.930,G,16.4,0.5,0.2,54,,
,-0.070,40.358,G,15.1,0.8,0.7,116,,
,0.070,-39.138,G,15.1,0.8,0.7,0,,
,-0.066,38.849,G,15.3,0.9,0.5,93,,
1,0.125,-77.783,OCl,,6.6,,,,
,-0.106,77.831,G,15.4,0.9,0.5,87,,
,-0.038,7.887,G,14.1,1.2,0.9,35,,
,0.113,-44.156,G,12.8,1.2,1.1,35,,
1,-0.066,36.541,G,15.5,0.8,0.5,45,,
,0.080,-36.409,G,14.6,0.8,0.6,178,,
,0.031,-43.450,OCl,11.1,4.2,,,,
,-0.006,6.163,OCl,6.5,9.6,,,,
,-0.028,-2.772,OCl,6.0,6.3,,,,
,-0.028,58.284,G,14.4,0.9,0.7,87,,
,-0.041,18.064,G,15.6,0.6,0.5,54,,
,0.004,-0.035,G,16.6,0.9,0.2,43,,
,0.001,0.034,G,15.2,0.8,0.7,81,,
1,0.104,-75.139,Neb,6.0,120.0,25.0,,Eagle Nebula,
,-0.043,49.886,G,15.5,1.0,0.7,170,,
,0.063,-53.181,OCl,6.9,6.0,,,,
,0.086,-46.146,G,13.8,1.6,1.3,69,,
,-0.110,76.513,G,14.5,1.4,0.9,170,,
,-0.014,8.973,G,15.1,1.4,0.6,55,,
,-0.061,39.082,G,15.6,0.9,0.5,73,,
,0.112,-77.492,Neb,7.0,12.6,,,Checkmark Nebula,
,-0.031,39.828,G,14.3,1.4,0.9,104,,
,0.067,-50.478,PN,12.7,0.1,,,,
,-0.167,95.185,G,13.4,2.1,0.9,143,,
,0.002,-0.009,G,14.1,1.0,0.9,117,,
,0.112,-44.648,GPair,,1.3,,,,
,0.066,-54.067,GCl,,3.3,,,,
,-0.015,18.406,OCl,9.0,6.0,,,,
,0.029,-12.915,GCl,6.9,5.1,,,,
,-0.032,40.568,G,13.3,1.1,1.0,75,,
,-0.004,7.781,G,14.7,1.5,0.9,89,,
,0.055,-46.682,PN,11.3,0.3,,,,
,0.115,-40.090,G,13.9,0.8,0.7,102,,
,-0.090,51.262,OCl,11.7,5.7,,,,
,-0.035,39.566,G,12.2,2.4,1.2,156,,
,0.036,-21.027,OCl,4.6,12.0,,,,
1,0.006,8.311,G,13.4,1.1,1.0,5,,
,-0.092,51.801,GPair,,2.2,,,,
,0.155,-98.968,GCl,8.3,5.7,,,,
,-0.007,6.852,GCl,9.7,4.2,,,,
,0.000,12.340,OCl,,6.0,,,,
,-0.047,47.459,G,14.2,0.8,0.2,146,,
,0.014,-11.400,G,14.2,0.9,0.8,100,,
,0.049,-46.379,GCl,10.2,3.9,,,,
,-0.202,98.044,G,11.1,3.3,1.6,37,,
,0.213,-99.697,PN,10.7,0.0,,,,
,0.001,8.245,OCl,8.5,5.4,,,,
,-0.050,56.749,G,12.6,1.5,1.2,67,,
,0.053,-57.094,OCl,8.0,3.6,,,,
1,0.011,6.826,OCl,8.9,5.6,,,,
,-0.134,78.409,G,14.6,0.7,0.7,40,,
,-0.019,3.596,G,13.6,1.3,0.7,32,,
,0.191,-104.592,GCl,9.8,5.1,,,,
,0.148,-40.273,G,13.4,1.6,1.4,56,,
,-0.342,146.446,G,11.8,2.9,2.2,5,,
1,0.205,-97.086,GCl,6.2,12.6,,,,
,-0.057,57.963,G,14.2,0.8,0.4,135,,
,0.015,-11.172,G,11.8,1.5,0.2,5,,
,0.002,0.707,OCl,,5.4,,,,
,0.010,-0.685,G,12.4,1.9,1.1,143,,
1,-0.007,9.155,G,14.8,1.6,0.5,18,,
,-0.011,7.984,G,14.8,0.9,0.7,147,,
,0.050,-48.270,OCl,7.8,6.0,,,,
,-0.034,38.942,G,14.5,0.9,0.5,25,,
1,-0.064,37.266,G,12.6,1.9,1.1,99,,
2,0.049,-8.098,GTrpl,,1.2,,,,
,0.064,-33.472,G,13.7,1.4,1.4,5,,
1,0.128,-88.714,G,11.7,2.6,1.4,27,,
,-0.109,87.672,G,12.1,4.0,2.0,144,,
,-0.019,14.683,G,13.3,1.3,0.9,131,,
,-0.071,26.901,G,15.2,1.5,0.4,141,,
,0.007,0.152,G,13.9,0.8,0.3,103,,
1,-0.002,0.026,G,13.6,0.6,0.3,99,,
,0.104,-44.821,G,15.4,0.6,0.4,60,,
,0.058,-54.608,GCl,9.1,6.6,,,,
,-0.060,27.478,OCl,,4.5,,,,
,0.044,-1.398,OCl,9.4,3.0,,,,
,0.112,-58.961,G,10.5,4.2,3.0,29,,
,-0.150,105.155,G,14.6,0.9,0.7,38,,
,0.003,0.156,G,14.8,0.6,0.6,153,,
,-0.046,19.505,G,14.8,1.2,0.9,46,,
,0.055,-23.353,G,13.8,1.6,1.6,40,,
,-0.097,34.234,G,12.3,3.3,0.9,171,,
1,0.072,-14.882,G,12.9,1.5,1.4,35,,
,0.042,-20.798,GPair,14.3,1.1,0.6,119,,
1,0.060,-44.228,OCl,8.9,6.0,,,,
,-0.043,49.751,G,13.5,1.2,0.7,13,,
,-0.044,18.967,G,16.0,0.9,0.2,1,,
,0.086,-33.821,G,14.5,1.2,0.9,65,,
,0.047,-50.990,OCl,,5.0,,,,
,0.066,-31.844,G,12.2,1.7,1.7,95,,
,-0.099,89.601,G,14.1,1.5,1.0,114,,
,-0.048,28.373,G,12.8,1.4,1.4,120,,
,0.063,-14.947,G,12.2,1.6,1.4,58,,
,0.006,-0.155,G,11.4,2.4,2.4,85,,
,0.057,-50.756,OCl,9.2,3.3,,,,
,0.006,-1.065,OCl,5.8,9.0,,,Amas de l'Ecu de Sobieski,
,0.096,-56.896,G,14.0,1.7,0.8,124,,
,-0.025,9.348,G,12.6,2.6,1.1,143,,
,0.004,0.095,G,12.9,1.2,0.9,163,,
,-0.072,64.042,OCl,6.7,8.7,,,,
,-0.012,16.519,G,13.1,1.7,0.9,38,,
,-0.026,20.820,G,12.9,1.0,0.9,70,,
,0.068,-56.363,GCl,8.7,5.7,,,,
,-0.039,42.665,G,14.2,0.5,0.4,110,,
1,0.072,-64.438,GCl,7.7,5.1,,,,
,-0.008,10.577,OCl,7.5,7.2,,,,
,0.008,-2.801,GCl,10.3,3.9,,,,
,0.107,-43.408,G,14.2,1.5,0.7,171,,
,0.027,-2.478,G,13.5,1.7,0.8,109,,
,-0.159,101.617,PN,8.8,1.3,,,Ring Nebula,
,0.121,-90.788,G,12.0,1.9,1.6,155,,
,0.047,-7.135,G,13.6,2.9,0.5,164,,
,-0.068,28.263,GCl,,9.3,,,,
,-0.047,47.060,OCl,,3.2,,,,
,0.086,-64.292,G,12.4,2.6,0.5,40,,
,-0.004,16.972,RfN,,9.0,7.0,,,
,0.000,0.015,RfN,,80.0,80.0,,,
,-0.049,27.910,OCl,,4.5,,,,
,0.053,-27.992,Neb,,25.0,20.0,,,
,0.094,-31.955,G,12.1,2.2,1.8,31,,
1,-0.186,121.291,G,14.4,0.9,0.7,103,,
,0.163,-114.575,G,13.4,2.0,1.4,109,,
,0.018,-3.265,G,13.8,1.4,0.9,14,,
,-0.111,64.987,OCl,,5.1,,,,
,0.115,-64.954,G,14.3,1.1,0.9,67,,
,-0.087,46.882,OCl,,6.6,,,,
1,0.092,-42.821,G,12.1,2.6,0.9,173,,
,-0.116,90.139,G,15.5,1.1,0.8,31,,
,0.030,-29.220,PN,11.5,0.1,,,Phantom Streak Nebula,
,-0.055,48.914,PN,13.4,0.6,,,,
,0.033,-19.188,OCl,8.2,6.9,,,,
,0.141,-93.135,G,9.2,15.7,9.8,15,,
,-0.135,104.611,GTrpl,,2.3,,,,
,0.145,-102.723,G,13.7,1.6,1.1,170,,
,-0.250,134.742,G,15.0,0.7,0.5,126,,
1,0.165,-70.871,GCl,12.4,5.1,,,,
,-0.078,57.266,G,13.6,1.1,0.7,2,,
,0.089,-65.159,PN,11.9,0.3,,,,
,0.082,-53.990,GCl,6.3,13.2,,,,
,0.009,2.932,G,11.0,3.0,2.6,25,,
,0.000,6.408,G,12.2,2.0,1.1,77,,
,-0.060,54.908,OCl,7.5,6.0,,,,
,0.015,0.440,OCl,10.6,3.6,,,,
,-0.061,51.009,G,13.9,1.7,1.1,92,,
,0.147,-112.025,G,11.4,2.8,2.1,111,,
,-0.115,106.654,G,15.1,1.0,0.7,40,,
,0.071,-49.314,GCl,9.8,5.4,,,,
,0.064,-51.687,G,13.4,1.6,1.4,22,,
,-0.157,114.591,G,14.1,1.6,0.3,119,,
1,0.044,-13.001,G,13.6,2.5,1.2,64,,
,0.047,-20.387,PN,12.9,0.7,,,,
2,0.091,-70.755,G,13.7,1.3,1.0,36,,
,0.030,-20.292,G,11.8,2.9,2.2,120,,
,0.004,0.005,G,11.9,2.4,1.7,33,,
,0.001,-0.050,G,12.5,2.4,0.5,121,,
,-0.068,57.839,PN,12.7,1.1,,,,
,0.009,7.564,OCl,,,,,,
,0.019,-21.118,OCl,,30.0,,,,
,0.008,15.328,OCl,,4.8,,,,
,0.143,-62.927,G,12.1,2.0,1.6,14,,
1,-0.115,62.264,PN,12.3,0.3,,,,
,-0.030,31.781,GCl,8.4,5.8,,,,
,0.104,-85.961,G,12.7,2.0,1.6,4,,
,-0.073,62.316,PN,11.4,1.8,,,,
,0.091,-66.462,G,12.0,2.5,1.5,18,,
,-0.119,105.939,G,15.2,0.7,0.6,135,,
,0.163,-111.635,G,14.8,1.0,0.6,46,,
1,-0.261,139.028,G,13.8,0.8,0.5,20,,
,0.088,-12.992,G,14.9,0.8,0.7,70,,
,0.177,-115.369,G,12.1,3.2,1.1,69,,
,-0.169,118.922,G,13.5,1.0,0.8,145,,
,0.104,-62.458,PN,10.5,0.1,,,,
,-0.034,36.259,OCl,9.5,6.3,,,,
,0.001,5.361,G,13.3,2.1,1.1,24,,
,0.038,-20.992,OCl,,8.1,,,,
,0.081,-61.060,G,12.9,1.5,1.3,85,,
,-0.029,42.433,OCl,,,,,,
,-0.080,57.631,G,12.7,1.7,0.4,1,,
1,0.042,-7.520,G,14.4,1.8,0.8,147,,
,0.137,-109.533,G,13.5,1.8,1.4,107,,
,-0.086,81.048,OCl,,6.0,,,,
,0.008,29.233,G,14.7,1.4,0.7,38,,
,0.050,-34.112,OCl,8.8,4.5,,,,
,0.011,-10.205,PN,11.4,0.1,,,,
,0.005,-0.831,PN,12.0,0.6,,,,
,0.087,-46.779,G,14.3,1.2,1.0,159,,
,0.005,-4.742,G,13.2,1.2,1.0,52,,
,-0.042,47.980,PN,12.0,0.0,,,,
,0.156,-76.317,G,12.9,0.8,0.2,42,,
,-0.065,39.671,GCl,6.5,12.0,,,,
,0.059,-27.694,G,11.4,3.8,1.1,175,,
,-0.104,105.045,OCl,6.8,7.2,,,,
,0.135,-101.736,G,13.6,1.8,1.1,87,,
,-0.084,82.657,PN,,3.0,,,,
,0.038,-37.633,G,11.3,3.1,0.7,110,,
1,0.023,-18.078,G,12.9,1.7,1.4,80,,
,-0.111,90.784,GPair,,0.9,,,,
,0.110,-76.536,PN,9.3,0.8,,,Little Gem Nebula,
,-0.045,54.340,OCl,7.3,6.9,,,Foxhead Cluster,
,0.020,-17.099,Neb,15.0,0.5,0.5,,,
,0.032,-29.921,G,13.1,1.0,0.9,130,,
,0.009,-7.970,G,10.1,17.4,16.8,27,Barnard's Galaxy,
,-0.030,38.103,Cl+N,7.1,6.0,,,,
,0.009,32.809,G,11.8,1.9,1.4,53,,
,-0.029,7.964,GPair,15.3,0.7,0.3,170,,
,0.048,-13.548,PN,9.4,0.4,,,Blinking Planetary,
,0.068,-29.310,OCl,,2.1,,,,
,0.023,-13.312,OCl,,6.0,,,,
,-0.053,52.004,G,14.9,1.5,0.3,31,,
,0.065,-36.807,OCl,7.9,4.2,,,,
,-0.051,36.793,G,14.6,1.3,1.2,115,,
,0.005,-0.472,OCl,,3.3,,,,
,0.026,-10.460,PN,12.1,0.0,,,,
,0.040,-19.553,OCl,7.8,4.5,,,,
,0.039,-41.976,G,12.5,2.7,0.6,70,,
,0.002,-0.120,G,13.0,1.4,1.1,119,,
,-0.025,24.387,OCl,,3.0,,,,
,0.010,7.079,GCl,6.1,6.9,,,,
1,0.025,-6.663,OCl,,4.5,,,,
,0.043,-43.926,G,12.6,1.6,1.5,162,,
,-0.047,61.100,PN,13.1,0.9,,,,
,0.018,-17.125,OCl,,3.6,,,,
,0.112,-77.394,G,13.6,1.3,1.0,5,,
,-0.031,18.160,GGroup,,4.1,,,,
,-0.075,79.420,OCl,14.2,2.4,,,,
,0.003,-2.137,Cl+N,,10.0,10.0,,,
,0.102,-86.303,G,13.3,2.3,1.4,158,,
,0.058,15.892,G,12.1,2.1,1.4,19,,
,-0.046,-14.647,G,13.1,2.0,1.1,146,,
,0.002,6.561,G,11.8,2.2,1.7,161,,
,-0.049,50.012,PN,12.6,0.5,,,,
,-0.018,20.993,PN,7.4,6.7,,,Dumbbell Nebula,
,0.101,-77.097,G,12.3,2.3,1.6,166,,
,0.020,-2.014,G,13.8,1.3,0.9,95,,
,-0.126,112.521,OCl,,3.0,,,,
,0.042,-22.605,HII,11.4,0.6,0.6,,,
,0.020,-22.267,OCl,,4.2,,,,
1,0.096,-72.359,G,13.5,1.3,0.8,32,,
,-0.024,12.730,G,11.0,3.2,2.4,133,,
,0.026,-8.022,G,12.7,1.4,1.3,125,,
1,-0.047,34.470,GCl,8.3,3.6,,,,
,-0.002,12.881,G,14.7,0.6,0.5,135,,
,-0.034,53.200,OCl,7.6,5.1,,,,
,0.110,-98.942,G,13.9,1.6,0.6,156,,
,-0.010,6.403,G,10.6,3.6,3.1,81,,
,-0.153,114.608,G,12.2,1.4,1.4,100,,
,0.158,-114.515,G,11.9,2.6,1.1,86,,
,-0.070,84.064,OCl,5.2,9.3,,,,
,0.182,-106.545,G,11.6,4.7,1.8,45,,
,-0.161,91.870,OCl,,3.0,,,,
1,0.099,-67.264,G,12.0,2.1,1.3,22,,
,0.085,-24.697,G,10.8,3.5,3.0,110,,
,0.005,0.006,G,12.2,2.4,1.1,163,,
,-0.079,26.326,G,12.4,1.6,1.3,98,,
,-0.057,61.450,PN,12.5,0.1,,,,
,0.151,-87.783,G,13.3,2.5,1.1,25,,
,-0.144,108.271,PN,13.9,0.1,,,,
,0.018,-10.922,OCl,14.1,7.5,,,,
,-0.010,9.343,OCl,8.0,4.5,,,,
,-0.016,10.629,PN,10.9,0.1,,,,
1,0.039,-26.471,PN,11.4,0.1,,,,
,0.076,-72.787,G,12.1,3.4,1.2,103,,
,-0.086,91.152,HII,7.4,20.0,10.0,,Crescent Nebula,
,0.113,-92.312,G,13.7,1.7,1.1,60,,
,-0.010,9.150,G,12.7,1.6,1.3,155,,
,-0.053,57.511,PN,10.5,0.2,,,,
1,0.095,-60.943,G,11.7,2.9,1.8,9,,
,-0.074,78.804,PN,12.3,0.7,,,,
,0.003,19.675,OCl,,5.1,,,,
1,0.074,-62.495,G,14.6,0.9,0.6,39,,
,0.002,-0.104,G,14.0,1.0,0.9,145,,
,0.054,-38.075,G,12.8,1.8,0.9,112,,
,-0.046,47.865,G,14.7,0.9,0.7,100,,
,0.013,8.999,G,14.8,1.2,0.5,62,,
,0.035,-50.084,G,11.5,2.7,2.1,158,,
,-0.012,24.329,G,12.9,2.2,2.0,145,,
,-0.033,45.067,OCl,,4.2,,,,
,0.010,-5.637,PN,11.1,0.7,,,Blue Flash Nebula,
,0.020,-13.661,G,12.6,1.1,0.5,45,,
,0.026,-31.253,G,11.2,3.3,2.7,67,,
,0.000,0.008,G,12.3,1.9,1.0,65,,
,0.042,-22.226,G,12.0,2.4,1.3,69,,
,-0.074,87.806,OCl,7.4,6.3,,,,
,-0.060,25.949,G,15.6,1.8,1.0,122,,
,0.121,-85.345,G,13.2,1.3,1.0,77,,
,-0.049,57.125,OCl,6.6,3.6,,,,
,0.013,3.975,RfN,,3.0,3.0,,,
,0.051,-45.560,G,13.8,1.6,1.1,85,,
,-0.070,61.421,G,15.2,1.6,1.1,89,,
,0.065,-50.246,G,14.2,1.1,0.5,48,,
,0.055,-55.572,G,14.5,1.0,0.8,5,,
,0.014,3.258,G,13.1,1.4,1.1,132,,
,0.206,-35.785,G,12.0,2.3,1.9,132,,
,-0.258,105.724,G,13.4,1.1,0.3,141,,
,0.023,-27.914,G,13.6,1.2,0.9,139,,
,0.030,-28.641,G,12.0,2.5,1.2,76,,
,0.027,5.358,G,12.8,1.7,1.4,140,,
,0.017,-6.507,G,11.3,4.7,1.2,4,,
,-0.020,29.954,G,13.4,1.3,0.4,178,,
,-0.008,11.943,G,14.5,0.6,0.2,5,,
,0.003,0.010,G,12.6,2.1,0.5,106,,
,0.009,-11.963,G,13.7,0.4,0.3,81,,
,-0.006,11.911,G,12.9,1.4,0.5,9,,
,0.011,-21.243,G,14.0,1.3,0.5,125,,
,0.141,-62.250,G,13.3,2.5,1.4,105,,
1,-0.132,81.023,GCl,9.8,5.4,,,,
,0.069,-59.514,G,12.0,2.2,1.9,14,,
,-0.040,26.830,G,14.0,1.8,0.9,5,,
,0.047,-26.863,G,12.9,2.5,1.7,155,,
,-0.068,74.358,OCl,,5.4,,,,
,-0.053,38.447,OCl,7.8,12.0,,,,
,0.049,-32.379,OCl,6.3,10.8,,,,
,0.033,-32.902,G,14.2,1.7,1.2,126,,
,0.070,-49.684,G,12.0,2.2,1.7,134,,
,0.066,-14.445,G,11.4,3.8,2.2,125,,
,-0.103,75.744,G,13.7,1.1,0.8,48,,
,0.010,-11.969,G,15.2,1.6,1.0,121,,
,-0.069,65.127,G,9.1,11.4,10.8,52,Fireworks Galaxy,
,0.107,-92.640,G,13.4,1.7,0.7,41,,
,0.037,-20.871,G,13.8,2.0,0.9,113,,
,-0.140,118.160,G,14.5,1.3,1.1,95,,
,0.100,-48.181,OCl,,4.5,,,,
,-0.064,49.484,G,12.4,3.2,2.1,149,,
2,0.113,-62.897,G,13.2,1.3,0.8,84,,
,0.004,-0.614,G,15.3,1.3,1.0,115,,
,-0.006,9.917,G,13.4,1.8,1.4,112,,
,0.015,-9.931,G,15.3,0.6,0.6,150,,
,0.065,-40.578,G,11.4,2.4,1.9,97,,
,-0.027,38.427,G,14.7,0.5,0.3,63,,
,-0.019,30.165,SNR,7.0,210.0,160.0,,Veil Nebula,
,0.020,-30.232,G,15.1,0.8,0.7,150,,
,0.003,-0.042,G,11.9,2.7,2.0,68,,
1,0.001,-0.020,G,12.9,1.7,1.3,165,,
,-0.001,0.183,G,13.7,0.7,0.6,68,,
1,0.004,-0.072,G,13.0,1.2,0.7,95,,
,0.016,-8.772,G,14.0,2.0,1.2,135,,
,-0.001,16.100,G,13.5,1.2,0.4,15,,
,0.061,-56.518,G,12.6,1.5,0.9,115,,
,-0.046,54.774,G,14.7,1.1,0.9,60,,
,0.010,3.903,G,14.0,1.2,0.5,142,,
1,0.018,21.929,SNR,,,,,,
,0.023,-37.600,G,14.8,1.0,0.9,165,,
1,0.001,0.026,G,14.1,1.2,0.9,168,,
,0.002,0.035,G,14.1,1.5,0.6,126,,
,-0.036,37.737,SNR,,7.0,3.0,,,
1,0.050,-44.563,GCl,9.0,4.5,,,,
,0.064,-39.325,G,13.7,1.0,0.5,66,,
,-0.010,7.876,G,14.2,0.8,0.7,151,,
,0.020,-7.885,G,12.7,1.8,1.2,101,,
,-0.214,40.767,G,14.8,1.2,0.5,106,,
,0.191,-7.463,G,14.7,1.0,0.6,6,,
,0.028,-30.063,G,12.4,2.0,1.6,125,,
,-0.040,59.138,G,14.8,0.7,0.6,21,,
,-0.028,34.731,OCl,,5.4,,,,
,0.097,-100.801,G,14.0,1.2,0.6,179,,
,-0.085,103.024,OCl,,23.0,,,,
,0.025,-15.719,SNR,7.0,60.0,8.0,,Eastern Veil,
,-0.041,-57.216,G,14.0,1.5,1.2,98,,
1,0.055,56.708,SNR,7.0,12.0,12.0,,Eastern Veil,
1,-0.009,13.397,Cl+N,10.0,6.9,,,,
,0.083,-72.664,G,14.1,0.9,0.9,135,,
,0.006,-0.027,G,14.9,1.2,1.0,1,,
,-0.045,72.588,HII,4.0,120.0,30.0,,North America Nebula,
,0.031,-44.724,G,12.9,1.4,1.0,169,,
,0.043,-48.835,G,12.4,2.1,1.7,12,,
,-0.050,66.835,G,13.8,1.0,0.7,116,,
,0.055,-66.919,G,13.8,1.3,0.5,70,,
1,-0.042,65.302,GCl,10.5,4.2,,,,
,0.066,-68.740,G,11.9,3.4,1.2,1,,
,-0.082,107.095,PN,10.7,1.4,,,,
,0.061,-65.906,PN,8.0,0.7,0.5,70,Saturn Nebula,
,0.008,-0.975,G,14.8,2.2,1.1,47,,
,-0.048,59.692,OCl,,,,,,
,0.083,-92.169,G,13.7,1.6,0.8,98,,
,-0.054,74.712,G,11.3,4.2,1.3,158,,
,0.072,-77.076,G,12.3,2.0,1.8,130,,
,-0.037,58.593,G,12.5,1.7,1.5,170,,
,0.027,-36.883,G,14.8,1.0,0.9,90,,
,0.001,-0.018,GPair,14.9,0.8,0.6,85,,
,0.002,0.059,GTrpl,16.8,0.9,0.6,93,,
,-0.017,1.015,G,15.1,0.7,0.4,127,,
,0.082,-39.612,G,11.7,4.1,1.7,165,,
1,-0.029,14.721,G,14.1,1.5,1.1,7,,
,-0.133,117.474,Neb,7.2,10.0,8.0,,Iris Nebula,
,0.075,-26.685,OCl,,4.9,,,,
,0.028,-25.149,G,14.0,2.0,1.3,45,,
,-0.025,31.516,PN,10.9,0.3,,,,
,0.012,-5.615,PN,8.5,0.2,,,,
,-0.020,-23.769,G,14.8,0.6,0.3,5,,
,0.101,-67.752,G,11.7,2.8,1.6,68,,
,-0.011,28.798,G,14.6,0.9,0.7,36,,
,-0.067,71.362,OCl,9.1,3.9,,,,
,0.136,-119.164,G,13.6,1.2,1.0,20,,
,-0.096,83.413,G,15.2,0.9,0.6,4,,
,0.001,0.026,G,15.2,1.0,0.7,122,,
,0.019,-38.287,GPair,15.4,1.2,,,,
,-0.010,38.512,OCl,,4.5,,,,
,0.009,18.352,OCl,,6.0,,,,
,0.073,-80.948,G,12.1,3.2,1.7,127,,
,-0.072,92.842,OCl,7.6,7.8,,,,
,0.041,-36.757,G,14.8,1.0,0.7,155,,
,0.055,-57.229,G,11.3,3.5,1.5,84,,
,-0.047,61.939,G,12.9,1.8,1.6,138,,
,0.005,0.051,G,14.9,0.8,0.6,129,,
,-0.015,28.870,OCl,12.0,6.0,,,,
1,0.030,-39.661,G,12.7,1.1,0.8,113,,
,0.025,-3.661,G,14.8,1.3,0.7,104,,
,-0.036,47.115,PN,12.1,1.0,,,,
,0.079,-94.851,G,10.6,3.9,2.7,64,,
,-0.065,84.737,OCl,,3.6,,,,
,0.079,-44.958,G,13.7,1.2,0.9,75,,
,-0.022,35.230,G,13.1,1.8,0.9,66,,
,0.043,-3.362,G,14.2,1.6,1.5,25,,
1,-0.027,34.461,OCl,,3.0,,,,
,0.044,-38.880,G,13.1,1.1,1.0,60,,
,0.047,-61.126,G,13.8,1.4,0.8,107,,
,-0.051,93.279,OCl,,5.1,,,,
,0.091,-110.834,G,12.1,3.7,1.3,101,,
,-0.024,17.604,G,12.8,2.0,1.1,153,,
,0.025,-6.652,G,14.2,1.6,0.9,138,,
,-0.066,95.442,OCl,8.3,3.6,,,,
,0.015,-9.891,OCl,7.0,6.3,,,,
,0.078,-89.256,G,12.1,3.7,0.7,92,,
,-0.039,45.773,G,14.3,1.0,0.8,29,,
,-0.008,21.177,GPair,15.2,0.8,0.8,160,,
,-0.031,33.827,OCl,9.7,2.4,,,,
,0.036,-35.825,G,14.8,0.8,0.3,175,,
,0.026,-13.831,G,14.6,1.1,0.7,17,,
,0.039,-41.440,G,12.3,2.5,2.2,178,,
1,0.003,-0.067,G,12.8,0.8,0.6,81,,
,-0.019,31.666,G,14.5,0.9,0.8,170,,
,0.003,18.171,G,14.9,0.8,0.5,120,,
,0.032,-45.301,G,12.7,1.4,1.1,114,,
,-0.086,101.511,PN,13.5,0.9,,,,
,0.060,-60.479,G,13.7,0.9,0.6,12,,
,-0.000,9.753,GCl,6.3,11.1,,,,
,0.043,-56.235,G,11.7,2.3,1.4,77,,
,-0.042,70.786,G,12.4,1.6,1.5,100,,
,0.022,-24.227,G,13.7,0.8,0.7,155,,
,-0.035,44.635,OCl,7.2,9.0,,,,
,0.108,-111.029,G,11.2,3.6,2.0,6,,
,-0.053,81.412,OCl,,6.0,,,,
,-0.003,-10.928,G,15.3,1.0,0.4,148,,
,-0.032,45.020,OCl,8.4,4.8,,,,
,0.068,-92.420,G,13.0,0.9,0.6,47,,
1,-0.018,39.996,GCl,6.2,8.4,,,,
,0.050,-53.734,G,10.9,8.2,1.6,128,,
,-0.039,17.903,G,13.5,1.9,1.3,86,,
,-0.039,85.092,OCl,4.6,19.5,,,,
,0.043,-2.473,OCl,,3.6,,,,
,0.042,-33.176,PN,13.4,1.6,,,,
,0.259,-94.320,G,11.9,2.7,2.2,135,,
,-0.185,17.622,G,12.0,2.1,2.0,125,,
,-0.019,21.370,G,11.7,1.9,1.4,17,,
,0.068,-32.572,G,11.5,1.8,0.9,62,,
,-0.065,51.932,GCl,7.1,9.0,,,,
1,-0.013,32.056,G,14.9,0.8,0.8,165,,
,0.002,-2.591,G,14.1,1.5,0.9,141,,
,0.002,-28.760,G,15.3,1.4,0.9,63,,
,0.004,0.049,G,15.4,0.8,0.7,55,,
,0.027,11.790,G,14.2,1.5,0.7,136,,
,0.015,-42.065,G,13.3,1.7,1.1,85,,
,-0.003,7.910,G,13.3,1.9,0.9,127,,
,-0.009,38.081,G,14.9,1.2,0.8,53,,
,0.002,-27.737,G,14.5,0.9,0.8,105,,
,0.003,0.284,G,14.3,1.4,0.7,74,,
1,0.004,46.731,G,15.1,1.0,1.0,40,,
2,0.020,-37.921,G,14.2,1.9,0.6,69,,
,-0.016,54.299,G,14.1,1.2,0.5,105,,
,0.052,-77.367,G,12.8,1.7,1.0,30,,
,0.006,0.066,G,12.6,1.7,1.4,45,,
,0.002,1.836,GPair,,1.0,,,,
,-0.028,39.995,G,14.9,0.8,0.5,136,,
,0.005,2.903,G,14.4,1.2,0.6,2,,
1,0.098,-66.714,G,13.3,2.6,1.1,145,,
,-0.045,19.769,G,12.2,2.6,1.1,146,,
,0.020,-10.148,G,12.5,2.9,1.8,95,,
,0.001,0.104,G,12.3,2.5,1.1,79,,
,-0.094,115.239,OCl,,2.7,,,,
,0.005,-0.915,OCl,9.7,3.0,,,,
,-0.017,12.398,Cl+N,11.5,2.1,,,,
,0.089,-101.064,G,12.7,1.6,1.3,160,,
,-0.012,21.768,G,14.9,1.1,0.9,114,,
,-0.005,23.424,G,14.5,0.9,0.7,101,,
2,0.041,-45.117,G,12.2,2.6,2.0,45,,
1,-0.025,57.036,G,12.4,1.8,1.6,50,,
,0.013,-9.646,G,15.3,1.2,0.6,176,,
,-0.048,51.278,PN,13.3,1.3,,,,
,0.102,-119.362,G,11.7,3.0,2.1,18,,
1,-0.118,121.344,OCl,9.3,9.6,,,,
1,0.125,-114.028,G,11.0,3.4,3.2,10,,
,0.011,0.372,G,11.1,3.0,0.8,150,,
,-0.026,50.899,G,15.5,0.7,0.4,89,,
,0.003,0.055,G,15.0,1.0,0.8,90,,
1,0.004,0.229,G,14.5,1.3,0.9,15,,
1,0.048,-53.959,G,13.5,2.7,0.9,73,,
,-0.018,21.369,G,14.5,1.3,0.3,18,,
,0.010,0.225,G,14.4,1.9,0.3,66,,
,0.013,-5.750,G,12.5,2.3,1.9,116,,
,0.013,-14.708,G,12.1,2.1,1.9,97,,
,-0.027,52.465,G,12.7,1.4,1.2,120,,
,0.040,-28.294,G,14.9,1.2,0.6,12,,
1,-0.009,38.914,G,15.0,0.7,0.6,115,,
,-0.045,49.040,OCl,6.1,4.2,,,,
1,0.099,-105.909,G,12.7,3.0,1.1,10,,
,-0.005,11.423,G,13.2,2.2,1.0,101,,
,-0.049,33.247,G,15.6,0.7,0.4,113,,
,0.051,-17.876,G,13.5,1.1,0.9,38,,
,0.018,-26.878,G,12.0,0.8,0.5,10,,
,-0.000,18.757,G,12.7,1.8,1.3,137,,
,0.026,-27.110,G,11.9,2.2,1.6,69,,
,0.012,4.045,G,14.6,1.1,0.6,75,,
,-0.023,42.265,G,14.8,1.1,0.7,166,,
,-0.007,-7.837,G,12.3,2.4,1.2,119,,
,0.017,-18.600,G,12.2,2.8,1.8,105,,
,0.000,-0.104,G,12.0,1.9,1.5,141,,
,0.001,-0.019,G,12.2,2.5,2.2,85,,
,-0.057,86.799,OCl,,4.5,,,,
,0.058,-86.796,G,12.4,1.1,0.9,75,,
,-0.025,49.728,G,11.1,2.9,1.9,87,,
,0.029,-53.528,G,14.8,1.2,0.5,174,,
,0.040,-28.257,G,12.8,2.0,1.0,48,,
,-0.042,43.499,G,12.6,1.7,0.8,65,,
,-0.009,18.587,G,15.4,0.7,0.6,69,,
,0.002,-0.236,G,15.3,0.8,0.4,90,,
,0.008,-16.719,G,12.9,3.9,1.1,82,,
,0.005,-1.897,G,11.0,6.0,1.3,61,,
,0.005,0.342,G,12.6,2.3,1.6,26,,
1,-0.003,-12.331,G,12.6,1.1,1.1,65,,
,0.012,12.484,G,14.0,1.8,0.7,49,,
,-0.004,20.889,G,14.4,1.0,0.6,121,,
,-0.002,10.628,G,15.1,1.0,0.5,64,,
,0.062,-75.834,G,13.8,1.8,0.7,138,,
,-0.000,0.319,G,11.3,2.4,2.3,0,,
,-0.064,75.120,OCl,,,,,,
,0.009,1.833,G,14.3,1.3,0.9,18,,
,-0.001,0.024,G,15.7,0.7,0.5,46,,
,0.041,-62.780,G,12.0,2.8,2.1,59,,
,-0.050,91.178,G,14.4,1.7,0.8,111,,
,0.038,-41.707,G,14.4,1.0,0.8,180,,
,0.055,-64.058,G,13.1,1.2,0.9,30,,
,-0.023,14.711,G,12.9,1.3,1.0,45,,
,-0.010,18.732,G,13.9,1.7,0.6,128,,
1,0.003,0.101,G,13.7,1.1,0.6,68,,
,0.003,0.111,GPair,,1.6,,,,
,0.028,-26.392,G,11.0,3.7,1.7,63,,
,-0.048,74.228,G,14.7,1.2,0.9,142,,
,0.001,-0.017,G,15.6,0.7,0.3,102,,
,0.044,-45.819,G,13.4,0.9,0.6,136,,
,-0.054,75.535,OCl,7.7,6.0,,,,
1,0.020,-54.574,G,15.1,0.8,0.6,74,,
,0.011,18.321,GTrpl,15.1,1.4,0.5,32,,
,0.038,-57.398,G,11.2,4.8,3.9,121,,
,-0.003,19.358,G,13.9,1.9,1.4,45,,
,-0.009,28.321,G,15.0,0.9,0.4,90,,
,0.067,-69.174,G,12.6,1.6,1.1,127,,
,-0.079,100.021,G,10.5,4.5,3.8,90,,
,0.039,-48.020,G,11.9,2.5,1.1,35,,
,0.049,-48.188,G,12.6,1.8,1.1,38,,
,-0.027,41.896,G,13.4,0.9,0.7,7,,
,-0.004,-7.610,G,12.2,2.3,1.5,13,,
,-0.007,32.669,G,15.4,1.1,1.1,65,,
,-0.012,38.911,G,13.4,1.4,1.1,126,,
,0.024,-15.152,G,14.9,1.5,0.9,108,,
,0.026,-52.013,G,13.4,2.0,1.0,140,,
,-0.045,81.547,OCl,9.6,3.0,,,,
,0.018,-16.678,G,14.9,1.2,0.6,9,,
,0.005,-0.022,G,14.9,1.4,0.8,145,,
,0.037,-68.082,G,12.7,1.5,1.2,116,,
,0.003,12.309,G,14.4,1.0,0.9,10,,
,-0.029,62.402,G,13.9,1.7,0.6,87,,
,0.053,-91.178,G,11.9,2.9,1.0,100,,
,0.003,0.004,G,12.5,1.7,1.6,75,,
,-0.057,103.117,OCl,7.7,2.4,,,,
1,0.039,-43.424,G,13.6,1.4,0.8,156,,
,0.000,-0.006,G,14.6,2.0,0.9,143,,
1,0.004,-18.894,G,15.5,1.0,0.7,82,,
,0.006,42.334,G,14.2,0.6,0.6,125,,
,0.008,-18.049,G,13.5,2.8,0.7,26,,
,-0.003,18.069,GPair,,1.4,,,,
,-0.009,12.597,OCl,6.4,15.0,,,,
,0.022,-33.427,G,13.9,0.9,0.5,0,,
,-0.021,37.872,OCl,9.2,3.9,,,,
,0.042,-69.914,G,13.8,2.3,0.9,174,,
,-0.000,-8.160,G,13.4,1.3,0.7,6,,
,-0.013,64.233,G,12.5,1.7,0.8,133,,
,0.060,-95.627,G,13.4,1.0,0.7,132,,
,-0.037,95.687,G,12.6,2.1,0.9,160,,
,0.036,-56.336,G,13.5,1.7,1.5,10,,
,0.005,-8.904,G,12.1,1.9,1.7,95,,
,-0.021,54.070,GPair,,2.6,,,,
,0.052,-51.129,G,13.9,1.3,0.6,114,,
,0.009,6.196,G,15.2,1.5,0.3,116,,
1,-0.009,11.420,G,13.7,1.8,1.2,5,,
,0.006,-24.224,G,14.0,1.5,0.7,142,,
,0.002,-0.610,G,13.8,1.2,1.0,57,,
1,-0.050,87.007,OCl,8.4,6.9,,,,
,0.056,-90.416,G,15.0,0.9,0.8,140,,
,-0.028,68.714,G,15.6,0.9,0.8,55,,
,0.007,0.037,G,14.6,2.0,0.3,56,,
,0.004,-0.177,G,12.2,2.5,1.8,166,,
,0.026,-40.283,G,14.4,0.7,0.6,90,,
,0.006,-29.621,G,12.2,1.7,1.5,121,,
,0.022,2.493,GPair,,1.4,,,,
,0.002,18.035,G,14.6,1.0,0.7,142,,
,-0.033,45.569,G,14.9,0.9,0.6,88,,
,0.002,-0.036,G,16.0,0.6,0.3,118,,
,0.010,-15.779,G,15.3,1.1,1.0,52,,
,-0.006,19.612,G,14.7,0.8,0.5,10,,
,0.000,-0.074,G,14.2,1.8,1.5,60,,
,0.002,-3.680,G,14.9,1.2,0.3,36,,
,-0.001,3.642,G,14.9,1.0,0.8,156,,
,0.032,-67.233,G,14.2,1.3,0.5,125,,
,0.037,-29.025,G,15.2,0.8,0.4,1,,
,-0.019,25.030,G,13.8,1.2,0.9,67,,
,-0.013,51.288,G,12.2,2.0,1.3,76,,
,-0.019,41.673,OCl,,4.8,,,,
,0.010,-17.506,G,15.3,0.8,0.2,40,,
,0.044,-22.845,G,15.8,0.9,0.4,15,,
,0.001,-42.314,G,13.3,1.8,1.4,64,,
,0.000,0.003,G,12.8,2.7,1.5,65,,
,-0.013,53.937,G,13.3,1.8,0.6,97,,
,0.016,-51.298,GPair,14.8,0.7,,,,
,-0.009,19.317,G,14.0,1.9,1.0,83,,
,0.018,-32.587,G,14.3,1.6,1.2,141,,
,-0.015,52.619,G,13.3,1.5,0.7,158,,
,0.001,-0.364,G,14.8,1.6,1.1,59,,
,-0.001,13.509,G,12.6,1.8,1.2,113,,
,0.020,-51.129,PN,7.3,16.3,,,Helix Nebula,
,0.042,-4.561,G,13.6,2.1,1.1,42,,
,-0.069,77.687,OCl,9.7,2.7,,,,
1,0.053,-90.115,G,14.6,0.8,0.5,121,,
,-0.006,23.638,G,13.8,1.3,1.0,4,,
,0.012,-23.622,G,14.8,0.7,0.7,175,,
,-0.009,23.806,G,12.8,2.1,0.8,162,,
,-0.007,-3.570,G,14.2,0.8,0.3,180,,
,0.030,3.453,G,12.2,1.7,1.1,95,,
,-0.014,45.077,G,13.6,1.5,1.2,117,,
1,0.011,-19.244,G,15.1,0.9,0.8,90,,
,0.018,-38.959,G,13.5,1.8,0.8,60,,
,0.010,-13.686,G,12.6,3.8,0.9,9,,
,0.011,27.999,G,14.4,1.3,0.9,152,,
,-0.004,2.577,G,12.5,2.1,1.9,120,,
,0.005,-12.128,G,14.2,0.9,0.7,37,,
,-0.008,28.055,G,13.3,1.5,0.7,11,,
,0.007,0.247,G,14.4,0.9,0.6,79,,
,0.016,-31.919,G,15.2,0.7,0.4,165,,
,0.004,0.052,G,11.2,4.2,1.7,3,,
,-0.004,60.853,G,13.9,1.6,1.6,20,,
,0.007,-14.481,G,13.0,1.2,1.0,66,,
,-0.001,13.623,G,13.7,0.8,0.8,150,,
,0.001,0.021,GPair,,2.5,,,,
,0.002,0.010,G,13.5,1.7,1.0,112,,
,-0.000,-0.028,G,13.0,2.5,1.4,132,,
,0.007,-12.326,G,13.9,1.4,1.0,18,,
,0.023,-58.853,G,14.5,1.0,0.6,115,,
,-0.016,56.375,G,14.0,1.2,0.9,175,,
,0.002,0.002,G,14.6,1.1,0.6,163,,
2,-0.008,15.358,G,16.1,0.5,0.3,0,,
,0.016,-23.972,G,13.0,1.9,0.7,87,,
,0.048,-77.011,G,11.7,3.1,2.4,105,,
,-0.057,105.027,G,13.6,1.7,1.6,70,,
,0.002,-4.132,G,9.4,9.3,3.8,170,,
,0.005,-10.618,G,11.1,3.0,0.7,154,,
2,-0.001,10.650,G,13.4,1.3,0.5,150,,
,0.001,0.034,G,15.6,0.6,0.5,131,,
,0.001,-0.108,G,15.7,1.0,0.8,5,,
1,0.006,-10.587,G,12.2,3.2,0.9,92,,
,-0.001,10.623,G,14.6,0.9,0.6,170,,
,0.023,-57.077,G,13.4,2.4,0.9,93,,
,-0.015,58.166,G,15.2,1.3,1.2,125,,
,0.007,-1.428,G,13.5,0.9,0.7,169,,
,0.016,-38.230,G,14.6,1.2,0.6,10,,
,-0.014,39.700,G,15.0,1.1,0.2,40,,
,0.014,-24.458,G,15.7,0.4,0.3,52,,
,0.006,-0.055,G,14.5,1.6,0.3,131,,
,0.011,0.878,G,14.8,1.0,0.6,12,,
,0.010,-33.704,G,14.5,1.2,0.4,165,,
1,0.004,17.353,G,13.6,1.6,0.8,2,,
1,0.012,16.322,G,16.7,0.7,0.5,130,,
,-0.031,49.408,PN,12.2,0.4,,,,
,0.053,-98.150,G,15.1,1.0,0.4,44,,
,-0.024,67.574,G,15.3,1.3,0.6,75,,
,0.006,-0.538,G,15.1,0.6,0.4,123,,
,0.053,-95.293,G,12.8,2.1,0.7,174,,
,-0.013,41.434,G,12.4,2.2,0.5,57,,
,-0.021,27.839,G,14.5,0.8,0.4,153,,
,-0.021,-34.209,G,12.3,3.1,0.8,8,,
,0.025,38.763,G,12.7,1.3,0.9,175,,
,-0.008,25.297,G,14.5,0.9,0.9,35,,
,0.018,-34.164,G,13.4,1.6,1.1,66,,
,0.013,-19.790,G,12.8,1.8,1.1,23,,
,-0.012,30.733,G,16.2,0.3,0.3,150,,
,0.002,-7.135,G,14.8,1.4,0.4,123,,
,0.016,-42.988,G,13.2,2.9,0.6,130,,
,-0.022,73.693,G,14.7,0.9,0.7,27,,
,0.023,-23.293,G,16.4,0.7,0.5,120,,
,0.008,-22.059,G,12.0,2.1,1.9,160,,
,-0.005,22.132,G,14.5,1.0,0.7,67,,
,0.009,-7.921,G,14.7,1.0,0.6,8,,
,-0.005,7.644,G,14.8,0.9,0.7,60,,
,0.009,10.230,G,14.7,0.9,0.7,57,,
,0.012,-17.438,G,15.6,0.7,0.4,140,,
,0.009,-25.958,G,11.2,3.9,3.1,99,,
,-0.000,10.495,G,13.0,1.5,0.8,180,,
,-0.005,52.056,G,14.3,1.2,0.9,93,,
,-0.003,17.893,Cl+N,7.2,25.0,20.0,,,
,0.047,-77.857,G,14.9,0.7,0.5,108,,
,0.004,-17.132,G,14.7,0.7,0.3,109,,
,-0.013,48.413,G,14.0,0.9,0.7,166,,
1,0.005,0.053,G,12.1,1.9,1.2,83,,
,0.002,0.089,G,12.5,2.0,1.3,144,,
,0.004,-0.061,G,14.0,1.0,0.6,45,,
1,-0.000,-0.071,G,14.9,1.4,0.7,168,,
,0.001,-0.035,G,15.4,0.8,0.7,173,,
,0.004,-13.076,G,12.1,1.5,1.3,96,,
,0.021,-19.063,G,11.8,2.2,1.2,120,,
,-0.003,15.051,G,13.3,2.0,0.6,92,,
,-0.026,57.737,OCl,,,,,,
,0.016,-15.092,G,15.2,1.1,1.0,110,,
,0.022,-35.996,G,13.5,1.8,1.0,98,,
,0.007,0.041,G,15.0,0.7,0.5,162,,
,0.000,0.068,G,14.6,1.1,0.7,74,,
,-0.002,-10.469,G,14.5,1.1,0.7,149,,
,0.028,-36.079,G,13.6,2.4,0.6,2,,
,-0.023,46.490,G,15.3,0.8,0.5,90,,
,0.002,0.001,G,16.1,0.4,0.3,46,,
1,0.020,-40.459,G,12.7,1.6,0.9,2,,
,-0.022,51.909,G,17.0,0.3,0.2,95,,
,0.016,-19.173,G,14.2,0.9,0.7,75,,
,-0.010,38.710,G,14.1,1.7,0.8,154,,
,0.043,-95.826,G,15.4,1.9,0.7,168,,
,-0.035,83.905,G,15.5,0.6,0.5,159,,
,0.020,-59.871,G,11.2,6.0,1.8,43,,
,-0.007,59.897,G,14.6,1.0,0.9,127,,
,0.019,-62.878,G,11.3,3.8,2.8,75,,
,-0.011,55.862,G,15.2,1.1,0.8,64,,
,0.005,0.028,G,16.8,0.6,0.3,172,,
,-0.008,7.014,G,15.0,0.8,0.2,128,,
,0.013,-25.757,G,12.3,3.1,0.6,110,,
,0.036,-59.544,G,12.3,2.2,1.4,11,,
,-0.021,28.009,G,11.0,3.7,2.8,139,,
,-0.037,97.846,OCl,13.0,4.1,,,,
,0.020,-31.011,G,14.9,0.8,0.8,50,,
,0.022,-67.152,G,12.0,2.4,1.9,85,,
,-0.011,41.274,G,14.3,0.8,0.6,146,,
,-0.018,53.170,OCl,,3.6,,,,
,0.036,-98.168,G,10.2,5.0,2.7,125,,
,-0.001,30.121,G,15.2,1.0,0.6,63,,
,-0.020,47.311,G,13.5,1.6,1.2,72,,
,0.019,-27.855,G,15.3,0.6,0.5,102,,
,0.002,-9.555,G,13.8,0.9,0.8,65,,
,-0.021,61.023,OCl,,4.5,,,,
,0.024,-51.180,G,15.1,0.6,0.3,60,,
,0.003,17.370,G,15.4,0.3,0.2,125,,
,0.006,-13.029,G,14.8,1.6,0.9,40,,
,-0.003,13.027,G,15.6,0.8,0.3,47,,
,0.009,-27.346,G,15.2,0.6,0.3,80,,
,-0.008,27.323,G,15.4,1.3,0.4,112,,
,0.001,0.011,GPair,,1.2,,,,
,0.003,-11.841,G,13.9,1.7,1.6,145,,
,-0.013,40.000,OCl,,5.7,,,,
,0.013,-25.081,G,15.1,1.0,0.6,165,,
,0.007,6.574,G,13.5,1.2,0.9,50,,
,-0.031,-43.181,G,14.3,1.3,0.8,160,,
,0.046,22.927,G,14.2,1.0,0.9,95,,
,0.011,-28.356,G,12.9,1.7,0.7,41,,
,0.000,-0.026,G,12.8,1.4,0.6,1,,
,-0.012,51.942,G,15.6,0.7,0.2,85,,
,0.001,-0.025,G,15.4,1.3,1.1,110,,
1,0.010,-23.103,G,11.7,2.1,0.8,171,,
,-0.007,23.166,G,15.3,1.0,0.8,130,,
,0.019,-52.065,G,14.3,1.5,1.5,25,,
,-0.002,21.387,G,14.9,1.1,0.5,65,,
,0.002,-1.722,G,16.5,0.5,0.4,25,,
1,0.005,9.642,G,11.9,1.5,0.8,140,,
,-0.007,-9.085,G,15.3,0.7,0.4,163,,
,0.025,-46.872,G,11.9,5.2,1.8,22,,
,-0.019,69.714,G,11.0,4.0,2.2,128,,
,0.008,-28.392,G,12.5,1.0,0.8,14,,
,-0.008,4.997,GPair,,1.0,,,,
,0.012,-4.486,G,13.0,1.1,0.8,25,,
,0.001,13.318,G,14.5,0.9,0.8,166,,
,0.016,-56.417,G,12.2,5.0,0.8,76,,
,-0.015,56.817,G,13.2,1.6,0.4,92,,
,0.001,-0.008,G,14.4,0.5,0.5,35,,
,0.002,-0.009,G,13.3,1.1,0.6,162,,
,0.000,11.088,G,14.4,1.5,0.6,25,,
,0.007,-11.499,G,15.4,0.8,0.6,26,,
,0.009,1.051,G,13.6,0.8,0.7,28,,
,0.004,-7.731,G,12.6,1.4,1.2,126,,
,0.033,-58.986,G,13.7,1.6,1.0,93,,
1,0.007,53.171,G,14.6,0.8,0.5,55,,
,-0.028,27.101,G,14.7,1.1,0.5,42,,
,0.002,-10.093,G,15.0,0.8,0.6,8,,
,0.002,0.014,GPair,,1.3,,,,
,0.017,-63.180,G,13.6,1.3,1.1,178,,
,-0.009,46.217,G,16.9,0.4,0.2,23,,
,0.004,-0.540,G,16.4,0.4,0.4,9,,
,0.000,9.745,G,11.1,3.6,2.7,26,,
,0.005,-9.774,G,14.8,1.3,0.3,101,,
2,0.010,0.996,G,14.2,1.4,0.8,116,,
,0.021,-39.820,G,13.0,1.1,1.0,0,,
,-0.017,70.383,G,14.2,1.5,0.8,145,,
1,0.013,-5.929,G,14.7,1.8,1.1,166,,
,0.016,-27.238,G,14.6,0.6,0.4,22,,
,-0.004,22.057,G,14.2,1.2,0.7,165,,
,-0.002,9.377,G,12.7,1.8,1.8,70,,
,0.011,-38.342,G,14.5,0.8,0.6,174,,
,0.006,-9.644,GCl,10.5,3.0,,,,
1,0.009,-8.759,G,15.2,0.9,0.7,85,,
,-0.001,36.418,G,13.1,1.6,1.4,12,,
,0.014,-55.476,G,12.7,3.4,2.2,169,,
,-0.012,61.605,G,12.3,2.8,1.0,45,,
,0.015,-42.602,G,15.0,0.9,0.4,3,,
,0.007,32.006,G,13.0,1.6,0.9,11,,
,0.002,3.431,G,14.9,1.5,1.0,121,,
,0.000,-3.423,G,13.5,1.0,0.9,157,,
1,0.003,-0.021,G,13.5,0.9,0.8,76,,
1,0.006,6.064,G,15.4,1.0,0.4,110,,
,0.011,-15.792,G,14.2,1.2,0.6,94,,
,0.007,-26.380,G,10.0,3.3,3.2,90,,
,-0.005,41.480,G,15.7,0.8,0.3,160,,
,0.009,1.669,G,16.5,1.3,1.2,155,,
,-0.022,45.962,OCl,7.9,3.9,,,,
,0.023,-46.844,G,15.0,1.0,0.5,130,,
,-0.001,17.399,G,14.0,1.9,1.1,36,,
,0.015,-59.483,G,11.8,3.2,1.9,100,,
,-0.014,63.239,G,13.2,1.3,0.9,134,,
,0.007,-22.203,G,12.5,1.6,1.4,10,,
,0.000,7.569,G,14.5,1.3,0.9,99,,
,0.007,-22.348,G,15.4,0.6,0.3,163,,
,-0.001,8.422,G,13.5,1.3,0.8,117,,
,-0.000,4.450,G,15.1,1.1,0.8,168,,
1,0.006,-12.503,G,14.9,0.5,0.4,172,,
1,0.000,15.718,G,15.6,1.3,0.3,2,,
,0.004,-15.717,G,15.6,0.8,0.2,176,,
,-0.002,15.753,GPair,,0.9,,,,
1,0.000,10.879,G,14.8,1.2,0.8,163,,
,0.011,-14.671,G,16.0,0.7,0.5,0,,
,-0.005,-1.238,G,14.1,0.8,0.7,65,,
,0.003,-11.772,G,15.0,0.9,0.4,115,,
,0.010,-40.821,G,11.2,4.1,1.7,17,,
,-0.007,40.872,G,14.8,1.3,0.4,161,,
,-0.001,0.694,G,15.7,0.7,0.2,126,,
,0.002,-0.664,G,14.2,1.0,0.5,6,,
,-0.004,16.280,G,13.7,1.5,1.4,40,,
,-0.000,-0.156,G,13.4,1.6,0.7,56,,
,0.006,-8.928,G,13.2,1.8,0.5,74,,
,-0.016,57.014,Cl+N,,8.0,7.0,,,
,0.015,-37.827,G,12.9,1.2,0.9,151,,
,0.001,-7.735,G,15.7,0.7,0.5,141,,
,0.003,-11.416,G,11.8,3.0,1.0,102,,
,-0.001,6.109,G,15.6,0.9,0.7,112,,
,-0.002,17.684,G,14.2,1.4,0.9,145,,
,0.006,-30.526,G,15.9,0.8,0.3,76,,
,0.010,-36.337,G,13.8,1.3,0.8,84,,
,-0.007,36.211,G,14.9,0.7,0.5,12,,
,-0.001,21.298,G,14.7,1.1,0.4,104,,
,0.002,6.309,G,14.4,1.1,0.9,22,,
,0.002,-6.240,G,14.1,1.9,0.8,33,,
,-0.001,-0.080,G,13.2,1.4,1.4,150,,
,0.002,-3.021,G,15.7,0.6,0.5,155,,
,0.014,-58.526,G,11.4,3.9,3.6,95,,
,-0.011,61.633,G,15.7,0.7,0.5,150,,
,0.002,-21.427,G,15.9,1.0,0.7,159,,
1,0.001,-0.002,G,16.0,2.1,1.3,104,,
,-0.001,9.089,G,14.2,0.7,0.6,163,,
,-0.000,12.212,G,15.9,0.9,0.7,65,,
,0.002,-5.626,GPair,,1.5,,,,
2,0.003,-6.606,G,11.6,2.2,1.6,84,,
,-0.000,6.508,G,12.8,1.5,0.9,143,,
2,0.011,-15.527,G,14.4,1.6,0.7,99,,
,-0.007,18.181,G,15.4,0.9,0.3,73,,
,0.004,8.647,G,14.5,0.9,0.6,123,,
,0.005,-15.592,G,14.5,1.0,0.6,92,,
,0.000,4.578,G,13.2,1.6,0.8,29,,
,0.029,5.206,G,14.9,1.2,0.9,133,,
,-0.027,-0.206,G,14.0,1.0,0.5,162,,
,-0.007,-40.637,G,14.9,1.2,0.9,33,,
1,0.015,27.815,G,14.9,0.8,0.4,107,,
,0.001,-10.389,G,12.9,1.0,0.7,160,,
,-0.002,12.093,G,,0.4,0.3,65,,
,-0.001,11.339,GPair,,2.0,,,,
,0.007,-9.271,G,17.1,0.5,0.3,49,,
,-0.001,4.568,G,13.7,0.8,0.7,41,,
1,0.014,-56.372,G,11.0,7.0,3.2,156,,
,-0.009,49.750,G,14.4,0.9,0.9,75,,
,0.000,2.054,G,15.2,0.8,0.8,18,,
,0.002,-14.083,G,11.5,2.5,1.9,95,,
,-0.001,13.234,G,17.2,0.6,0.5,146,,
,0.001,1.096,G,12.1,1.1,0.3,124,,
,-0.001,9.072,G,15.0,0.5,0.2,101,,
,0.005,-18.491,G,17.0,1.0,0.6,91,,
,0.011,-42.500,G,12.3,3.0,1.2,34,,
,-0.010,48.825,G,13.2,1.6,0.7,147,,
,0.001,-11.003,GTrpl,,1.2,,,,
,-0.007,15.766,G,13.5,1.0,0.6,103,,
,0.005,-1.051,G,13.8,1.3,0.7,23,,
,0.004,-0.366,G,,0.7,0.6,125,,
,-0.021,-16.844,G,15.1,0.9,0.5,7,,
1,0.022,25.661,G,15.7,0.3,0.3,90,,
,0.014,-61.006,G,11.3,4.8,1.6,55,,
,-0.008,34.677,G,11.9,2.1,1.0,62,,
,-0.002,16.814,G,14.0,1.0,0.8,91,,
,-0.001,9.464,G,15.5,0.6,0.5,142,,
,0.004,-18.454,G,14.0,1.2,0.6,163,,
,-0.018,7.186,G,15.2,0.4,0.3,102,,
1,0.020,-15.915,G,11.0,5.3,4.5,145,,
1,0.003,16.835,G,14.2,1.4,0.4,19,,
,0.004,1.155,GPair,,1.1,,,,
,0.003,0.680,G,13.1,2.2,0.9,79,,
,-0.001,-2.122,G,12.6,1.7,0.8,139,,
,0.002,0.513,G,12.8,1.6,0.7,3,,
2,0.003,-0.177,G,14.3,0.8,0.3,143,,
1,0.004,-0.233,G,13.9,0.9,0.6,20,,
,-0.006,34.687,G,14.3,1.2,1.0,5,,
,0.007,-34.647,G,11.1,2.5,2.0,30,,
,-0.002,16.015,G,13.4,0.9,0.9,105,,
,0.005,-15.855,G,15.6,0.7,0.2,175,,
,0.021,-70.484,G,14.5,1.4,0.4,61,,
,-0.019,70.514,G,12.8,1.3,0.9,180,,
,-0.002,18.920,G,13.1,1.3,0.9,31,,
,0.002,-10.090,G,12.2,1.5,1.4,35,,
,0.003,-9.009,G,11.1,2.5,2.1,21,,
,0.030,3.676,G,15.1,1.5,0.5,138,,
,-0.026,14.006,G,13.8,1.4,1.1,123,,
,0.006,-24.496,G,14.9,0.9,0.6,179,,
,-0.000,9.994,G,15.5,0.9,0.3,163,,
,0.002,-3.179,G,13.1,1.9,0.8,78,,
,0.010,-50.698,G,12.2,2.6,1.3,96,,
,0.017,-25.174,G,12.7,2.2,1.3,85,,
,-0.022,76.541,G,12.6,1.2,0.9,97,,
,-0.016,52.325,HII,11.0,15.0,8.0,,Bubble Nebula,
,0.030,-90.493,G,14.9,1.0,0.4,31,,
,0.065,-52.631,G,13.2,2.1,1.8,5,,
,-0.065,93.241,GPair,15.5,0.7,0.5,175,,
,0.004,0.044,G,15.9,0.7,0.6,141,,
,-0.012,29.472,G,11.0,8.1,1.7,167,,
1,0.014,-39.402,G,14.7,0.5,0.5,65,,
,-0.001,10.546,G,13.2,1.5,0.8,44,,
1,0.015,-41.377,G,13.8,1.6,1.1,1,,
,0.006,17.527,G,14.0,1.0,0.5,135,,
,-0.003,28.638,G,12.9,1.8,0.9,176,,
,-0.001,-7.110,G,12.9,1.6,1.0,84,,
,0.008,4.980,G,13.6,1.6,1.0,76,,
,0.017,-72.438,G,12.8,1.4,0.6,149,,
,-0.016,71.761,GPair,,1.1,,,,
,0.020,-71.857,G,14.5,1.2,0.8,92,,
,-0.013,73.163,G,12.7,1.6,1.4,172,,
,-0.001,46.317,OCl,6.9,9.9,,,,
,0.033,-129.621,G,14.2,0.8,0.7,78,,
,-0.037,48.969,G,14.5,1.0,0.3,34,,
,0.038,-38.747,G,15.0,1.5,0.4,110,,
,-0.007,18.584,GPair,,1.5,,,,
,-0.008,53.432,G,14.8,1.0,0.4,109,,
,-0.002,12.820,G,12.7,1.9,0.7,26,,
,0.024,-92.300,G,14.1,1.8,1.2,26,,
,-0.022,107.805,PN,8.3,0.3,,,Copeland's Blue Snowball,
,0.014,-47.502,G,17.4,0.4,0.3,2,,
,-0.002,30.047,G,12.7,1.5,0.9,88,,
,0.010,-34.467,G,14.2,0.8,0.7,15,,
1,-0.048,9.279,G,14.6,1.1,0.3,80,,
3,0.049,12.575,G,12.8,1.4,0.7,137,,
,0.004,-0.082,G,14.0,0.8,0.6,60,,
,0.002,11.204,G,12.8,1.0,0.4,123,,
,0.005,-14.810,G,14.2,1.1,1.0,165,,
,0.002,-0.010,G,14.7,0.8,0.5,43,,
,0.016,-68.486,G,13.5,2.1,0.7,86,,
,-0.016,83.248,G,13.2,1.1,0.6,29,,
,0.006,-1.110,G,12.1,2.0,1.5,17,,
,0.006,-18.910,G,13.2,1.2,0.8,86,,
,-0.004,28.905,G,12.5,1.7,1.7,45,,
,0.006,-15.106,G,14.7,1.4,0.7,63,,
,0.002,-13.777,G,13.9,1.1,1.1,160,,
,0.000,7.912,G,12.6,2.0,0.9,140,,
,0.025,-11.364,G,14.3,1.6,0.5,18,,
,0.000,3.821,G,13.2,1.7,1.2,174,,
,-0.007,45.232,OCl,5.6,3.6,,,,
,0.013,-45.587,G,14.9,1.1,0.9,88,,
,0.003,17.865,G,15.4,0.9,0.7,95,,
,0.037,-75.506,G,10.8,3.1,2.0,141,,
,-0.004,2.396,G,12.3,2.2,0.8,130,,
,-0.011,67.546,G,12.8,1.7,1.4,161,,
,0.006,-21.445,G,14.8,0.5,0.4,77,,
,0.007,4.305,G,14.6,0.8,0.5,171,,
,0.001,-1.411,G,13.9,1.4,0.8,92,,
,0.000,-0.017,G,15.9,0.6,0.3,68,,
,0.010,7.591,G,14.8,0.8,0.4,100,,
,0.017,-70.267,G,14.3,1.7,0.4,86,,
,-0.014,90.341,G,14.6,1.1,0.8,171,,
,0.007,-27.844,G,15.7,0.7,0.4,97,,
,0.001,-0.055,G,15.0,2.0,0.4,155,,
,0.000,0.100,G,14.4,1.2,0.8,8,,
,0.016,-53.158,G,12.2,2.1,1.1,118,,
,-0.011,72.088,G,14.7,2.2,0.4,145,,
,0.004,-11.178,G,15.0,1.1,0.8,71,,
,0.000,-0.094,G,15.5,0.6,0.4,105,,
,0.002,0.160,G,14.5,1.1,0.9,123,,
,-0.005,39.340,G,14.7,1.4,1.0,20,,
,0.003,28.529,OCl,,5.1,,,,
,0.007,-89.538,G,13.6,2.2,0.4,69,,
,0.005,13.824,G,14.8,1.2,0.5,134,,
,-0.002,18.183,G,12.2,2.4,0.9,93,,
,0.004,8.317,G,13.8,0.9,0.7,109,,
,0.006,-61.557,G,11.2,4.9,2.1,170,,
,-0.000,40.093,G,13.6,2.2,1.6,8,,
,0.002,0.002,G,14.2,2.1,0.4,79,,
,0.003,-1.860,G,12.2,1.8,1.3,34,,
,0.020,-15.415,G,13.8,1.7,1.3,5,,
,0.006,40.838,G,15.2,1.0,0.8,153,,
,-0.001,-48.694,G,15.1,0.9,0.5,51,,
,0.007,50.005,GPair,,1.2,,,,
,0.006,-33.549,G,11.7,3.1,0.8,16,,
,-0.002,22.473,G,13.5,2.1,1.6,148,,
,0.004,-28.916,G,11.2,3.3,2.3,55,,
,0.003,0.737,G,13.8,1.5,1.0,45,,
,0.002,7.685,G,14.8,0.9,0.7,96,,
,-0.001,31.654,G,15.0,1.4,0.6,64,,
,0.012,-39.408,G,10.6,3.6,2.8,27,,
,0.002,39.427,G,14.1,1.4,1.1,78,,
,0.009,2.054,G,14.4,1.7,0.6,7,,
,0.003,-49.697,G,14.4,0.8,0.3,135,,
,0.012,24.249,G,13.5,1.1,0.8,79,,
,0.002,-0.015,G,13.9,1.5,0.5,92,,
,0.016,-69.681,G,14.3,1.3,0.6,104,,
,0.003,0.011,G,13.1,1.4,1.0,144,,
,-0.007,92.177,G,14.9,1.4,1.1,86,,
,0.002,-45.684,G,12.9,1.7,1.5,77,,
,0.006,46.505,G,14.7,1.1,0.5,146,,
,0.021,-26.536,G,14.2,1.2,0.6,55,,
,0.008,-0.197,G,14.9,0.8,0.7,92,,
,-0.016,26.992,G,14.9,1.1,0.7,140,,
,0.006,-1.236,G,11.3,3.6,2.4,158,,
,0.006,-15.309,G,11.6,1.7,1.6,15,,
,0.001,-0.833,G,12.4,2.6,2.2,86,,
,0.011,-52.845,G,11.8,2.5,2.1,109,,
,-0.004,68.820,G,16.6,0.7,0.7,170,,
,0.010,-27.594,G,14.4,1.2,0.8,164,,
,0.003,29.046,G,14.4,1.4,0.5,38,,
1,0.004,-56.879,G,15.2,1.8,1.2,33,,
,0.014,33.318,G,12.9,1.5,0.7,175,,
,0.006,3.062,G,13.9,1.5,1.4,115,,
,-0.000,22.597,G,14.2,0.9,0.5,106,,
,0.002,0.024,G,13.3,2.0,0.5,61,,
,0.035,-46.084,G,15.0,0.7,0.3,132,,
,-0.022,-13.921,G,11.7,3.7,2.3,27,,
1,0.015,34.693,G,12.8,1.8,1.3,108,,
,0.002,-26.195,G,15.5,0.8,0.5,108,,
,0.000,5.483,G,13.9,1.5,1.1,103,,
,0.005,47.524,G,14.7,1.1,1.1,0,,
,0.038,-44.365,G,14.1,1.2,1.1,68,,
,-0.024,81.420,OCl,,6.5,,,,
,0.004,-84.628,G,15.2,0.7,0.4,161,,
,0.010,-24.138,G,12.2,1.9,1.4,146,,
,-0.000,67.894,G,15.7,0.7,0.5,113,,
,0.001,-0.040,G,16.2,0.9,0.2,31,,
,-0.000,-0.039,G,14.1,1.1,0.2,141,,
,0.001,0.060,G,12.3,1.5,0.9,57,,
,0.001,-6.997,G,11.8,1.8,0.7,85,,
,0.005,-0.053,G,13.8,1.0,0.8,105,,
,0.001,0.015,G,12.1,2.5,1.2,68,,
1,0.012,11.165,G,14.4,1.1,1.0,50,,
,0.001,-19.807,GPair,,1.2,,,,
,0.003,17.303,G,13.8,1.0,0.8,28,,
,0.032,-42.359,G,14.8,1.0,0.4,154,,
,-0.018,41.869,G,14.5,1.3,0.7,48,,
,0.002,-20.412,G,12.8,1.0,1.0,55,,
,0.002,0.005,G,12.7,1.5,1.1,5,,
,0.001,0.242,G,13.9,1.0,0.5,0,,
,0.004,-0.258,G,13.9,1.1,0.2,10,,
,0.002,0.111,G,12.2,2.4,1.4,175,,
,0.005,-7.591,GPair,,1.9,,,,
,0.017,21.382,G,15.6,0.7,0.6,114,,
,0.002,-15.846,G,11.6,1.9,1.1,142,,
,0.001,15.672,G,13.9,0.6,0.3,7,,
,0.013,-21.039,G,15.3,1.1,0.4,95,,
,0.010,60.851,OCl,9.4,2.4,,,,
,0.011,-4.692,OCl,6.7,14.4,,,,
,0.016,4.500,OCl,8.5,3.6,,,,
1,-0.005,-44.707,G,14.8,0.8,0.8,95,,
,-0.004,-49.092,G,9.3,10.4,6.0,89,,
,0.012,43.319,G,13.7,1.2,0.7,10,,
,0.001,49.307,OCl,,2.2,,,,
,0.006,-115.493,G,11.5,2.7,2.4,178,,
,0.000,59.093,G,14.8,0.9,0.8,35,,
,0.007,17.115,G,12.3,1.4,1.3,100,,
1,0.003,-5.944,G,13.3,1.7,0.7,45,,
,-23.987,35.939,OCl,,4.2,,,,
,0.011,-44.503,G,14.6,1.2,0.8,53,,
,0.005,6.869,G,14.1,0.9,0.5,80,,
1,0.002,18.323,G,13.3,1.4,0.7,47,,
,0.001,0.008,G,14.3,1.2,0.7,20,,
,-0.018,-50.284,G,15.6,0.7,0.6,35,,
,0.052,8.097,G,15.3,1.1,1.0,60,,
,-0.023,13.686,G,15.1,0.5,0.4,65,,
,0.003,10.031,G,14.3,1.0,0.6,78,,
,0.002,-9.620,G,14.7,0.4,0.4,130,,
,0.007,-37.588,G,14.0,1.1,0.7,112,,
,0.021,22.252,G,15.0,0.8,0.3,158,,
,-0.015,28.129,G,10.6,4.4,1.9,135,,
1,0.010,-8.666,G,13.9,1.6,1.5,105,,
,0.002,13.273,G,12.1,3.3,0.7,46,,
,0.003,-13.373,G,15.1,0.9,0.8,162,,
,0.004,24.093,G,13.6,1.4,0.8,97,,
,0.002,-26.272,G,13.8,1.5,0.6,167,,
,0.013,-21.677,G,13.8,1.1,0.4,116,,
,-0.028,83.639,HII,,20.0,4.0,,,
,0.019,-129.224,G,13.5,1.1,0.7,30,,
,0.006,68.982,G,14.4,1.6,1.0,151,,
,0.000,-1.716,G,15.4,0.9,0.4,134,,
1,0.006,0.018,G,14.5,1.3,1.2,40,,
,0.017,-18.638,G,13.9,2.1,0.8,137,,
,0.000,-0.005,G,13.9,2.1,0.8,110,,
1,0.014,46.030,G,13.3,1.8,0.4,40,,
,-0.014,-36.325,G,13.6,1.7,0.4,23,,
1,0.003,12.084,G,15.3,0.9,0.8,16,,
,0.002,0.058,G,15.5,0.6,0.2,150,,
,0.021,24.645,G,13.7,0.9,0.4,133,,
,-0.020,-24.720,G,16.7,0.7,0.4,169,,
,0.001,-0.000,G,15.2,1.3,0.6,93,,
1,0.004,0.033,G,16.5,0.7,0.5,127,,